Rank,TeamId,TeamName,LastSubmissionDate,Score,SubmissionCount,TeamMemberUserNames
1,953830,"Michael Jahrer","2017-11-29 08:57:56",0.29698,83,mjahrer
2,953217,三个臭皮匠还是打不过诸葛亮,"2017-11-29 21:08:27",0.29413,231,"kelexu,qqgeogor,xiaozhouwang"
3,1056351,utility,"2017-11-29 22:19:31",0.29271,12,utility
4,963049,"Dmitriy & Alan","2017-11-29 23:41:46",0.29249,92,"alanfeder,dmitriyguller"
5,953372,"Encik Besi","2017-11-29 22:52:56",0.29228,47,weilunwong
6,954184,"Guanshuo Xu","2017-11-29 22:07:48",0.29221,58,wowfattie
7,1064430,"Evgeny Patekha","2017-11-29 21:52:57",0.29190,65,johnpateha
8,971146,MSChuan-ironbar,"2017-11-29 05:36:20",0.29189,252,"ironbar,telepathize"
9,983322,"Mario Filho | KazAnova | Faron","2017-11-29 23:52:33",0.29185,107,"kazanova,mariofilho,mmueller"
10,996972,Fatima-ZohraBenabdelkrim,"2017-11-24 14:46:16",0.29185,24,fzb1993
11,964210,☃,"2017-11-26 23:59:19",0.29180,4,takagiwa
12,957013,摇一摇水蜜桃屁股,"2017-11-29 13:05:17",0.29177,227,"lessonnair,lhohoz"
13,953303,ASG,"2017-11-29 16:17:09",0.29173,232,"citrinitas,hitman47,sergeifironov"
14,965648,nicolaswesner,"2017-11-29 22:34:12",0.29172,257,"nicomz,whazba"
15,954468,"Incorrigible Overfitter","2017-11-29 17:30:12",0.29171,171,erniechiew
16,984431,"Philip Wahrlich","2017-11-29 21:40:12",0.29170,71,philipwahrlich
17,1040305,Kruegger,"2017-11-28 19:08:39",0.29167,112,kruegger
18,953822,Anatidaephobia,"2017-11-29 21:31:28",0.29166,111,aquatic
19,988255,"Thenga Remix","2017-11-29 22:40:58",0.29154,244,"chechir,fangxiaolan,mjguan927,sanarasheed,sasrdw,zusmani"
20,962779,"Jacek Poplawski","2017-11-27 20:50:53",0.29153,115,jacekpoplawski
21,1008047,"dream of gini?","2017-11-29 20:32:21",0.29149,288,"aharless,justfor,loldataset,steelrose"
22,960644,"Akvelon Team","2017-11-29 10:27:44",0.29149,249,"dergolka,goodguy1917,ihelon,isaienkov,pluchme"
23,964739,"One Old Dog","2017-11-29 23:03:24",0.29144,158,dslate
24,1007684,"Team - APL","2017-11-29 11:48:14",0.29136,207,"adeelrafique,aitzazali,awaisshah,i100180,nuhsikander,zunair101"
25,997796,"Sabber Ahamed","2017-11-29 07:32:00",0.29132,20,msahamed
26,954023,TSI,"2017-11-29 01:05:17",0.29130,262,"lucianocarlos,rafjaa"
27,953171,Faggie,"2017-11-29 12:28:32",0.29127,159,"autumnwmc1995,cczaixian,chongyu,liyuanjie,yanyang729"
28,1014444,"Jin Liu","2017-11-29 05:33:07",0.29125,140,jinliu
29,953351,"Car accident?  Which Car accident?","2017-11-29 23:37:31",0.29122,170,cpmpml
30,1000855,"Vlad Golubev","2017-11-29 23:53:54",0.29116,144,golubev
31,1039808,"Hugo Touvron","2017-11-22 18:46:27",0.29116,35,"aurianebugnet,bouvier,hugotouvron"
32,1001862,SberML,"2017-11-29 22:38:27",0.29115,228,"alexryzhkov,chesnokov"
33,956228,"Overdrive waiver","2017-11-27 06:41:03",0.29113,201,ogrellier
34,965981,"Kenneth Lim","2017-11-29 00:50:00",0.29111,112,kennethlimjf
35,962367,"Let's Overfit","2017-11-29 00:13:21",0.29108,99,"damonchen,ymcdull"
36,962281,Evdilos_Ikaria,"2017-11-29 16:45:23",0.29108,144,georgem
37,995175,kesssssss,"2017-11-29 21:47:52",0.29104,160,"kesjien,svyatoslavk"
38,975520,Tilii,"2017-11-29 23:39:11",0.29104,182,tilii7
39,953368,NejuMixwell,"2017-11-29 23:23:09",0.29101,252,"maxwell110,nejumi"
40,969726,"Trash Science","2017-11-29 16:35:19",0.29101,168,"del=bda70661ceb2e244,digitalchaos666,timon88"
41,1030114,"John Ma","2017-11-29 19:41:13",0.29100,113,johnma
42,954261,"Can not reproduce my result...","2017-11-29 23:25:39",0.29100,40,randxie
43,981931,"chicken dinner","2017-11-29 14:58:10",0.29099,187,"robotcator,xingzhangren"
44,1121904,"Marcello Azambuja","2017-11-29 19:52:46",0.29098,6,azamba
45,1083231,seaplusplus,"2017-11-29 23:13:04",0.29098,13,seaplusplus
46,998191,"Team name is already in use","2017-11-25 00:23:24",0.29097,100,a1339398734
47,954209,taketaraketake,"2017-11-25 12:34:42",0.29096,113,alekcei15
48,1004516,S.Iqbal,"2017-11-29 09:28:13",0.29095,65,shiqbal
49,970815,"Dr. Fuzzy","2017-11-23 10:39:26",0.29090,32,drfuzzy
50,963232,"Witold O","2017-11-29 22:42:33",0.29089,46,witeko
51,977315,WorkForFood,"2017-11-29 17:30:48",0.29086,33,newintown
52,978388,trisolaran,"2017-11-01 20:29:38",0.29084,87,trisolaran
53,969324,"Perda Total!","2017-11-29 23:55:54",0.29084,103,"jordanmeyer,titericz"
54,1010510,infdepth,"2017-11-29 18:07:02",0.29083,45,infdepth
55,964337,Jebq,"2017-11-29 00:57:17",0.29083,88,jeabat
56,961429,"50% Kernel 50% Selfmade","2017-11-26 03:33:55",0.29081,106,ryanzhang
57,1000682,bernhard1,"2017-11-29 08:55:43",0.29081,26,bernhard1
58,976459,"Training for the End","2017-11-29 21:20:18",0.29081,64,mmotoki
59,965872,Cool_name_pending,"2017-11-24 13:52:39",0.29080,107,"astrus,eliotbarr,otmanesakhi"
60,1011439,Ray,"2017-11-29 04:40:22",0.29080,16,raytrace
61,1015302,"Oh . No","2017-11-29 02:45:04",0.29079,56,gerryl
62,972432,"YaGana Sheriff-Hussaini","2017-11-29 23:57:23",0.29079,169,sheriytm
63,963323,Janelu,"2017-11-29 22:04:24",0.29079,59,janelu
64,953715,FabienDaniel,"2017-11-26 09:39:05",0.29079,203,fabiendaniel
65,954477,weekend,"2017-11-29 16:50:15",0.29078,53,weekend007
66,957837,Richard,"2017-11-29 19:34:05",0.29076,196,richard2
67,1003535,Btbpanda,"2017-11-29 20:15:00",0.29076,32,btbpanda
68,1120482,NoFreeLunch,"2017-11-29 11:44:57",0.29075,22,xiha666
69,954156,"Oscar Takeshita","2017-11-29 22:04:43",0.29075,173,pliptor
70,1000345,den3b,"2017-11-29 17:38:00",0.29074,68,den3b81
71,996460,ShinnaMashiro,"2017-11-29 22:40:36",0.29074,15,shinnamashiro
72,1032411,"Way Down We Go","2017-11-29 02:10:25",0.29072,185,"aerohack,amlanpraharaj,somnathsarkar"
73,961202,SmarteDaten,"2017-11-22 21:50:49",0.29072,7,smartedaten
74,996935,Vico,"2017-11-02 12:46:37",0.29072,47,vicomedina
75,954982,khattab,"2017-11-26 19:25:24",0.29072,30,khattab34
76,1096134,jingjuewang,"2017-11-29 22:57:10",0.29071,18,juejuewang
77,954269,makio323,"2017-11-29 14:31:44",0.29071,78,makio323
78,987827,dz,"2017-11-27 11:31:34",0.29071,153,"kianicky,zhengwy"
79,965026,zeming,"2017-10-28 20:00:04",0.29071,46,zemingy
80,953449,"James Trotman","2017-11-29 18:14:32",0.29071,39,jtrotman
81,1089354,dutxubo,"2017-11-20 11:31:09",0.29069,23,dutxubo
82,968454,ajnisbet,"2017-11-28 17:38:28",0.29069,120,ajnisbet
83,1007706,lance,"2017-11-29 22:29:55",0.29069,112,lancerane
84,984829,如果我有时间,"2017-11-27 14:08:41",0.29067,18,huangjsmass
85,979574,"GG Team","2017-11-28 09:33:16",0.29067,100,"hoanguyen811,mathormad"
86,1023876,my_life_as_an_underfitter,"2017-11-20 16:40:49",0.29066,31,iamgrooot
87,1049335,mihu123,"2017-11-29 17:01:28",0.29066,22,mihu123
88,953576,"Vlad Balanda","2017-11-23 07:57:12",0.29065,175,bankhv
89,968292,yliu,"2017-11-28 14:46:45",0.29065,124,yliu9999
90,957580,"Bernd Allmendinger","2017-11-26 10:01:47",0.29064,26,allmendinger
91,1106419,"K∀GGL∃ club","2017-11-29 22:13:40",0.29063,17,"immortalturtle,sergeyspbu16,sokolovyaroslav"
92,964780,BLACKMAMBA,"2017-11-29 11:03:19",0.29062,12,minglibrian
93,1088201,"little white","2017-11-29 22:58:57",0.29062,15,qiqi1232000
94,1061678,boussoffara,"2017-11-22 17:31:26",0.29061,34,boussoffara
95,1073451,taiden,"2017-11-11 17:30:06",0.29061,3,taiden
96,953488,"Porto Osago","2017-11-29 20:35:29",0.29060,159,"altkirill,nvarganov"
97,1005860,AR88,"2017-11-27 08:11:43",0.29060,5,akyr88
98,953352,autopilot,"2017-11-14 22:27:55",0.29059,103,zhugds
99,968404,Teitlax,"2017-11-29 07:27:23",0.29059,163,teitlax
100,953927,MA,"2017-11-29 22:32:00",0.29058,101,mathurinache
101,1118737,"yento + yeyig","2017-11-29 02:04:52",0.29058,33,ytorresi
102,965540,pkj,"2017-11-29 19:16:06",0.29057,132,pkjadia
103,1071684,RunningZ,"2017-11-29 01:42:27",0.29057,11,runningz
104,1047968,Mario&Cappy,"2017-11-29 18:04:37",0.29057,10,"atlasgcx,lanyue"
105,1036616,sugawarya,"2017-11-29 15:50:28",0.29057,13,sugawarya
106,1122497,"Oleg Chislov","2017-11-29 19:35:32",0.29056,30,chislov
107,963676,catherinexin88,"2017-11-29 03:24:11",0.29056,67,"catherinexin88,changyaochen,jingfeijia"
108,1023548,Vakha,"2017-11-26 00:32:18",0.29056,24,panda06
109,1018133,poteman,"2017-11-27 08:20:35",0.29056,17,poteman
110,1111269,eugenefinch,"2017-11-27 15:14:19",0.29056,10,eugenefinch
111,959213,Larxel,"2017-11-29 17:00:14",0.29055,28,andrewmvd
112,984204,"Chetan Bhat","2017-11-28 13:34:23",0.29055,128,chetan0403
113,956234,"The BFT","2017-11-29 20:10:35",0.29055,140,"andytucker,aravindl,ashleyrobinson,callumshaw,debdutta,debnomics,desk165,dobbsy101,easterbunny,edwingraham,jlomond,jwhamilton,nigelcarpenter,overdose,russellgreen,sameermehra,sixianghu,tojyouso"
114,1004065,"Mikhail Artukhov","2017-11-29 23:43:26",0.29054,28,martukhov
115,1006386,Obsidian,"2017-11-29 06:37:17",0.29054,16,bowenzhi
116,996117,cherryunix,"2017-10-30 00:46:28",0.29053,8,cherryunix
117,962876,namakemono,"2017-11-29 21:47:28",0.29052,37,namakemono
118,954942,4ui_iurz1,"2017-11-29 06:49:58",0.29052,125,uiiurz1
119,969921,"Robin Le Guen","2017-11-24 18:50:55",0.29052,93,robinlg
120,996279,liuyongqi,"2017-11-08 08:18:02",0.29052,39,baodier
121,954387,extremin,"2017-11-15 11:32:41",0.29052,53,extremin
122,963428,"Daniel Burrueco","2017-11-29 10:32:36",0.29052,206,danielburrueco
123,968380,"Gabriel Iuhasz","2017-11-29 18:45:07",0.29052,96,igabriel85
124,1067624,"[Deleted] 830d57f0-197a-4a9a-bb47-7d9b324b2fa0","2017-11-29 10:01:32",0.29051,50,del=7b04ba81f60d8d72
125,1041143,damnguychen,"2017-11-29 09:10:51",0.29051,11,damnguychen
126,956328,622B,"2017-11-29 16:04:30",0.29051,126,"jingyu9575,renzhiwu"
127,1005623,JdPaletto,"2017-11-29 19:54:39",0.29051,61,jdpaletto
128,989763,DSK,"2017-11-29 02:48:05",0.29050,21,cowking
129,1116735,Learnmower,"2017-11-29 22:10:42",0.29049,35,learnmower
130,1065659,"from random import random","2017-11-29 17:19:11",0.29049,44,nishkgp
131,1031458,bigzhao,"2017-11-29 08:47:21",0.29049,86,bigzhao
132,1079667,ssdutzs,"2017-11-29 23:58:53",0.29049,36,ssdutzs
133,1028421,AndreyGo,"2017-11-29 07:57:06",0.29049,75,andgo777
134,953190,"Denis Vlasov","2017-11-29 20:32:03",0.29049,37,curlyb
135,1081243,anttip,"2017-11-27 06:54:25",0.29048,15,anttip
136,954084,siero,"2017-11-28 00:53:26",0.29048,69,siero5335
137,958545,"Peter Klauke","2017-11-29 11:15:44",0.29048,100,pepeeee
138,995015,Wyber,"2017-11-29 23:56:15",0.29048,78,"autumnhqw,katarina12138,wenbozhao,xiachuyu"
139,1016101,xbf6xbf,"2017-11-29 09:25:22",0.29047,130,xbf6xbf
140,953876,"Hakim Idjis","2017-11-29 23:47:43",0.29047,84,hakimi
141,974213,"Igor Praznik","2017-11-29 16:35:33",0.29047,62,praznik
142,956495,kkk,"2017-11-28 15:25:53",0.29047,45,yskn67
143,996306,F&H,"2017-11-29 10:03:53",0.29047,57,"fengari,hhyhhyhy"
144,969651,"Pushkar Bhanu","2017-11-28 07:26:31",0.29047,3,pushkarbhanu
145,953184,slonoslon,"2017-11-29 21:53:53",0.29046,62,slonoslon
146,957392,"Alexander  Larko","2017-11-23 07:58:58",0.29046,106,alexxanderlarko
147,1097534,ixtora,"2017-11-29 18:39:59",0.29046,38,ixtora
148,1018632,Oleg,"2017-11-28 12:18:49",0.29045,13,olegtimofeev
149,961815,yasser.abbass,"2017-11-19 20:13:03",0.29045,111,yasserabbass
150,960266,"Jason Liu","2017-11-29 22:29:54",0.29045,46,jiashenliu
151,1012047,"Akshansh Chahal","2017-11-29 17:11:41",0.29044,19,akshanshchahal
152,955141,fakeplastictrees,"2017-11-28 22:19:00",0.29044,26,fakeplastictrees
153,1064117,Yuan,"2017-11-29 08:56:54",0.29043,29,"hzy461,liujingyuan,tianxiaohu"
154,1007982,christorreslugo,"2017-11-03 21:56:52",0.29043,10,christorreslugo
155,955036,CHIRUNO⑨,"2017-11-25 15:19:29",0.29043,75,johnfarrell
156,983825,newebug,"2017-11-29 17:08:45",0.29043,60,newebug
157,956664,"Pierre Sardin","2017-11-29 22:30:14",0.29043,114,psardin
158,1067309,Panjtan,"2017-11-29 08:35:23",0.29043,36,panjtan
159,977817,"Ramanjot Bhatia","2017-11-29 16:53:14",0.29043,25,rjsbhatia
160,1002712,"Roland Luethy","2017-11-27 06:10:24",0.29042,24,rluethy
161,975076,flyer,"2017-11-29 18:31:00",0.29042,11,flyer05
162,956991,Ivanhoe,"2017-11-26 08:56:48",0.29042,181,ivanhoe
163,1006351,SLLM,"2017-11-29 21:58:38",0.29042,80,"louis925,luyaoxu,mcchiu,skyhuang"
164,990549,"white sugar","2017-11-29 23:53:27",0.29041,142,"heatonlwm,liangyidan"
165,1004245,"Lei Ding","2017-11-28 15:14:55",0.29041,25,bigding
166,1002189,"Kjetil Åmdal-Sævik","2017-11-08 18:15:13",0.29041,33,keegil
167,953545,"Vladimir Demidov","2017-11-29 23:57:08",0.29041,237,yekenot
168,962286,"Emanuel Cruvinel","2017-11-12 20:46:52",0.29040,48,emanuelcruvinel
169,995323,"Dominic Brassard","2017-11-26 00:47:14",0.29040,141,dbrassard
170,993421,FrancisGeek,"2017-11-13 06:26:33",0.29040,22,francisgeek
171,953260,"Pedro Schoen","2017-11-25 11:14:45",0.29040,77,pedroschoen
172,954809,CLOT-SALUTE,"2017-11-29 02:06:51",0.29040,274,"leslieyan,yiheng,zeonsunlight"
173,967819,"Maciej Kondrat","2017-11-29 17:08:36",0.29040,44,tarpalsus
174,962769,Victor.Z,"2017-11-29 23:50:39",0.29040,47,chopinn1810
175,953647,Serigne,"2017-11-28 22:04:07",0.29039,73,serigne
176,955956,"Mohan Wu","2017-11-16 04:21:44",0.29039,139,mohanwu
177,958510,vecxoz,"2017-11-29 23:48:07",0.29039,119,vecxoz
178,959493,LuanSouza,"2017-10-30 14:30:54",0.29039,4,luanjs
179,968841,"André Costa","2017-11-29 01:39:49",0.29038,95,andrecosta
180,953451,"Vladimir Merkulov","2017-11-28 20:12:52",0.29038,76,vladimirmerkulov
181,1045199,rahenri,"2017-11-22 21:24:49",0.29037,32,rahenri
182,1030685,"Prince Grover","2017-11-29 05:40:48",0.29037,18,grroverpr
183,954519,楼上的给我站住！,"2017-11-29 10:08:20",0.29037,258,"jianil726,nickycan"
184,1139013,www.fataliyev.com,"2017-11-28 12:39:58",0.29036,2,fvzaur
185,1060344,MichaelS,"2017-11-29 13:25:00",0.29036,25,michaelsnell
186,1009865,BarathiGaneshHB,"2017-11-29 09:00:34",0.29036,10,rbg143
187,1011581,Nishad,"2017-11-28 07:18:52",0.29036,4,nishadc
188,993547,"Rafal Jankowski","2017-11-19 15:18:48",0.29036,28,rafaljankowski
189,1045963,Rahma,"2017-11-29 18:24:36",0.29036,57,rahmaa
190,955842,Narek,"2017-10-14 07:49:51",0.29035,32,dnarek
191,1026452,"Esfandiar Alizadeh","2017-11-29 23:43:37",0.29035,43,idontcare
192,953489,"Andrew Tulyakov","2017-11-24 10:03:28",0.29034,56,mhyhre
193,1005570,apoorvc,"2017-11-29 23:19:31",0.29034,19,apoorvc
194,963219,MEC,"2017-11-29 23:57:55",0.29034,77,"jibybabu,sherinanna"
195,1120859,BRDR,"2017-11-29 09:24:44",0.29034,3,boarder
196,1044660,无辜村民,"2017-11-29 23:20:40",0.29034,50,"lolalola,meseason,yuyimiao"
197,983332,TianyuWu,"2017-11-05 23:10:25",0.29034,8,wuty11ucla
198,961715,onthehilluu,"2017-11-29 17:13:38",0.29034,42,newtohere
199,1118892,"Arseny Kravchenko","2017-11-27 07:22:42",0.29033,7,arsenyinfo
200,1012197,"Parindsheel Singh","2017-11-26 06:30:52",0.29033,16,psdhillon
201,965160,tekrei,"2017-11-21 21:15:35",0.29033,37,tekrei
202,1072445,fmind,"2017-11-29 01:32:05",0.29033,29,frostymind
203,970079,"Fabio Luciani","2017-11-29 12:00:52",0.29033,195,fabioluciani
204,1027284,fantasycheng,"2017-11-28 13:24:58",0.29032,29,fantasycheng
205,1002031,Kostadinov,"2017-11-29 16:17:26",0.29032,91,freeman89
206,960350,"Daniel Sánchez","2017-11-29 15:28:32",0.29032,97,danielsanchez
207,1041893,sonny.ai,"2017-11-29 01:18:05",0.29032,101,sonnyai
208,968236,Jokus,"2017-11-27 06:53:20",0.29032,40,jokuspokus
209,959835,Nandanam,"2017-11-29 16:09:10",0.29032,94,nandanam
210,997479,jeremie_db,"2017-11-26 22:00:13",0.29032,16,jeremiedb
211,954941,default,"2017-11-29 15:45:34",0.29031,6,kashnitsky
212,987049,NANSHOU,"2017-11-29 10:42:10",0.29031,138,"awangntu,dsq19931221,jiangfeiyue"
213,1036764,xargs,"2017-11-26 07:54:45",0.29031,33,"dmklxv,dtsess"
214,1001602,"Adel Valiullin","2017-11-29 22:11:14",0.29031,107,mystery
215,954812,"Arthur ","2017-11-29 19:46:18",0.29031,26,arthurllau
216,981745,"Travel Bros","2017-11-29 22:00:01",0.29031,252,"juniorcompressor,sandiago21"
217,1047682,Lingzhi,"2017-11-29 17:07:50",0.29031,15,vrtjso
218,1044004,"Safe Driving Prediction","2017-11-28 00:20:46",0.29030,71,"sihaodi,woshizk,xiaofeifei"
219,1007902,"Dmitry Andreev","2017-11-28 19:27:20",0.29030,19,admitry
220,1036619,peaRrrr,"2017-11-29 15:58:52",0.29030,26,pearrr
221,1081201,Mooogy,"2017-11-23 07:32:06",0.29030,8,songkaii1992
222,1048492,"Robel Denu (iRobel)","2017-11-29 10:09:17",0.29029,14,irobel
223,1016469,CJLH,"2017-11-29 20:03:44",0.29029,29,"chuckjia,haifeng92"
224,1121170,Xiaowu,"2017-11-29 22:43:28",0.29029,2,cibifang
225,959087,"Leandro dos Santos Coelho","2017-11-29 15:44:19",0.29029,232,del=cca345899d608f0a
226,1015546,"Peyman Sheikholharam","2017-11-29 06:41:33",0.29029,95,peeyman
227,1028789,diao,"2017-11-15 17:06:21",0.29029,31,toubasn
228,1034595,GreenArrow,"2017-11-29 05:49:34",0.29029,13,greenarrow22
229,982540,alijs,"2017-11-28 22:07:00",0.29028,66,alijs1
230,1038240,areeves87,"2017-11-13 05:16:27",0.29028,48,areeves87
231,953395,"Nabin Sharma Rijal","2017-11-29 22:17:57",0.29027,51,nabinn
232,967208,carl,"2017-11-12 16:49:49",0.29027,53,jiweiliu
233,1033089,suraj,"2017-11-29 11:56:13",0.29027,10,surajdeshmukh
234,1070783,"Alex Shvets","2017-11-29 21:55:25",0.29027,82,shvetsiya
235,957544,"Reynald & Pascal & longint","2017-11-29 07:00:40",0.29027,260,"longint,phul65,reynaldriviere"
236,953584,"Dutchak Vitalij","2017-11-04 20:43:01",0.29027,51,butbka
237,1023520,fabiojanes,"2017-11-15 17:32:25",0.29026,4,fabiojanes
238,962381,clustifier,"2017-11-28 19:12:57",0.29026,30,clustifier
239,988154,little_snail,"2017-11-29 23:36:47",0.29026,101,blackboards
240,974095,"daishu and kaola","2017-11-28 08:41:35",0.29026,116,"daishu,kukaola"
241,1028970,bongusta,"2017-11-28 21:17:06",0.29026,38,bonga1
242,1109409,"John Doge","2017-11-29 19:27:02",0.29026,18,spacedoge
243,964405,KGPian,"2017-11-22 05:06:08",0.29026,52,del=c45d77128ec01189
244,977674,arfa,"2017-11-28 14:49:01",0.29026,50,rarfua
245,954150,SY,"2017-11-13 21:19:08",0.29025,97,ccccat
246,997305,nouka,"2017-11-29 23:55:29",0.29025,20,michaelibrahim
247,1098632,DeepVoltaire,"2017-11-29 23:51:07",0.29025,9,voltaire
248,1123362,qbit271,"2017-11-29 23:09:15",0.29025,8,qbit271
249,977328,Scalpel,"2017-11-28 22:22:33",0.29025,18,lianglt
250,987884,changingivan,"2017-11-29 11:12:55",0.29025,22,changingivan
251,956200,bk0000,"2017-11-26 10:21:52",0.29025,133,bk0000
252,979403,Daria,"2017-11-28 14:40:34",0.29024,28,akselle
253,1007377,"Learner !!","2017-11-29 19:40:47",0.29024,73,gaurav2555
254,1010197,liangxingxng,"2017-11-28 15:18:28",0.29023,56,chengnanlaoboai
255,1033614,Alvira,"2017-11-29 04:10:36",0.29023,22,alvira12
256,972979,"Vijay Bhasker Reddy","2017-11-25 02:12:56",0.29023,17,vijaybhaskerreddy
257,969857,PS,"2017-11-29 09:55:58",0.29023,88,"puneetjain159,saurabhgoel"
258,1033102,"Shannon McNish","2017-11-26 02:23:00",0.29023,11,smcnish71
259,1113386,August,"2017-11-29 14:27:14",0.29022,10,alphanothing
260,954544,demobin,"2017-11-24 06:35:26",0.29022,70,demobin
261,963521,JoshAsh,"2017-11-29 12:49:00",0.29022,101,joshash
262,1045989,"Evgeniy Vasilev","2017-11-29 15:51:02",0.29022,151,somesnm
263,989842,"Ananth K","2017-11-29 02:18:30",0.29022,12,eananth
264,967885,"Chia-Ta Tsai","2017-11-18 19:17:16",0.29022,50,cttsai
265,1053418,AT&IT,"2017-11-29 21:46:10",0.29022,119,"antont,znyksh"
266,972939,"Hossein Amirkhani","2017-11-21 05:24:26",0.29021,93,hatime
267,972912,bmci,"2017-11-29 06:31:36",0.29021,18,bmcinnovo
268,967001,"Carlos Brioso","2017-11-28 20:53:50",0.29021,120,cbrioso
269,1027034,cweng,"2017-11-21 01:53:56",0.29021,38,wyucong1990
270,1064768,Kimura,"2017-11-04 18:12:41",0.29021,4,nocotan
271,1003570,Valentin,"2017-11-21 13:25:37",0.29021,34,valentinw
272,1000726,"yaseen hussain","2017-10-31 05:11:34",0.29021,23,datamavericks
273,955395,Rafael,"2017-11-28 10:21:15",0.29020,53,rafarui
274,1035949,R-35,"2017-11-29 20:51:21",0.29020,43,"avtoschakov,uginjay"
275,967420,"Y....L ","2017-11-29 23:47:19",0.29020,68,yl1202
276,1115585,QianLi,"2017-11-29 09:08:58",0.29020,5,lqian5
277,980946,vousmevoyez,"2017-10-26 03:44:19",0.29019,38,vousmevoyez
278,1078224,"Muhammad Zaman","2017-11-29 11:52:27",0.29019,9,muhammadzaman
279,955771,"Abhilash Awasthi","2017-11-29 20:14:15",0.29018,41,abhilashawasthi
280,957425,"Aravind Pillai","2017-11-29 22:19:04",0.29018,244,aspillai
281,971248,zhacker,"2017-11-27 12:45:03",0.29018,6,zzzhacker
282,1039980,MotJuMi,"2017-11-02 12:45:40",0.29018,12,motjumi
283,1080794,RuiLa,"2017-11-26 00:27:21",0.29018,7,larui529
284,994990,Bruno16,"2017-11-18 21:36:37",0.29018,61,bruno16
285,1072690,TASILO,"2017-11-29 23:23:41",0.29018,14,"louisdumas,sdouyer,tanguypommellet"
286,994936,malotru,"2017-11-25 00:31:13",0.29018,92,arnaudvl
287,964162,ChrisCC,"2017-11-28 22:29:56",0.29018,89,chriscc
288,1006838,mrxnew,"2017-11-29 16:13:40",0.29017,111,azacharia
289,961451,iris2007,"2017-11-29 18:58:07",0.29017,60,iris2007
290,980840,Praying,"2017-11-29 15:04:14",0.29017,34,h4211819
291,971552,z&t,"2017-11-26 21:54:57",0.29017,14,zy377219074
292,1028628,entanglement,"2017-11-29 12:41:45",0.29017,45,bvineeth007
293,1118291,rumbok,"2017-11-29 20:14:42",0.29017,40,rumbok
294,1028392,VirgoData,"2017-11-28 08:28:38",0.29016,42,"mubashir44,virgodata"
295,955451,ysaz,"2017-11-28 14:42:04",0.29016,79,imanazas
296,954988,"Nikita Churkin","2017-11-28 22:12:08",0.29015,86,churkinnikita
297,1028394,Nasr,"2017-11-22 16:08:40",0.29015,36,"hamzaashraf,nasrullah,virgoanalytics"
298,960074,mlandry,"2017-11-29 05:15:38",0.29015,15,mlandry
299,954502,"Heads or Tails","2017-11-29 23:49:27",0.29013,36,headsortails
300,970730,"Humberto & Hugo [BRAZIL]","2017-11-28 12:01:18",0.29013,44,"brandao,huguera"
301,962219,Spillsome,"2017-11-21 06:20:56",0.29013,179,savioz
302,970465,"Jozef Mrkvicka","2017-11-13 21:33:53",0.29012,61,"pratiklodha95,quantumdamage,quarkus7"
303,953384,"Victor Paslay","2017-11-28 12:45:38",0.29012,93,vpaslay
304,987561,JamesGoGo,"2017-11-29 04:38:35",0.29012,11,jameswong1234
305,1006730,AKD,"2017-11-26 17:59:41",0.29012,26,analkumarde
306,997787,DapengWang,"2017-11-28 21:50:25",0.29012,101,dapengwang
307,972636,belkasanek,"2017-11-28 08:14:59",0.29012,38,belkasanek
308,955192,iamnewneo,"2017-11-25 16:04:52",0.29012,66,iamnewneo
309,962177,artichaud,"2017-11-01 23:39:20",0.29012,45,artichaud
310,953503,"Nellrun (Daniil)","2017-11-24 14:40:55",0.29011,12,nellrun
311,999256,takuoko,"2017-11-26 09:20:13",0.29011,64,takuok
312,996602,xkumiyu,"2017-11-25 07:06:26",0.29011,5,xkumiyu
313,1044932,DIC_PSb,"2017-11-29 11:54:33",0.29011,40,"kojitakahashi,shinzis,woltar"
314,979395,"Alexander Lifanov","2017-11-29 19:16:47",0.29011,25,alifanov
315,954601,"Victor Wang","2017-11-29 13:18:33",0.29011,14,victoongo
316,993860,qufu,"2017-11-29 14:12:27",0.29011,53,yikoudreams
317,1086572,"Kim Min Woo","2017-11-25 04:16:51",0.29011,20,gorosia
318,1019322,dilzeem,"2017-11-28 23:38:06",0.29011,25,dilzeem
319,962454,"Rick Wu","2017-11-29 03:59:21",0.29011,12,tcvrick
320,1116524,Juran,"2017-11-29 08:35:00",0.29011,11,littlewhilte
321,1004917,"Dmitry Kulagin","2017-11-27 16:05:30",0.29011,10,rekcahd
322,979334,"Eric Vos","2017-11-29 18:40:31",0.29011,62,a45632
323,1048183,SanchitGautam,"2017-11-28 06:54:09",0.29011,14,sanchitg
324,1125527,Xuecheng,"2017-11-29 07:19:35",0.29011,2,yangxuecheng
325,1004157,"Manohar Swamynathan","2017-11-29 07:03:09",0.29010,14,manoharswamynathan
326,1064331,motolala,"2017-11-29 01:21:05",0.29010,16,del=61564e89cca36b0d
327,1042566,Kaka平,"2017-11-29 07:46:54",0.29010,19,wuzuping
328,958140,NikasVasilis,"2017-11-23 07:44:07",0.29010,87,vnikas
329,955914,RDizzl3,"2017-11-28 06:33:09",0.29010,193,rdizzl3
330,1083168,ungvert,"2017-11-27 21:40:10",0.29010,18,ungvert
331,968182,IsaK,"2017-11-29 12:12:44",0.29010,26,isakev
332,962419,"It's not a bug, it's a feature","2017-11-24 19:08:31",0.29010,66,"fcaixeiro,skinish"
333,1054551,kaggle集训队,"2017-11-29 22:40:00",0.29010,98,"alexucb,leeguoo,liuzhi316,tian43,wangruinju,xinkou"
334,991577,yyqing,"2017-11-29 12:13:14",0.29009,34,yyqing
335,956823,"Club 287","2017-11-29 21:57:06",0.29009,49,jpmiller
336,998041,wzfstat,"2017-11-28 03:50:32",0.29009,122,wzfstat
337,1108751,davy,"2017-11-19 01:15:15",0.29009,4,davyfeng
338,957602,"Niranjan Singh","2017-11-29 13:41:22",0.29009,16,niranjanmaisnam
339,959510,"look out, shake up is coming","2017-11-29 16:20:36",0.29009,111,germmie
340,1089074,RyanHuang,"2017-11-29 00:56:46",0.29009,52,ryan88
341,1034976,"Clover DY","2017-11-29 05:45:59",0.29009,14,cloveryan
342,970045,__Zhara__,"2017-11-29 11:39:04",0.29009,36,ilzhara
343,1006065,ShinAtWhu,"2017-11-28 04:35:22",0.29009,33,cot246
344,968202,"[Deleted] 150bdb1a-16bc-4e0c-bb72-295b82fe5614","2017-11-29 19:28:32",0.29009,56,del=023d758381d3f66f
345,959120,hahaha,"2017-11-27 21:10:41",0.29009,19,tonyhu1994
346,1123509,TheRealRoman,"2017-11-29 21:49:50",0.29009,6,therealroman
347,961379,NxGTR,"2017-11-26 22:12:27",0.29009,134,carloshuertas
348,1071872,Lilydark,"2017-11-29 00:00:32",0.29009,45,lilydark
349,954292,zhousheng,"2017-11-29 22:36:36",0.29009,69,zhouzhiguang
350,959954,seb8,"2017-11-29 21:58:14",0.29009,25,stpise
351,978717,吃成长快乐啦,"2017-11-29 13:03:48",0.29009,38,q393754502
352,1037247,***,"2017-11-29 22:15:27",0.29009,25,"elisedumas,julienhe,paolafedou,swynfel"
353,957128,"H. Dang","2017-11-29 03:54:49",0.29009,61,hvdang
354,1030797,"Bohan Zhang","2017-11-25 04:53:07",0.29008,14,bohanzhang
355,1116510,felii,"2017-11-29 18:03:16",0.29008,24,felixwu
356,957774,kaho,"2017-11-14 17:01:48",0.29008,2,sdcskaho
357,1098268,"W. Yifan","2017-11-29 16:06:52",0.29008,20,evanwang1028
358,984248,waydownwego,"2017-11-29 14:13:54",0.29008,90,shivrajp
359,1068946,sernger,"2017-11-23 08:30:25",0.29008,15,sernger
360,1106839,demesgal,"2017-11-29 19:21:55",0.29008,58,demesgal
361,1089773,Gorodec,"2017-11-29 09:34:02",0.29008,64,vukw11
362,1004215,"Eric Zhang","2017-11-14 18:46:29",0.29008,50,erczxy
363,1009362,mashdi,"2017-11-29 23:42:26",0.29008,69,rahimi
364,975294,fses91,"2017-11-29 21:56:57",0.29007,82,fses91
365,965543,"Fatih Ozturk","2017-11-29 15:04:07",0.29007,191,fatihozturk
366,984613,Yoichi.Yamakawa,"2017-11-18 15:14:43",0.29007,21,yoichi7yamakawa
367,953454,NA,"2017-11-26 13:22:22",0.29007,27,amirsanzhar
368,967625,mrjim,"2017-11-29 14:48:03",0.29007,27,farmerjim
369,1005107,XIAOHA,"2017-11-29 15:21:44",0.29007,38,qichenhu
370,1015701,은주니(ttagu99),"2017-11-24 04:02:26",0.29007,23,ttagu99
371,1006914,Tom57,"2017-11-27 18:07:55",0.29007,68,thomastilli
372,961963,LCFR,"2017-11-29 11:15:34",0.29007,202,"lucifer19,szecsip,tiblyzer19"
373,976812,"Emilio Simoni","2017-11-29 19:11:43",0.29006,41,emiliocs
374,953176,"Not So Dumb Any More","2017-11-29 23:40:17",0.29006,293,tunguz
375,1038874,BUWASoft,"2017-11-02 05:29:40",0.29006,9,buwasoft
376,987320,not_just_baseline,"2017-11-24 15:17:50",0.29006,19,lruoran
377,996126,HDKIM,"2017-11-29 23:58:07",0.29006,155,leadbest
378,978763,Inoddy,"2017-11-29 23:07:55",0.29006,19,matlab
379,967829,"Akechi Hidemitsu","2017-10-24 05:59:26",0.29006,76,del=9aa071d5bd5e0a59
380,1025145,"what random numbers should I use?","2017-11-28 23:34:12",0.29006,45,zhenyangpan
381,955423,"Angus Chang","2017-11-29 23:54:29",0.29006,109,andrew60909
382,1059582,Adamovich.Aleksey,"2017-11-29 09:26:30",0.29006,23,alekseyadamovich
383,955140,Laurae,"2017-11-29 22:30:04",0.29006,32,laurae2
384,1010282,"Yuxin Liu","2017-11-14 23:27:43",0.29005,36,liuyuxinstuttgart
385,1022276,LastMinute,"2017-11-29 22:00:40",0.29005,83,"data2015,tayfuntuna"
386,990206,tomcwalker,"2017-11-29 21:12:14",0.29005,86,tomcwalker
387,955558,"Max Ryabinin","2017-11-29 22:28:38",0.29005,42,mryabinin
388,973477,PavelTroshenkov,"2017-11-28 09:51:56",0.29005,214,pavetr
389,1023301,Antony_,"2017-11-25 23:10:46",0.29005,3,antonybrd
390,954752,Yuki,"2017-11-21 02:18:14",0.29005,48,yukiohnishi
391,957447,"Ashwin S R","2017-11-25 10:47:27",0.29005,14,ashwinsr321
392,1039891,Arpita,"2017-11-24 20:56:31",0.29005,16,arpitajena
393,983454,"Andrey Vykhodtsev","2017-11-29 01:34:43",0.29005,3,vykhand
394,953786,Bluefool,"2017-11-27 15:17:14",0.29005,7,domcastro
395,978453,lost,"2017-11-25 00:02:51",0.29004,18,jessewu
396,955213,RcCheah,"2017-11-25 04:09:48",0.29004,37,robertcheah
397,978245,"Alfa _Goose","2017-11-28 21:07:51",0.29004,119,"nersesbagiyan,raisefamous,venheads"
398,1005772,visualmind,"2017-11-27 02:46:13",0.29004,77,visualmind
399,955184,Massimiliano,"2017-11-29 12:01:28",0.29004,97,massimilianom
400,985885,mk9440,"2017-11-29 16:29:06",0.29004,15,mk9440
401,962615,danielyang1009,"2017-11-29 13:53:28",0.29004,14,danielyang1009
402,1063526,"Ting Ting Liu","2017-11-29 08:30:07",0.29004,16,tingtingl
403,958809,gavrand,"2017-11-28 20:29:21",0.29004,35,agavranis
404,980862,saurk,"2017-10-29 00:13:31",0.29003,18,zsaurk
405,954122,Goosey,"2017-11-29 22:27:54",0.29003,33,dogedoge
406,969310,Tatsunaga,"2017-11-29 21:16:22",0.29003,59,tatzhayashi1101
407,1017775,"(╯°Д°)╯︵ ┻━┻","2017-11-21 13:15:05",0.29003,21,zzz179
408,1021918,alexginsca,"2017-11-21 10:13:14",0.29003,15,alexginsca
409,973668,"Thomas Hirtz","2017-11-18 16:43:05",0.29003,14,thomashirtz
410,1006851,Helgi,"2017-11-29 20:12:49",0.29003,38,helgith
411,1015418,xinliy,"2017-11-05 14:52:58",0.29003,21,del=12fd99efda3096e3
412,964489,0dD1,"2017-11-21 06:44:10",0.29003,15,adish333
413,960605,"Piotr Garbuliński","2017-11-19 11:59:08",0.29003,59,pitusg
414,1107318,"Gurupad S. Hegde","2017-11-28 21:14:17",0.29003,14,gshguru
415,1122260,yulan,"2017-11-27 12:46:56",0.29003,10,ashes1018
416,1121907,"Victor Leontyev","2017-11-26 18:15:52",0.29003,4,vleontyev
417,953179,DenisVorotyntsev,"2017-11-28 07:02:10",0.29002,7,tearth
418,987854,brazzers,"2017-11-27 13:31:53",0.29002,20,"ermolushka,rocketscience"
419,976969,Aiden,"2017-11-27 08:19:48",0.29002,59,andonej
420,975025,Shubin,"2017-11-29 23:44:40",0.29002,80,"chabir,lishubin"
421,991654,sxzircon,"2017-11-29 20:49:24",0.29002,43,sxzircon
422,1096495,RhodiumFit,"2017-11-26 01:57:27",0.29002,4,lszhang
423,1067877,"A shrubbery","2017-11-29 05:44:39",0.29002,9,anomaly3990
424,1059501,CRaymond,"2017-11-29 17:14:40",0.29002,11,craymond
425,1093269,今晚打老虎,"2017-11-29 01:24:55",0.29002,38,cancer94
426,953409,Lannister,"2017-11-25 00:42:06",0.29002,7,cjansen
427,963135,Storch,"2017-11-29 21:08:31",0.29002,11,storch
428,1025384,6ubL_ubnI,"2017-11-28 13:05:57",0.29002,7,ivantang
429,1065754,alex0002,"2017-11-29 19:40:50",0.29002,13,alex0002
430,978082,"Hunter McGushion","2017-11-28 23:56:45",0.29002,74,huntermcgushion
431,981617,Hongta,"2017-11-29 08:56:05",0.29002,19,hongta
432,1041293,zxie66,"2017-11-29 19:22:34",0.29002,35,zhihui
433,1118075,"Life is strange.","2017-11-28 13:22:50",0.29002,6,"mjyuaaa,windoker"
434,956308,"Mihaescu Gleb","2017-11-27 20:56:49",0.29001,30,glebmihaescu
435,1110322,Kingshuk,"2017-11-29 07:16:23",0.29001,7,kingshukbhattacharya
436,1025299,heihei,"2017-11-28 13:57:17",0.29001,11,sg199109
437,953151,w_________g,"2017-11-29 01:57:10",0.29001,13,weizhezhang
438,968585,zipp,"2017-11-28 21:05:07",0.29001,52,mzacks
439,1086366,congb,"2017-11-16 06:50:36",0.29001,9,cizonb
440,1110389,XandBoost,"2017-11-29 19:32:08",0.29001,6,"arjmacedo,enochyang15,lucaslugao,rogerlucena"
441,964239,AI@o@T,"2017-11-29 00:25:54",0.29001,52,dukachan
442,957411,"Look Ma, me ensemble","2017-11-29 19:41:08",0.29001,25,nmud19
443,1007294,janosk21,"2017-11-29 21:15:35",0.29001,68,janosk21
444,953533,"Pedro Lima","2017-11-28 16:12:01",0.29001,28,pvlima
445,986707,DeepSpace,"2017-11-26 04:36:31",0.29001,6,xiaobingli
446,1001164,rgolovnya,"2017-11-29 21:22:06",0.29001,16,rgolovnya
447,953422,"T Flana","2017-11-25 03:04:34",0.29000,138,tflana
448,979255,"Nassim Zaagoub","2017-11-17 09:08:08",0.29000,86,nassimzaagoub
449,960569,Bonny,"2017-11-29 07:54:29",0.29000,4,josesriver
450,1008448,arccosmos,"2017-11-24 14:32:29",0.29000,18,arccosmos
451,953361,tvisyn,"2017-11-29 21:07:24",0.29000,58,tvisyn
452,1024921,Pepan,"2017-11-29 23:14:19",0.29000,10,vipito
453,1089539,"Andrey Gurevich","2017-11-21 07:14:38",0.29000,8,andreygurevich
454,1029866,ZYXW,"2017-11-29 20:18:43",0.29000,52,"nehzux,svenhsia,wangsun,yayundai"
455,959876,Yuri055,"2017-11-29 15:01:42",0.29000,29,yanma718
456,953520,kxx,"2017-11-29 19:58:42",0.29000,165,kailex
457,1070782,Imfgirl,"2017-11-29 21:33:09",0.28999,17,imfgirl
458,1070220,Perrin/Mezghani/Heidmann/Esposito,"2017-11-29 17:37:08",0.28999,27,"andrea09,laureheidmann,linamezghani,sarahperrin"
459,1095195,"Император Циньлин","2017-11-29 01:51:07",0.28999,10,del=ac7ac0454044fc5d
460,1115546,"TY WANG","2017-11-29 18:05:04",0.28999,45,tywangty
461,1107863,Lugark,"2017-11-29 08:40:46",0.28999,38,lugark
462,957752,"Ziv Cohen","2017-11-29 18:41:51",0.28999,51,cohenziv
463,1040960,mezoganet,"2017-11-15 17:08:40",0.28999,23,pfichou
464,969348,radnado,"2017-11-29 21:01:15",0.28999,44,radnado
465,1001053,"Yoshiyuki Ito","2017-11-29 13:06:13",0.28999,21,yoshiyukiito
466,1006591,SiewKamOnn,"2017-11-29 23:58:04",0.28999,121,kosiew
467,986179,ord,"2017-11-26 20:05:54",0.28999,15,ordale
468,956630,ses,"2017-11-29 16:25:48",0.28999,51,safavieh
469,957191,"Overfitters Union Local 1426","2017-11-13 17:06:30",0.28999,67,msjensen
470,1003369,"Ava Damn","2017-11-29 00:08:51",0.28999,27,hyyeoh
471,1083837,ZouJiu,"2017-11-29 12:03:14",0.28998,57,shiheyingzhe
472,1039035,amaotone,"2017-11-28 16:31:07",0.28998,1,amaotone
473,954383,"Daniel S.","2017-11-29 22:41:18",0.28998,5,demoon
474,957940,"Leon Simula","2017-11-05 13:22:32",0.28998,26,lsimula
475,1056652,"Be_careful Tunisia","2017-11-28 13:27:28",0.28998,154,"alaeddineayadi,medkhaliljabri,mohamedjedidi"
476,1111383,"uang uang","2017-11-29 16:13:28",0.28998,37,dq529226967
477,1031228,Pavitrakumar,"2017-11-26 07:56:46",0.28998,20,pavitrakumar78
478,972876,NKS,"2017-11-29 19:13:16",0.28998,17,nandhaks
479,1008536,DavidSutton,"2017-11-29 01:00:38",0.28998,59,dwpsutton
480,966416,cheng,"2017-11-27 23:43:55",0.28998,4,cclzxl
481,970119,¿?,"2017-11-28 07:56:50",0.28998,46,alexs00
482,1071167,RamenNinja,"2017-11-12 16:10:46",0.28998,12,t95wanguwaterloo
483,1081997,T.U.V,"2017-11-19 17:11:20",0.28997,28,tuunve
484,1088841,我是来打酱油的,"2017-11-29 02:04:11",0.28997,14,jackalex
485,1043827,"Jade Yun","2017-11-25 04:38:20",0.28997,12,jadeyun
486,1020643,Kazuki,"2017-11-27 22:39:55",0.28997,11,gotoukaz
487,1098465,"Evgeny Khinenzon","2017-11-29 22:06:08",0.28997,13,kjenia
488,956256,DL,"2017-11-29 21:24:21",0.28997,56,dominique
489,958111,Mohit,"2017-11-06 07:19:06",0.28996,27,mohitsital
490,954378,"Matthew Jen","2017-11-02 00:32:41",0.28996,30,matthewjen
491,1051390,zippo_for_this_simple_life,"2017-11-09 18:14:48",0.28996,4,zippogo
492,1011608,"Attitude ","2017-11-04 00:41:57",0.28996,3,attitude
493,963673,Bcottman,"2017-11-29 21:52:29",0.28996,55,bcottman
494,1005829,NNSMedia,"2017-11-26 17:10:55",0.28996,61,nnsmedia
495,985199,Zhaoyu,"2017-11-21 16:18:19",0.28996,33,zhaoyuwang
496,1053213,VitaliiP,"2017-11-29 22:08:27",0.28996,98,vitaliiperetiatko
497,1070009,MMNRie,"2017-11-28 14:05:23",0.28996,5,"arnaudstiegler,brouwa,camillechanial,paulvardon"
498,968359,JacobSolo,"2017-11-15 00:35:15",0.28996,49,creatrol
499,1058125,LogHorizon,"2017-11-28 11:59:53",0.28996,57,loghorizon
500,1090619,RichardNguyen,"2017-11-29 10:44:51",0.28996,39,richardnguyen
501,985021,KG123,"2017-11-06 06:31:31",0.28996,1,kga1a2y3
502,1085691,"Charles Tintera","2017-11-29 23:42:12",0.28996,7,eachshadow
503,953671,David,"2017-11-29 23:07:32",0.28995,39,tivfrvqhs5
504,993101,Neuron,"2017-11-28 07:28:52",0.28995,48,"codename007,ujjwal9"
505,1007082,"jie liu","2017-11-29 02:08:49",0.28995,53,jiehunt
506,1060935,ZelunSun,"2017-11-28 19:59:01",0.28995,5,zelunsun
507,974815,ubik,"2017-11-29 18:00:15",0.28995,33,ubbikk
508,956947,Daniel,"2017-11-21 01:08:38",0.28995,32,dany17
509,1065983,Mengfei19,"2017-11-28 15:48:33",0.28995,53,meli19
510,1064238,erkut,"2017-11-29 17:31:04",0.28995,14,erkutaykutlug
511,1119789,xX_dhayba_Xx,"2017-11-29 20:37:17",0.28995,29,"mido7eme,wiokito"
512,965209,"model accident","2017-11-19 15:07:00",0.28995,37,sterby
513,986924,my1strealcomp,"2017-11-29 16:25:22",0.28995,27,kuow89
514,957273,"where is my driver 1","2017-11-29 20:02:37",0.28995,56,"del=86a883dd80f3d8a1,sankettake,tezdhar"
515,955329,neongen,"2017-11-26 15:17:59",0.28995,44,neongen
516,1043720,"Fabio Capela","2017-11-12 14:50:13",0.28995,11,stackedperceptron
517,954130,"Spencer Uresk","2017-10-29 19:51:08",0.28994,123,suresk
518,971946,"Sean Carrell","2017-11-29 23:19:51",0.28994,10,srcarrel
519,954924,abracadabra,"2017-11-17 01:33:15",0.28994,41,tdiliii
520,991482,WhoHas64Cores,"2017-11-29 18:54:44",0.28994,118,whohas64cores
521,969161,"Luis Moneda","2017-11-29 03:54:56",0.28994,32,lgmoneda
522,969604,"Dazed & Confused","2017-11-14 09:08:47",0.28994,132,"dj2909,kgvinayak93,leeladharn,ragulkrishna,virajb"
523,1068658,"Nhi Vo","2017-11-13 11:09:11",0.28994,9,vnyennhi
524,986048,"Shawn Roberts","2017-11-29 03:08:03",0.28994,30,srrobert50
525,1008813,alexandre,"2017-11-16 01:58:21",0.28994,10,leviathan
526,995226,"Ismael Domínguez","2017-10-30 19:37:05",0.28994,14,kopernicov
527,1011391,"求组队= =","2017-11-17 20:10:01",0.28994,59,ecpknmichaelzhou
528,964224,"KeeJee Z","2017-11-29 00:35:17",0.28994,66,zhoukj
529,1007966,Byfone,"2017-11-01 08:12:10",0.28994,12,byfone
530,966052,"⍟ Self Flying Ninjas FTW ⍟","2017-11-28 16:15:30",0.28993,57,"ammarjd,justina,yclicc"
531,963319,BNLG,"2017-11-11 14:42:13",0.28993,37,binilg
532,1122406,JayanthRR,"2017-11-28 01:42:33",0.28993,7,jayanthrr
533,955167,hunter,"2017-11-29 15:59:27",0.28993,34,chundata
534,954067,NIWATORI,"2017-11-29 15:04:02",0.28993,14,niwatori
535,956452,"Kamil Kaczmarek","2017-11-13 13:56:20",0.28993,16,kamilkk
536,983729,bear,"2017-11-29 23:21:59",0.28993,67,yangzhexiong1115
537,962054,Jandre,"2017-11-23 05:20:27",0.28993,44,jandre
538,965302,mreeevv,"2017-11-29 23:11:00",0.28993,23,del=fc5ee8a6a9376027
539,979153,ivo,"2017-11-29 17:35:40",0.28993,41,iamivo
540,1032239,bm,"2017-11-29 15:30:18",0.28993,34,"blianggg,chenxin1991"
541,959986,"Hao Li","2017-11-29 23:07:34",0.28993,13,lihaorocky
542,1099387,huili0140,"2017-11-23 19:58:24",0.28992,12,huili0140
543,1064096,"Sergei Bernadtckii","2017-11-14 06:02:42",0.28992,22,bernadsky
544,953603,"Elena Cuoco","2017-11-14 11:40:33",0.28992,62,elenacuoco
545,1005887,xuseniayu,"2017-11-28 06:51:15",0.28992,26,xuchuanyu
546,960108,Scirpus,"2017-11-27 12:23:40",0.28992,224,scirpus
547,987005,"Big Nose and Wide Shoulder","2017-10-19 15:02:06",0.28992,44,"gyau0204,neo0819"
548,1096449,"My Jason","2017-11-15 07:55:54",0.28992,2,asyz13jinage
549,1033118,岂能祸福趋避之,"2017-10-29 10:35:40",0.28991,7,beimingliu
550,1048828,wacholderbeere,"2017-11-13 13:26:28",0.28991,7,wacholderbeere
551,960865,miniek,"2017-11-03 17:49:27",0.28991,9,miniek
552,1106380,iyokan,"2017-11-28 06:35:24",0.28991,7,iyokan
553,1007722,littlelight,"2017-11-29 23:28:01",0.28991,51,"berserker408,kesterz"
554,968672,"Michael Hernandez","2017-11-13 17:42:34",0.28991,12,zephyrie
555,986750,OrganicOrigin,"2017-11-06 01:38:45",0.28991,22,alexzhang
556,1008148,"Maciej Mazur","2017-11-29 21:35:18",0.28991,14,augustyn
557,1118529,"Andrey Ostapets","2017-11-21 15:01:26",0.28991,2,morandi
558,984473,Baser,"2017-11-20 13:03:59",0.28991,4,baser12333
559,953878,Overfitter,"2017-11-28 19:48:52",0.28991,22,tejasrinivas
560,954061,"Lawrence Chernin","2017-11-28 23:43:08",0.28991,24,lawrencechernin
561,1010479,"Tagne Nguifo Eric Hermann","2017-11-29 18:20:51",0.28991,14,ericboss
562,1062095,"Takehiro Mimasu","2017-11-18 17:17:01",0.28991,4,matthqnts
563,1004947,"To Train Them Is My Cause","2017-11-25 16:05:44",0.28991,47,rhgrossm
564,1080137,"Akshata bhat","2017-11-24 13:51:21",0.28991,16,del=bb7777d4aa37b57c
565,978051,"N | S 🚗🚑","2017-11-12 14:48:51",0.28991,32,"niranjanmudhiraj,srinivasmudhiraj"
566,976035,smota,"2017-11-27 08:13:21",0.28991,80,santiagomota
567,1038902,cpwang007,"2017-11-16 01:52:50",0.28991,46,cpwang007
568,1009972,wallpainter,"2017-11-28 02:57:04",0.28991,12,wall2painter
569,953542,"João Pedro Peinado","2017-11-29 15:07:50",0.28990,123,joaopmpeinado
570,966242,madara,"2017-11-19 16:12:28",0.28990,44,madara
571,973282,"Data Scientists","2017-11-24 06:38:31",0.28990,31,"prashanth1994,vigneshinfy"
572,987510,AndyAshall,"2017-11-13 12:34:27",0.28990,59,andyashall
573,956239,MT,"2017-11-29 11:18:14",0.28990,212,mtinti
574,976299,"Marcello Negro","2017-11-17 01:17:16",0.28990,6,marcellonegro
575,1019180,huskar,"2017-11-14 06:14:58",0.28990,5,hitzzc
576,1006211,"Junya ","2017-11-13 11:30:22",0.28990,8,junyasato
577,1048407,Subhodeep,"2017-11-27 07:51:38",0.28990,31,subhodeepstat75
578,1039213,Shikhar,"2017-11-29 06:05:11",0.28990,24,shikhar1
579,1062134,勒是雾都,"2017-11-29 13:58:44",0.28990,11,streetzhang
580,961194,RpyGamer,"2017-11-27 14:54:30",0.28990,52,rpygamer
581,961063,x0x0w1,"2017-11-22 14:49:56",0.28990,84,x0x0w1
582,1046196,overfit^2,"2017-11-14 20:16:55",0.28990,12,manels
583,995506,"royal 16000 institute","2017-11-28 11:51:05",0.28990,70,deepdreamer
584,1100911,"Dmitry Pavlov","2017-11-27 12:24:18",0.28990,9,deerslab
585,1007543,"FengLei Dou","2017-11-27 09:00:19",0.28990,17,dfenglei
586,968827,gh,"2017-11-26 00:06:42",0.28990,13,grzegorz
587,955250,vanAmsen,"2017-11-27 18:09:21",0.28989,84,vanamsen
588,1033662,"Neerja Doshi","2017-11-29 16:09:26",0.28989,26,neerjad
589,965376,牛肉面不要面牛肉拉满,"2017-11-28 12:50:32",0.28989,63,hahaha24678
590,956149,hbo,"2017-11-29 22:00:14",0.28989,115,hongbopeng
591,1019650,DataDork,"2017-11-14 03:59:09",0.28989,39,marklefebvre
592,999879,k56huang,"2017-11-22 22:57:58",0.28989,1,k56huang
593,1053253,sdds,"2017-11-28 16:51:35",0.28989,23,iphehe
594,1008387,SauravKaushik8,"2017-11-29 05:02:32",0.28989,16,sauravkaushik8
595,963863,"Cam Nugent","2017-11-16 11:16:14",0.28989,47,camnugent
596,1045005,TTTT,"2017-10-30 01:34:43",0.28989,6,del=888b7de080351d06
597,961950,klimovs,"2017-11-29 19:22:12",0.28989,31,klimovs
598,954781,饭饭饭饭饭,"2017-11-29 14:16:45",0.28989,15,yaoxinfan
599,1002353,SDA,"2017-11-29 23:46:50",0.28989,25,sdarmawan
600,962723,Cro-Magnon,"2017-11-18 12:39:22",0.28989,17,robertoruiz
601,1111426,602,"2017-11-29 15:01:26",0.28989,139,"abigaleliu,chenchenhaha"
602,963677,dinkelma,"2017-11-29 18:50:24",0.28989,84,dinkelma
603,974214,SakibBinAziz,"2017-11-15 20:03:04",0.28988,42,sa856892
604,1089320,Raymond,"2017-11-21 00:43:20",0.28988,11,raymondjia
605,955189,"Gaurav Chawla","2017-11-29 18:34:10",0.28988,25,mlaspirant
606,961334,Marek,"2017-11-29 18:16:01",0.28988,214,marek3000
607,1052058,Tatiana,"2017-11-28 18:04:08",0.28988,8,tpolush
608,963983,"Jeffrey Ju","2017-11-21 02:29:49",0.28988,39,justzupi
609,1012514,"Basim H","2017-11-27 05:54:59",0.28988,38,basimhasan
610,1008770,TerenceLiu,"2017-11-19 21:53:03",0.28988,22,terenceliu4444
611,1115240,"James Bonduelle","2017-11-29 22:45:58",0.28988,19,"del=c83ef8853df8793c,ngrinsztajn,paulbi,victorcatteau"
612,1008838,kaggleMania,"2017-11-29 22:26:46",0.28988,38,vinodkumarn
613,1098015,"Vladimir Larin","2017-11-27 19:04:08",0.28988,21,vlarine
614,954293,zhbain,"2017-11-29 23:45:06",0.28988,11,zhbain
615,975208,"Ilya Sergeev","2017-11-17 22:16:14",0.28988,41,sergeevii123
616,965098,BDataKnowmad,"2017-11-27 23:35:36",0.28988,29,robertmartin71
617,979195,WithLi,"2017-11-15 14:41:58",0.28988,10,withli
618,1111874,SarahZ,"2017-11-22 04:55:26",0.28988,13,xzhang159
619,1008058,gooron,"2017-11-29 13:01:53",0.28988,95,gooron
620,990365,HamsterMind,"2017-11-28 15:11:02",0.28988,99,"renmanrui,rosanzhang,viredery,xuxm0208"
621,1032459,alxndrkalinin,"2017-11-12 21:07:18",0.28988,3,alxndrkalinin
622,977324,databatman,"2017-11-20 13:40:20",0.28988,49,forrestchou
623,965745,"Andrey Lisin","2017-11-27 04:46:59",0.28987,31,andreylisin
624,1103980,KavioYu,"2017-11-27 14:30:06",0.28987,2,kavioyu
625,1062017,"Emanuel Christner","2017-11-29 08:13:29",0.28987,22,christner
626,963252,melleandro,"2017-11-27 02:44:49",0.28987,52,melroleandro
627,967684,"Abhik Banerjee","2017-10-27 16:22:03",0.28987,17,abhikbanerjee
628,1025206,"BORIS Liang","2017-10-28 14:25:39",0.28987,2,boristype000
629,1011779,TTODD,"2017-10-29 00:10:22",0.28987,3,ttodddd
630,1010486,hackrflov,"2017-11-12 07:43:51",0.28987,13,hackrflov
631,964414,DhruvMarwha,"2017-11-02 09:45:49",0.28987,4,blaine12100
632,987220,Nukux,"2017-11-23 08:46:08",0.28987,15,dynomite
633,1041867,muni0893,"2017-11-13 14:23:58",0.28987,4,muni0893
634,989759,AZXLT,"2017-11-29 16:06:58",0.28987,25,weilai
635,953146,plantsgo,"2017-11-13 17:13:43",0.28987,10,plantsgo
636,1014534,aryaYz,"2017-11-16 03:44:47",0.28987,34,aryayz
637,1108689,"Dmitriy Ukrainskiy","2017-11-29 19:11:43",0.28987,4,ukrainskiydv
638,962337,brassmonkey,"2017-11-15 04:32:36",0.28987,20,brassmonkey381
639,1028808,"Yakolle Zhang","2017-11-29 23:50:06",0.28987,18,yakolle
640,1092761,Thinker,"2017-11-29 18:18:43",0.28987,25,ambrish
641,1004395,Sung-Geun,"2017-11-26 07:19:32",0.28987,65,sungguni
642,956906,nhirons,"2017-11-21 08:02:53",0.28987,21,nhirons
643,958038,"Seonghun Jeong","2017-11-19 15:59:07",0.28987,22,sunghun
644,981653,PakBruders,"2017-11-21 19:21:42",0.28987,59,"cervantes79,kabacaly"
645,1083986,Eagles,"2017-11-29 14:55:25",0.28987,19,keetarp
646,1123089,waixiiiiiiiiiiiiiiiii,"2017-11-25 22:35:27",0.28987,9,yr3chen
647,969065,Feater,"2017-11-22 07:28:15",0.28987,3,sfx7rail
648,969903,"Chandan Verma","2017-11-26 07:20:51",0.28987,28,chandanverma
649,977681,"Patrick Chan","2017-11-28 07:31:50",0.28987,31,drpatrickchan
650,997018,"SG Wang","2017-11-24 13:58:14",0.28986,56,wangsg
651,1020720,Sean,"2017-11-28 15:24:39",0.28986,32,uchihasean
652,1062439,DavidGbodiOdaibo,"2017-11-13 03:21:36",0.28986,10,godaibo
653,954242,"Daniel Labbe","2017-10-28 18:23:53",0.28986,13,dlabbe1005
654,1029306,"Kalle Bylin","2017-11-26 01:32:18",0.28986,6,kallebylin
655,1001869,"Freaks And Geeks","2017-11-24 18:05:00",0.28986,45,"krrish555,radhan55"
656,966040,DSLearner1,"2017-11-17 16:59:50",0.28986,47,dslearner1
657,1065750,Fresnelx,"2017-11-16 04:15:48",0.28986,11,del=720759993387e103
658,961859,arruran,"2017-11-16 15:16:50",0.28986,14,arruran
659,965366,saurabh132,"2017-11-23 20:19:37",0.28986,18,saurabh132
660,1105933,RobotNinja,"2017-11-22 15:37:40",0.28986,13,limitless083
661,978707,LongYin,"2017-11-29 12:27:19",0.28986,28,longyin2
662,1095722,xqh,"2017-11-29 20:01:37",0.28986,15,xueqhuang
663,954359,mimi,"2017-11-29 23:40:28",0.28986,75,"keiku322,nissy212,yamamotoj"
664,960215,"yang wang","2017-10-20 04:57:20",0.28986,21,tiandiwoxin1992
665,1008914,imp555,"2017-11-29 02:50:09",0.28986,10,imp555
666,953838,"Vadim Borisov","2017-11-29 09:15:26",0.28986,176,hireme
667,954479,"Chris Halfacre","2017-11-29 20:51:10",0.28986,22,chalfacre
668,953144,Taran,"2017-11-29 05:14:07",0.28986,27,taran8727
669,968251,QuantScientist,"2017-11-15 10:04:11",0.28986,23,solomonk
670,1049187,[Deleted],"2017-11-29 15:29:50",0.28986,9,del=51c4e8e2f4054253
671,1056924,Daybreak,"2017-11-29 18:39:50",0.28986,23,chenguangxue
672,1040565,"[Deleted] dd6158a8-2635-471c-90f0-93eb1a94912c","2017-11-14 03:14:41",0.28986,15,del=466af817f4af1d73
673,1004267,mcasshy,"2017-11-29 22:06:51",0.28986,46,mcasshy
674,1107458,"Jiayue Tong","2017-11-29 15:20:17",0.28986,45,jiayuetong
675,955804,A^b,"2017-11-28 19:50:07",0.28986,46,abrial
676,1091128,soundwaveli00,"2017-11-13 18:10:00",0.28986,1,soundwaveli00
677,1093038,"Shun Koba","2017-11-15 06:16:58",0.28986,7,shunkb
678,990943,"Karim Ardi","2017-11-15 14:33:53",0.28986,23,fadomp
679,974423,denise,"2017-11-14 19:02:24",0.28986,56,deniseb
680,963353,"Fiona Ha","2017-11-15 19:02:06",0.28986,15,del=d4b99d4111497f72
681,968034,Paulo,"2017-11-15 19:36:19",0.28986,20,paulomagalhaes
682,976703,GerMAI,"2017-11-13 20:51:18",0.28986,15,germai
683,1011051,bronson,"2017-11-14 03:49:04",0.28986,15,jsultan
684,983675,"John Zhou","2017-11-19 06:40:05",0.28986,10,johnzhou20
685,1024172,porto-seguro-Maril,"2017-11-29 12:56:14",0.28986,57,"gucchi123,hirorororo,kenji19840210,matsumotoh,tkjaui,yhagi29,yuki0627"
686,1080581,"Yifan Li","2017-11-19 17:23:51",0.28986,1,lyf118811
687,974609,Diego,"2017-11-22 09:34:23",0.28986,56,dmenin
688,967205,cod3box,"2017-11-23 12:29:16",0.28986,8,mstrfx
689,1021928,"林湧森 (Dyson Lin)","2017-11-28 06:10:19",0.28986,56,dysonlin
690,960430,liubieqian,"2017-11-28 21:18:42",0.28986,14,liubieqian
691,1114824,keycai,"2017-11-29 17:02:03",0.28986,21,keycai
692,1089591,"Oleg Shlyazhko","2017-11-13 09:20:10",0.28986,5,ollmer
693,1142372,fencingworld,"2017-11-29 05:18:19",0.28986,2,fencingworld
694,953400,kambarakun,"2017-11-29 23:45:35",0.28986,23,kambarakun
695,1115321,WillamGreen,"2017-11-29 22:23:26",0.28986,6,dskswu
696,1056134,"Claudio Valim","2017-11-14 18:43:26",0.28986,8,claudiovalim
697,1072535,savoNet,"2017-11-27 17:44:28",0.28986,7,"alexisrouge,gabmis,raphboss,vincenta1812"
698,953987,Phobos226,"2017-11-23 13:06:34",0.28986,33,phobos2350
699,956417,mmi333,"2017-11-28 00:54:47",0.28986,24,mmi333
700,988489,BibekJoshi,"2017-11-28 21:15:05",0.28986,6,bibekjoshi
701,955327,yanglu,"2017-11-29 12:07:15",0.28986,33,yyll008
702,998001,RenatoMaciel,"2017-11-29 22:24:28",0.28986,8,renatomaciel
703,1006604,"Paolo M.","2017-11-29 08:11:56",0.28986,80,paolom67
704,1059833,"Marcelo Tamashiro","2017-11-28 23:26:21",0.28986,17,marcelotamashiro
705,1072857,"Konstantin Gavrilchik","2017-11-28 10:34:19",0.28986,12,dempton
706,1108400,"Boudir ","2017-11-29 17:50:46",0.28986,37,omar13
707,985028,"DW Zhang","2017-11-29 15:03:31",0.28986,13,zdwzhang
708,1075895,Lasteg,"2017-11-29 16:18:30",0.28986,32,zxspectrum
709,980404,Damodar,"2017-11-28 02:13:00",0.28986,2,dhegde
710,1081455,TiuTiu,"2017-11-27 15:04:32",0.28986,14,guoxietao
711,972773,junfeng,"2017-11-13 12:41:24",0.28986,16,junfeng
712,986022,Jeremiah_Riddle,"2017-11-15 14:16:36",0.28986,3,jeremiahriddle
713,1004867,liulongxiao,"2017-11-13 01:14:28",0.28986,7,liulongxiao1
714,969638,dps_,"2017-11-12 16:13:57",0.28986,16,"ksevta,prakharag"
715,958472,IITKGP,"2017-11-12 16:20:45",0.28986,7,"aryan07,kanav0183"
716,1002350,Gedoumaru,"2017-11-12 16:31:49",0.28986,11,gedoumaru
717,1029819,"Stan Semenoff","2017-11-12 16:43:57",0.28986,10,fuck2real
718,973633,lalthan,"2017-11-16 14:57:52",0.28986,25,lalthan
719,1009034,QingZhang,"2017-11-26 17:03:50",0.28986,36,qingzhang1
720,953162,"Arthur Stsepanenka","2017-11-13 18:47:41",0.28986,73,kingarthur7
721,1001857,"Lokesh Kumar K","2017-11-16 16:54:35",0.28986,27,uvcelokesh
722,977349,VincenzoLavorini,"2017-11-29 11:15:42",0.28986,44,vlavorini
723,1029854,liz,"2017-11-29 03:20:12",0.28986,19,deenaliz
724,1087786,NMSL.WSND,"2017-11-28 23:25:41",0.28986,5,superds
725,967597,"Amol Mavuduru","2017-11-12 19:31:07",0.28986,6,amavuduru
726,1030318,Heteroscedastics,"2017-11-21 03:19:04",0.28986,10,"smsubrahmannian,srisanthoshhari"
727,1045069,"Stephen Hsu","2017-11-12 19:45:43",0.28986,2,sjhsu14
728,1072023,meee,"2017-11-20 00:38:18",0.28986,10,davidkes
729,982840,monicamonica,"2017-11-16 13:43:42",0.28986,46,monica567
730,1053466,"Wu Yu","2017-11-12 20:11:55",0.28986,6,"del=e260cc7a6b055ff7,nawang5633"
731,1037801,sap323,"2017-11-22 02:08:54",0.28986,36,del=0a102a07d8020bcd
732,1085296,"Jose A. Rodilla","2017-11-12 21:24:23",0.28986,3,jaroxe
733,1006037,"Steve Joly","2017-11-26 22:06:35",0.28986,75,sjoly123
734,1034203,masakt,"2017-11-14 22:26:48",0.28986,9,masakt
735,988659,"Thomas Brown","2017-11-24 13:39:00",0.28986,14,tsbrown
736,962900,"Issam Mahmoudi","2017-11-19 17:01:21",0.28986,63,issam28
737,1018067,Beren,"2017-11-12 23:57:05",0.28986,15,beren007
738,960953,pbcquoc,"2017-11-27 10:43:03",0.28986,123,phamquoc94
739,1029152,TYLL,"2017-11-15 10:12:03",0.28986,30,studynon
740,1059043,"Dan Emery","2017-11-15 19:23:07",0.28986,12,demery
741,954589,ONODERA,"2017-11-13 00:43:19",0.28986,13,onodera
742,973433,"nike yang","2017-11-16 15:01:58",0.28986,54,nikeyang
743,987770,"Joel Ponte","2017-11-13 01:28:14",0.28986,6,joelcponte
744,955037,Jackling_Gu,"2017-11-13 01:56:41",0.28986,15,jacklinggu
745,1051807,thulzp2015,"2017-11-13 02:00:30",0.28986,1,thulzp2015
746,983628,[Deleted],"2017-11-20 07:31:59",0.28986,17,del=0fe81b74d9360cd5
747,983928,Tinkleing,"2017-11-16 06:58:50",0.28986,46,tinkleing
748,1081749,"Hyder Ali","2017-11-29 07:28:08",0.28986,13,hyder28
749,964624,GunaPandian,"2017-11-22 13:21:04",0.28986,6,gunapandian
750,1031041,"Alex Howard","2017-11-22 01:00:23",0.28986,9,alexhoward95
751,1066771,richarde,"2017-11-29 18:29:34",0.28986,16,richarde
752,970217,satadru5,"2017-11-28 07:17:12",0.28986,29,satadru5
753,1007754,InsanePro,"2017-11-20 10:57:23",0.28986,28,insanepro
754,979275,riki,"2017-11-28 09:32:09",0.28986,37,harresbintariq
755,1047319,hamko,"2017-11-13 07:31:18",0.28986,1,intelhamko
756,970175,Yoda,"2017-11-13 07:43:26",0.28986,7,sriramanathan
757,983431,"Yang Yu","2017-11-13 07:38:25",0.28986,45,popyy0101
758,1064228,"Ragul Ram J","2017-11-28 06:04:46",0.28986,25,ragulram
759,1086418,Awsomeasqc,"2017-11-13 08:05:56",0.28986,2,awsomeasqc
760,987757,Master,"2017-11-29 13:19:38",0.28986,30,nzabcd
761,966923,"Igor Krashenyi","2017-11-13 08:16:35",0.28986,1,igorkrashenyi
762,966587,HimakundMallampalli,"2017-11-29 06:57:45",0.28986,45,himakund
763,960796,MiroslavTyurin,"2017-11-13 10:10:16",0.28986,27,miroslavtyurin
764,968370,Boooooost,"2017-11-15 08:19:30",0.28986,52,"hzdy1994,yuvitu"
765,1118418,"Nico Belov","2017-11-23 09:58:59",0.28986,3,travelerspb
766,1056357,bravelucky,"2017-11-29 22:03:19",0.28986,4,bravelucky
767,959813,Kohei,"2017-11-16 16:59:54",0.28986,5,confirm
768,1043620,Euler,"2017-11-16 23:45:46",0.28986,3,nishan89
769,957399,"NA NA NA NA NA NA NA NA NA NA NA NA NA NA NA NA NA NA NA NA NA","2017-11-12 17:22:55",0.28986,54,sidharthkumar
770,965064,M,"2017-11-13 08:04:36",0.28986,9,mrlong
771,1025306,whalejasmine,"2017-11-19 00:58:16",0.28986,4,whalejasmine
772,1056177,lefant,"2017-11-29 12:01:28",0.28986,3,lefant
773,997048,Smarvle,"2017-11-27 04:37:47",0.28986,29,"armanmk,jmoshfegh,mshadian,rsoltani1"
774,1065792,"Anwar Haq","2017-11-29 23:09:29",0.28986,10,anwartheravian
775,1059416,Kain,"2017-11-26 08:13:03",0.28986,46,del=df8f74683636a4d4
776,953137,"Pan Tofelek","2017-11-28 17:03:12",0.28986,54,sionek
777,1086907,SalvoMcL,"2017-11-27 10:39:31",0.28986,10,del=bec41cd78df7afef
778,1087203,"Vate Ye","2017-11-12 14:25:51",0.28986,2,vateye
779,984994,"Alex Glinsky","2017-11-16 21:25:07",0.28986,47,alexionby
780,1017327,HeatUP,"2017-11-26 19:18:19",0.28986,24,"del=db9897027c5c3b8c,vladimirsh"
781,955385,HarshVardhan,"2017-11-13 07:53:58",0.28986,35,harshvardhan0709
782,956876,Rookiego,"2017-11-12 15:06:22",0.28986,17,coderview
783,962277,"Yossi Cohen","2017-11-19 23:06:37",0.28986,29,yossico
784,1005021,Luckick,"2017-11-13 22:44:09",0.28986,3,luckick
785,1014768,"Leonid Sinev","2017-11-29 21:17:00",0.28986,8,lsinev
786,1058856,vinitmuchhala,"2017-11-14 13:40:13",0.28986,13,vinitmuchhala
787,994454,feehmt,"2017-11-23 21:52:14",0.28986,10,feehmt
788,1061653,"Chen Wang","2017-11-15 06:27:28",0.28986,3,cwang98
789,1091491,Fayl,"2017-11-15 23:12:36",0.28986,2,liufei86
790,975151,zhangxqs08,"2017-11-27 20:08:20",0.28986,31,zhangxqs08
791,1005585,fly_hi_the_lb,"2017-11-29 23:48:47",0.28986,42,flyskyhi
792,1063681,"Mohammad Akram Hossain","2017-11-17 23:52:14",0.28986,4,mah228
793,988587,DeanDie,"2017-11-19 10:33:55",0.28986,27,deandie
794,1075064,echo_pang,"2017-11-21 04:58:16",0.28986,4,yinrui02
795,1020976,Symanzik,"2017-11-29 23:23:54",0.28986,17,"huaweicern,wwb203"
796,957797,"Sandeep Singh Adhikari","2017-11-29 10:48:00",0.28986,46,sandeep30790
797,996121,Ruslan,"2017-11-28 09:26:36",0.28986,15,dautovri
798,967394,AviaRatzon,"2017-11-18 22:01:57",0.28986,22,aviaratzon
799,979217,"Yang  Zhang","2017-11-29 08:35:38",0.28986,21,hitszzy
800,1111975,BingyiLi,"2017-11-22 04:43:28",0.28986,3,lbyg1003
801,1013085,VictorHBD,"2017-11-29 12:56:23",0.28986,22,victorhbd
802,966175,selflearning,"2017-11-27 06:31:10",0.28986,3,selflearning
803,955887,Brian,"2017-11-29 16:46:16",0.28986,17,xiezhongzhao
804,958796,"Ravi Teja Gutta","2017-11-29 22:47:57",0.28986,35,rteja1113
805,1003647,Lyrae,"2017-11-13 10:02:23",0.28986,12,lyraehaven
806,1089903,"Igor Lakomov","2017-11-13 10:41:33",0.28986,1,lakomka33
807,981682,"Erlich Bachman","2017-11-29 05:25:54",0.28986,42,manishsaraswat
808,1024784,"Hello nnn","2017-11-13 10:49:05",0.28986,15,nnn211
809,1000785,YoshiakiYasumizu,"2017-11-13 10:57:13",0.28986,4,yyoshiaki
810,1086047,SuryaRed'e,"2017-11-23 07:42:47",0.28986,4,suryared
811,958466,Rudolph,"2017-11-23 16:42:44",0.28986,21,rshally
812,1046175,Chauncey,"2017-11-29 16:00:48",0.28986,31,chauncey95
813,1001214,MaheshKulkarni,"2017-11-18 03:27:10",0.28986,20,maheshak04
814,962990,"Mr Mateusz","2017-11-13 23:13:08",0.28986,14,thematttrader
815,1008050,vr.lt,"2017-11-13 12:44:50",0.28986,5,valdaslt
816,1001439,"Alex Parinov","2017-11-27 18:12:29",0.28986,16,creafz
817,995942,twilight,"2017-11-18 09:17:10",0.28986,9,hyz7k7k
818,1057818,"Faster AI","2017-11-29 23:57:13",0.28986,27,"dgovender,mindtrinket"
819,996731,修仙,"2017-11-13 14:41:37",0.28986,2,"hbghhy,wuwangyu"
820,1087236,watermelongun,"2017-11-19 02:03:34",0.28986,10,watermelongun
821,1010695,Lucask,"2017-11-16 07:58:50",0.28986,17,slidelucask
822,964368,"varun nambiar","2017-11-13 15:43:37",0.28986,9,varunnambiar
823,1010801,"Jason Altieri, ASA, MAAA","2017-11-15 13:58:43",0.28986,52,jaltieri
824,1031446,LuanHo,"2017-11-13 16:17:09",0.28986,4,luanho
825,965475,richb,"2017-11-15 09:21:58",0.28986,96,richb123
826,996692,"Super HACKAH","2017-11-24 09:36:13",0.28986,35,aminesadeq
827,1114732,"les Tanches","2017-11-29 16:13:07",0.28986,15,"antoinedandi,jennymansour,manon643,marclf"
828,1011594,Vishnu,"2017-11-29 20:48:09",0.28986,14,vishnusupreet
829,965874,rosh,"2017-11-27 17:20:09",0.28986,6,rosh18
830,998574,"Salim Dohri","2017-11-29 09:48:24",0.28986,16,cythun
831,972859,saby,"2017-11-24 11:22:07",0.28986,9,ssahoodotinfinity
832,1010781,HM,"2017-11-17 20:29:12",0.28986,10,xiaomen
833,1057123,paulz11,"2017-11-13 21:52:30",0.28986,1,paulz11
834,962502,"T Gagne","2017-11-29 20:58:47",0.28986,29,tgagne
835,987090,cjvegi,"2017-11-28 21:56:48",0.28986,21,chiranjeevivegi
836,963109,safe_driver,"2017-11-14 00:47:24",0.28986,9,carlosdutra
837,1092062,"xff and xff","2017-11-14 00:59:44",0.28986,1,hf7726279
838,1012290,"Wei Chen","2017-11-14 01:12:40",0.28986,8,wsupercool
839,969077,double-d,"2017-11-29 06:33:21",0.28986,68,degraw
840,973518,dsmlkz1,"2017-11-28 03:09:52",0.28986,90,"akasyanama13,alanbaraban,cruigo93,hoogleraar,janewho,sneddy"
841,953997,Wrong,"2017-11-14 03:02:18",0.28986,4,miguelllana
842,1083344,"Christopher Paul Csiszár","2017-11-29 07:25:22",0.28986,2,cpcsiszar
843,986790,"Gavin Chen","2017-11-14 05:01:16",0.28986,4,weijunchen
844,972862,"Takuya Akiyama","2017-11-14 05:08:00",0.28986,6,mtfall
845,955316,ckchou,"2017-11-14 05:53:21",0.28986,74,sgck43248
846,988295,Ytra,"2017-11-29 18:33:25",0.28986,13,"mohitk,vrana95"
847,977155,AshwaniSingh,"2017-11-23 13:08:11",0.28986,5,dara2dta
848,958349,Tenich,"2017-11-14 13:34:50",0.28986,3,tenich
849,1065483,"Joel Lee","2017-11-21 06:45:11",0.28986,9,jzerox2
850,1042829,ostron,"2017-11-14 16:59:45",0.28986,5,ostron
851,963684,"Cristian Yones","2017-11-21 18:56:44",0.28986,10,cyones77
852,1060334,(ㆁᴗㆁ✿),"2017-11-14 18:02:16",0.28986,2,feiranji
853,1094457,"Salil Gautam","2017-11-14 18:20:07",0.28986,1,salil007
854,1002302,"Fan Fei Chong","2017-11-14 19:21:09",0.28986,4,clarkchong
855,966449,DongheeLee,"2017-11-14 20:36:41",0.28986,31,dongheerhie
856,1020810,"Zhengyi Zhu","2017-11-26 03:12:13",0.28986,2,zzhu56
857,956360,"Peiran Cao","2017-11-27 03:23:45",0.28986,33,peirancao
858,1053849,Pierre-Chaville,"2017-11-14 22:06:14",0.28986,13,pchaville
859,953271,"Paulo Pinto","2017-11-29 22:21:24",0.28986,117,paulorzp
860,1090958,Zuraya,"2017-11-16 00:21:39",0.28986,11,zurayahc
861,1074446,"Yan Wu","2017-11-20 04:00:31",0.28986,11,kriswu
862,1094028,"Somshubra Majumdar","2017-11-15 05:08:00",0.28986,2,somshubramajumdar
863,1093772,naru8298,"2017-11-15 04:40:17",0.28986,1,naru8298
864,1085310,"Weijie Gao","2017-11-29 21:51:36",0.28986,6,gweijie
865,1057663,RW0,"2017-11-15 06:21:45",0.28986,6,jsong9
866,1033087,"Artem Erokhin","2017-11-23 15:29:10",0.28986,22,ggofat
867,986292,Geeko,"2017-11-15 06:53:18",0.28986,7,sbairishal
868,996225,"Deep Vikings","2017-11-15 07:50:24",0.28986,17,"adamhart,jonask,strali"
869,1013144,"Gleb Povaliy","2017-11-15 09:17:38",0.28986,1,glebpovaliy
870,970482,"Shiat team","2017-11-15 10:56:36",0.28986,33,"huseinzol05,leeboonkong"
871,1047458,"A team name","2017-11-15 14:29:51",0.28986,17,"del=aa872185ee51cfd2,janekkmiec"
872,1003831,"Code Killerz","2017-11-15 14:30:05",0.28986,19,"michaelperdika,santiagoruiz,steremma"
873,968056,ZaidFast,"2017-11-28 16:10:44",0.28986,28,zaidfast
874,978345,"Aniruddha Gupta","2017-11-29 00:06:36",0.28986,20,bondmanu
875,953245,Vilmar,"2017-11-28 10:10:17",0.28986,18,vilmar
876,958552,Kirgsn,"2017-11-15 20:55:22",0.28986,21,wkirgsn
877,1028305,gcha2262,"2017-11-18 13:08:14",0.28986,33,gcha2262
878,983995,"Hitesh palamada","2017-11-16 06:55:03",0.28986,5,hiteshp
879,958518,FFL75,"2017-11-16 09:41:54",0.28986,39,del=d6bdf1cade00cf8d
880,1037419,Yatishkumarbn,"2017-11-16 11:07:40",0.28986,1,yatishbn
881,979430,kajyuuen,"2017-11-16 11:21:02",0.28986,8,kajyuuen
882,1020145,kanzan,"2017-11-16 14:40:39",0.28986,22,"kylexy999,zhengneng"
883,958768,PavelLiashkov,"2017-11-23 09:31:30",0.28986,14,bigbag1983
884,959753,"Ashish Kumar","2017-11-16 15:37:13",0.28986,3,akumar6
885,966130,"Sachin Kelkar","2017-11-21 10:47:03",0.28986,9,s4chin
886,1070924,aditikalra,"2017-11-16 17:32:40",0.28986,15,akalra
887,1010347,"Anurag Punia","2017-11-16 19:37:34",0.28986,29,darkforest
888,992375,"Ratnakar Pawar","2017-11-29 03:55:35",0.28986,12,rpwr021
889,1054412,"Zeeshan Ali Sayyed","2017-11-17 09:45:13",0.28986,4,zeeshansayyed
890,1103929,SimonLiu,"2017-11-17 08:11:11",0.28986,1,liuziao
891,1017427,Zephyr-D,"2017-11-29 23:14:04",0.28986,9,zephyrd
892,990441,"lucas weissert","2017-11-17 11:30:19",0.28986,20,lucasweissert
893,1067947,TMukherjee,"2017-11-17 12:11:50",0.28986,4,tapabrata2009
894,1033247,"Kevin Bernardini","2017-11-17 16:45:37",0.28986,7,waterpiaf
895,1046990,lololololololol,"2017-11-17 16:14:02",0.28986,12,mocamoca
896,1102079,"Kenton Wyckoff","2017-11-17 16:53:15",0.28986,3,wyckoff1
897,1063879,hawks10,"2017-11-29 23:56:38",0.28986,9,amazone
898,1105301,"Jordan Tremoureux","2017-11-18 08:52:28",0.28986,3,jtremoureux
899,1106478,"Santosh Mashetty","2017-11-18 06:35:42",0.28986,9,smashett
900,1070631,"Santosh Madhav Mashetty","2017-11-18 02:58:18",0.28986,10,msantoshmadhav
901,1023087,"Eduardo Franco","2017-11-18 00:37:53",0.28986,7,eduzznet
902,1047258,DanielGrzenda,"2017-11-28 06:13:54",0.28986,6,danielgrzenda
903,1086874,KabukiStreet,"2017-11-18 12:19:05",0.28986,10,kabukistreet
904,955143,"Nandy Singh","2017-11-27 18:45:19",0.28986,34,nandys
905,1002856,huibibi,"2017-11-29 07:11:29",0.28986,6,huibibi
906,959737,里尔天团,"2017-11-23 16:08:23",0.28986,45,liuyingqi
907,1104354,junshen1994,"2017-11-18 09:58:20",0.28986,3,junshen1994
908,966993,Datadoume,"2017-11-18 12:54:02",0.28986,4,rdoume
909,962504,"Mohammed Amir","2017-11-18 13:14:46",0.28986,78,mdameruddin
910,966753,"Pedro Castanha","2017-11-18 13:56:12",0.28986,31,pcastanha
911,1024448,EnttäuschtesKind,"2017-11-18 14:05:34",0.28986,3,scratgirl
912,1107390,senkin13,"2017-11-18 14:45:12",0.28986,1,senkin13
913,981513,"Jithu R Jacob","2017-11-18 18:03:51",0.28986,13,jithurjacob
914,1110235,"Chris Dong","2017-11-19 05:21:16",0.28986,1,cadong
915,1072907,BolinLi,"2017-11-19 07:38:34",0.28986,4,cowlog
916,1039066,Vinay,"2017-11-19 22:51:43",0.28986,10,vinnsvinay
917,968747,"Pooya Ashtari","2017-11-19 08:16:52",0.28986,7,pooya1989
918,999624,philippebert,"2017-11-19 09:57:16",0.28986,7,philippebert
919,1085220,Javi,"2017-11-19 11:08:22",0.28986,1,javimm
920,984118,Wanglei,"2017-11-19 13:45:00",0.28986,21,zhuifeng414
921,997334,H.Okano,"2017-11-19 14:47:03",0.28986,8,xmilieux
922,970198,Netero,"2017-11-19 14:51:12",0.28986,9,kikimiaouw
923,1047244,JunfaZhu,"2017-11-25 01:57:02",0.28986,25,del=eb5eb8f347676918
924,994716,JYAhn,"2017-11-19 20:07:06",0.28986,10,jy93630
925,1045662,"Aleksandr Shatilov","2017-11-29 17:33:49",0.28986,3,ashatilov
926,1112556,devcheikh,"2017-11-20 00:29:22",0.28986,2,del=9ce2c2ad44d6351e
927,1030314,os_preditores,"2017-11-29 23:43:11",0.28986,3,"agarw099,kunalkotian"
928,987515,yilisg,"2017-11-20 02:23:30",0.28986,2,yilihome
929,965573,"Abhishek Anand","2017-11-20 04:25:01",0.28986,5,abhishekanand
930,1069837,ximibbb,"2017-11-28 14:22:44",0.28986,6,maoss1994
931,989839,LeoGo2017,"2017-11-29 03:04:58",0.28986,12,leogo2017
932,1000858,"Scott Thompson","2017-11-22 22:20:17",0.28986,4,sthompson
933,994521,"CH G","2017-11-29 09:04:27",0.28986,14,gangadher
934,1113796,"max gol","2017-11-29 15:57:21",0.28986,4,maxgoldin
935,1105500,"Alfred Long","2017-11-29 13:48:13",0.28986,4,yohanlong
936,1094108,tennisky,"2017-11-23 13:49:45",0.28986,4,tennisky
937,969384,utkd,"2017-11-21 07:34:03",0.28986,6,utkd57095
938,1046001,"Francisco Fatore","2017-11-29 19:12:13",0.28986,6,fatore
939,1038559,"Jake Toffler","2017-11-20 19:19:32",0.28986,2,jtoffler
940,1008416,"Nuria Reyes","2017-11-20 20:27:16",0.28986,11,nuriar
941,953979,"we train on microwave","2017-11-20 20:34:25",0.28986,1,"koolski,krainevkonstantin,vatamorgana"
942,960233,"Varov Aleksandr","2017-11-24 12:33:35",0.28986,15,svarov93
943,954779,GTMD_UESTCACM,"2017-11-21 07:23:39",0.28986,45,"he0zhu,qscqesze2"
944,1117204,tomo_will,"2017-11-28 15:45:10",0.28986,2,tomowill
945,1062402,Keberger,"2017-11-21 13:12:57",0.28986,9,keberger
946,1118234,"Alex Natekin","2017-11-21 13:21:39",0.28986,1,natekin
947,973754,"Maksimov Konstantin","2017-11-21 13:31:30",0.28986,9,maksimovka
948,1118500,resolut,"2017-11-29 14:53:17",0.28986,2,resolut
949,1118672,Algis,"2017-11-21 15:39:35",0.28986,1,dumbris
950,953455,B76120,"2017-11-28 12:39:56",0.28986,39,"astromid,belkakari,palsol"
951,1116043,"Evgeny Kononenko","2017-11-21 16:57:26",0.28986,3,lenny27
952,1026436,Nevermore_Lee,"2017-11-29 21:08:57",0.28986,27,spfantasy
953,1000297,oreki47,"2017-11-21 22:32:14",0.28986,72,oreki47
954,997865,mango,"2017-11-29 23:54:04",0.28986,45,kulara
955,1116412,Minxuan,"2017-11-28 01:51:59",0.28986,8,minxuanchen
956,1041475,PatrickYang,"2017-11-29 06:32:04",0.28986,3,mathesaurusrex
957,1113540,"Chen-Yi Wang","2017-11-22 03:24:30",0.28986,2,heien789
958,1019753,Subs,"2017-11-22 03:30:03",0.28986,8,shashidhar26
959,994604,"ML Byte","2017-11-23 09:21:17",0.28986,24,"ahmedalesh,johng2017,raghuicecraft,shaz13"
960,993331,Aagam,"2017-11-27 06:31:35",0.28986,17,aagamjain
961,976412,"Olof Markstedt","2017-11-22 06:59:47",0.28986,31,firogen
962,1096751,justart,"2017-11-22 09:51:31",0.28986,1,justart
963,984224,"William N","2017-11-22 13:47:20",0.28986,31,wngauv
964,968211,"Vinod Sundaram","2017-11-28 23:33:48",0.28986,25,vinodsundaram
965,955307,"Siddharth Chandrakant","2017-11-29 17:55:18",0.28986,7,sadz2201
966,1123025,"AlinaZhu // MLTrainings","2017-11-23 15:56:45",0.28986,4,alinazhu
967,1123136,[Deleted],"2017-11-22 19:40:51",0.28986,1,del=36395dec1cafe5a0
968,1013943,"Emil Kayumov","2017-11-22 23:08:46",0.28986,1,emilkayumov
969,1054306,ZhishengLin,"2017-11-29 20:01:25",0.28986,8,whocaresyou
970,954895,"geo mac","2017-11-23 06:13:44",0.28986,62,coinlab
971,1072191,"Vanessa Zheng","2017-11-23 06:43:54",0.28986,4,vz0624
972,1000702,Joy,"2017-11-27 11:41:02",0.28986,12,zgcgreat
973,984666,"黄 煜楠","2017-11-23 08:36:12",0.28986,6,wolaicarry
974,964006,"Ben Lai","2017-11-23 08:58:16",0.28986,15,benlai
975,976161,"Saurabh Gupta","2017-11-23 11:36:00",0.28986,3,saustar
976,957759,"Miguel Alcala","2017-11-28 18:16:57",0.28986,5,miguelalcala
977,1025148,"Pietro Marinelli","2017-11-29 18:44:22",0.28986,22,pietromarinelli
978,970523,"Didrik Helsing","2017-11-23 14:52:33",0.28986,11,helsing
979,1045166,"Shuhei Fujiwara","2017-11-23 15:37:12",0.28986,2,sfujiwara
980,1033659,"Danai Avgerinou","2017-11-23 18:10:18",0.28986,7,danavg
981,1002776,Trevizo,"2017-11-23 21:11:11",0.28986,15,trevizo
982,1074142,AARL,"2017-11-29 23:56:26",0.28986,28,"antoineroncoroni,antonin82,lucagana,redouanedziri"
983,1062709,Rodrigo,"2017-11-24 03:58:19",0.28986,2,rfalmeida
984,955194,WangMH,"2017-11-24 04:25:22",0.28986,15,haozhuai
985,953931,Dany,"2017-11-24 14:21:24",0.28986,15,danycold
986,1130397,"Sitesh Indra","2017-11-26 12:44:01",0.28986,8,sitesharyan
987,1046335,"asmita vikas","2017-11-29 03:12:46",0.28986,24,asmitavikas
988,993503,"John Love-Love","2017-11-26 13:42:37",0.28986,22,johnlovelove
989,1037741,armamut,"2017-11-28 19:07:39",0.28986,9,armamut
990,1108319,Minhao,"2017-11-25 14:13:12",0.28986,5,minhao
991,955292,"Florian Laroumagne","2017-11-28 16:17:01",0.28986,4,laroumagne
992,1030510,YTIAN,"2017-11-29 08:56:23",0.28986,11,yutian1
993,1023053,"Forza Pisa","2017-11-29 23:46:58",0.28986,42,borisman
994,963724,2017AU,"2017-11-25 23:59:39",0.28986,10,liuz121714
995,1020847,hanhaonwu,"2017-11-26 02:19:42",0.28986,4,hanhaonwu
996,1071928,"Holly Capell","2017-11-26 02:31:05",0.28986,3,hcapell
997,953259,"Top Security","2017-11-28 23:21:45",0.28986,13,datafad
998,955067,"Sonny Laskar","2017-11-26 08:35:37",0.28986,19,sonnylaskar
999,1066133,shiyandu,"2017-11-26 10:36:55",0.28986,19,"kittyqinliu,shiyandu"
1000,1034322,chengchengx,"2017-11-26 18:28:34",0.28986,28,chengchengx
1001,1105681,dandanier,"2017-11-29 15:09:00",0.28986,13,dandanier
1002,964282,"Bama Boyz","2017-11-28 22:57:03",0.28986,42,"mbcollins2,tklarkin"
1003,1113200,"Jin Ma","2017-11-29 12:50:33",0.28986,12,jinmahkust
1004,1034066,"Mathew Shaw","2017-11-28 03:04:09",0.28986,11,mathewjshaw
1005,987435,IFAN,"2017-11-27 04:11:51",0.28986,29,yifanvnir
1006,975166,"The Pie","2017-11-27 08:06:36",0.28986,26,"iamsafy,sabihul"
1007,1025469,chechevatov,"2017-11-29 13:21:24",0.28986,16,chechevatov
1008,1092795,HDUC,"2017-11-27 14:39:38",0.28986,2,yangdaichuan
1009,1131050,NUDT丁兆云DM课程,"2017-11-28 07:27:09",0.28986,12,lipei13
1010,959956,eV92,"2017-11-27 16:07:09",0.28986,49,etienne92
1011,1037889,Rajeev,"2017-11-29 00:06:23",0.28986,7,rajeevmeda
1012,966884,"Himanshu Chaudhary","2017-11-28 15:29:45",0.28986,12,him4318
1013,957321,spiderman,"2017-11-28 08:38:35",0.28986,7,mkowshik
1014,1093735,没有队友的我,"2017-11-28 08:41:32",0.28986,2,yummylee
1015,983363,fengsuiyan,"2017-11-28 13:55:48",0.28986,26,fengsuiyan
1016,1048066,"Future Gadget Laboratory","2017-11-29 10:44:12",0.28986,3,morilock
1017,1067106,U023,"2017-11-29 23:57:09",0.28986,21,ryutek
1018,972466,"Nick S. Iyer","2017-11-28 16:54:31",0.28986,1,nicksiyer
1019,1090386,Marabout,"2017-11-28 17:30:05",0.28986,12,"benjaminbarral,benzizou,marabout"
1020,954116,"Rishabh Shukla","2017-11-28 19:15:50",0.28986,10,rishabhshukla
1021,1041371,X_alpha,"2017-11-28 21:17:06",0.28986,5,"icetinger,mateusfccarvalho,spilcer"
1022,974879,MechCoder,"2017-11-28 22:08:17",0.28986,6,shujian
1023,1115680,Szery,"2017-11-28 23:40:42",0.28986,7,szerus
1024,1073702,"Norberto Gutierrez","2017-11-28 23:48:55",0.28986,2,kagnor
1025,1119362,"Team Fiska 3A","2017-11-29 19:47:30",0.28986,6,"abdessamadeddahmouni,achrafbahamou,redaouhamma"
1026,953218,Selim_Sef,"2017-11-29 17:06:05",0.28986,9,selimsef
1027,969694,"Shih-Yang Lin","2017-11-29 03:48:44",0.28986,11,errard
1028,1081789,aiot_T,"2017-11-29 05:20:18",0.28986,5,"komajun,pooseijin,rokiso"
1029,966417,YPS9,"2017-11-29 04:45:37",0.28986,49,yogesh09
1030,1080274,"Jiasheng Zhu","2017-11-29 07:46:05",0.28986,9,jiashengzhu
1031,974524,[Deleted],"2017-11-29 06:06:20",0.28986,26,del=7993c23d393750f0
1032,1057991,"Yiqiang Zhao","2017-11-29 08:48:01",0.28986,7,yiqiangzhao
1033,990353,aakashkerawat,"2017-11-29 10:12:34",0.28986,32,aakashkerawat
1034,954961,masterLiu,"2017-11-29 10:04:09",0.28986,27,masterliu
1035,1089811,Prudvi,"2017-11-29 11:56:10",0.28986,19,prudhvirazz
1036,1005793,MoYi,"2017-11-29 13:48:15",0.28986,16,moyiyoudao
1037,1022530,"Weijia DU","2017-11-29 14:52:32",0.28986,6,weijiadu
1038,958594,xboard,"2017-11-29 15:46:37",0.28986,26,xboard
1039,1050015,X,"2017-11-29 15:57:11",0.28986,7,"biubiuruan,del=3c5387149312cf34,flyinghamster,zhihaop"
1040,1111773,SathviSiva,"2017-11-29 16:12:24",0.28986,7,sathvisiva
1041,1043690,traims,"2017-11-29 21:51:39",0.28986,4,traims
1042,1007060,d3,"2017-11-29 22:26:41",0.28986,7,zeworst
1043,1023491,xiao2mai,"2017-11-29 23:28:34",0.28986,4,xiao2mai
1044,975742,"Vitor Hugo De Luca","2017-11-29 23:11:50",0.28986,3,vitordeluca
1045,970108,mijim,"2017-11-13 12:14:38",0.28986,82,jimgoh
1046,1008035,r2whereru?,"2017-11-14 20:03:06",0.28986,28,joncarlisle
1047,968589,JanhaviKulkarni,"2017-11-17 20:34:32",0.28986,29,janhavi2004
1048,1112254,SylviaZhao,"2017-11-19 22:31:27",0.28986,1,zhaosy
1049,953311,"Rob Wishart","2017-11-29 20:11:43",0.28986,107,robwishart
1050,1092138,"Siavash Mortezavi","2017-11-22 09:18:22",0.28986,6,smortezavi
1051,1024772,yeonmin,"2017-11-27 13:45:38",0.28986,18,yeonmin
1052,959075,"The Brazilian Job","2017-11-29 01:45:59",0.28986,11,jofaichow
1053,1042629,CYZhao0709,"2017-11-14 11:22:38",0.28986,4,cyzhao0709
1054,1031071,"Sai Krishna","2017-11-28 03:58:12",0.28986,17,omsairam
1055,954141,"Max Wang","2017-11-22 14:18:03",0.28986,8,wangshuo0225
1056,1005408,加拿大,"2017-11-29 06:27:50",0.28986,26,canada
1057,1055060,tiyyi,"2017-11-21 02:04:28",0.28986,11,doraemon0
1058,1116824,LKwek,"2017-11-29 01:40:27",0.28986,32,vancharmlab
1059,964214,Rupesh|Bhavesh|Pankaj|Saurabh,"2017-11-28 17:09:56",0.28986,77,"bhavesh302,pankajvshrma,rupeshwadibhasme,skhemka"
1060,963498,MN1838,"2017-11-28 20:13:50",0.28986,83,mnrman
1061,1025941,KonFerMo,"2017-11-29 23:11:47",0.28986,12,mkfzehl
1062,953809,raddar,"2017-11-29 23:55:05",0.28986,40,raddar
1063,954381,huiqin,"2017-11-28 10:59:30",0.28986,26,qinhui1999
1064,954396,"Sergej Novik","2017-11-29 10:24:07",0.28986,103,snovik1975
1065,1022973,"The Ox","2017-11-25 18:53:05",0.28985,38,peterdekkers101
1066,1014005,BrianYang,"2017-11-29 03:07:07",0.28985,79,brianyang
1067,1076763,Alamot,"2017-11-28 18:28:18",0.28985,16,alamot
1068,1009116,"James Requa","2017-11-25 03:31:01",0.28985,12,jamesrequa
1069,979965,datadog,"2017-11-22 00:03:06",0.28985,21,"somnisight,yiyangw"
1070,978575,"Nicholls Cheeseburger","2017-11-29 14:00:09",0.28985,23,"krerag,kubqr1"
1071,1037400,"Sergey Isaev","2017-11-29 19:43:07",0.28985,7,isvforall
1072,998352,Done,"2017-11-09 00:37:07",0.28984,24,stonedl
1073,1089745,"Alex Gaziev","2017-11-27 09:33:23",0.28984,12,alexgaziev
1074,958562,"Gray Magic","2017-11-28 09:17:34",0.28984,98,"axelbellec,maxhalford"
1075,1040762,CInapse,"2017-11-29 13:51:35",0.28984,31,"docstanyo,msvalter,pauloadeodato,starch"
1076,966078,sl02,"2017-11-16 15:33:53",0.28984,18,laxmsun
1077,968909,aseibs,"2017-11-23 01:28:51",0.28984,7,aseibs
1078,1122168,DB,"2017-11-29 12:29:28",0.28984,47,"qiantw,zhangsy"
1079,1087390,shiMu,"2017-11-29 03:55:38",0.28984,9,ddongjian0001
1080,955272,"Pierre Tisseur","2017-11-23 13:08:51",0.28984,42,pierretisseur
1081,1004994,"Vitaly Sedelnik","2017-11-29 20:24:34",0.28984,33,vsedelnik
1082,962484,"Eric Oakley","2017-11-20 01:12:31",0.28984,15,eoakley
1083,970699,"Felipe Antunes","2017-11-26 18:40:37",0.28984,65,felipeleiteantunes
1084,974746,camperr,"2017-11-29 14:39:08",0.28984,10,camperr
1085,973919,Czr-JH,"2017-11-29 16:44:45",0.28984,59,"czr2100,jorgehumberto"
1086,973883,Qikai,"2017-11-27 22:49:12",0.28984,5,qikaigu
1087,954240,"Kyle (doing the O..F..)","2017-11-24 04:09:05",0.28984,62,kylelee
1088,1030603,MadScientist,"2017-11-24 21:21:14",0.28984,35,keremt
1089,1114592,"Bulat Burganov","2017-11-28 23:20:18",0.28983,6,burganov
1090,965918,DmS,"2017-11-27 08:28:55",0.28983,6,dmitrii1985
1091,966013,"Ivan Filonov","2017-11-25 22:49:49",0.28983,56,ivanfilonov
1092,1098401,"Changdong Jia","2017-11-29 23:00:23",0.28983,15,changdongjia
1093,1092720,"CA Goose","2017-11-29 16:20:47",0.28983,32,kenwat
1094,997161,Ferz,"2017-11-29 12:04:31",0.28983,218,ferz2015
1095,954549,"Ticket in hands","2017-11-29 18:39:58",0.28983,59,infinitewing
1096,985465,robf26,"2017-11-29 22:03:24",0.28983,18,robfrank26
1097,974115,jiiteecee,"2017-11-29 16:42:36",0.28983,58,jiiteecee
1098,1086815,dividedbyZero,"2017-11-29 22:54:59",0.28983,5,fcastanedo
1099,964692,"Zhengda He","2017-11-26 14:12:00",0.28982,42,crossbell
1100,957969,kos_,"2017-11-28 20:45:36",0.28982,18,phansoks
1101,1093137,"Sabine Matthys","2017-11-24 11:30:01",0.28982,18,calypso
1102,1096562,outrunner,"2017-11-17 06:58:54",0.28982,14,outrunner
1103,974460,Oasis,"2017-11-28 09:22:38",0.28982,78,krishnachaitanyam
1104,1023869,DuraQ,"2017-11-14 14:47:20",0.28982,9,lrmeulman
1105,956202,"Safe Haven inc","2017-11-22 19:20:52",0.28982,79,snowdog
1106,960411,"Zhuoran Liu","2017-11-29 14:32:45",0.28982,30,zhuoranliu
1107,1090077,"Ruslan Khalitov","2017-11-21 22:58:47",0.28982,10,ruslankhalitov
1108,1045266,Klena,"2017-11-29 04:53:09",0.28981,10,ezherko
1109,1067072,INF554_DO_LOISEAU_WANG,"2017-11-28 23:54:47",0.28981,38,"romainloiseau,thomas22145,virginiedo"
1110,954929,"No hand brake","2017-11-27 19:43:48",0.28981,9,alekseit
1111,989025,x-men,"2017-11-28 10:56:51",0.28981,16,mayanksoni
1112,1006891,wenliangtlh,"2017-11-29 12:30:00",0.28981,30,wenliangtlh
1113,969223,"preeth kumar","2017-11-29 04:12:23",0.28981,8,preeth
1114,956937,tosh,"2017-11-28 12:19:09",0.28980,120,ktts1031
1115,1058286,tangziyi001,"2017-11-17 20:37:48",0.28980,23,ziyitang
1116,1069704,Damon,"2017-11-28 12:28:00",0.28980,2,damondata
1117,1070221,XGBT,"2017-11-16 01:38:23",0.28980,44,"lizanlxm,wuwenzhao,zxren1989"
1118,963121,BruceOkallau,"2017-11-21 16:29:17",0.28980,37,bruceokallau
1119,961207,"Jil Jung Juk","2017-11-24 12:21:34",0.28980,3,ashwinths
1120,971286,JunYongTong,"2017-11-27 18:05:23",0.28980,66,jy2tong
1121,953262,DataGeek|GDA,"2017-11-08 06:06:46",0.28980,46,"chinta,thakurrajanand"
1122,973476,Toshnoue,"2017-11-23 17:46:56",0.28980,16,toshinoue
1123,988128,XsYang,"2017-11-29 14:48:00",0.28980,24,orayang
1124,1002426,ZFTurbo,"2017-11-15 14:42:10",0.28980,11,zfturbo
1125,960668,Krishnan,"2017-11-29 18:35:02",0.28980,15,krishnansailam
1126,1009049,Weikai,"2017-11-21 16:06:24",0.28980,31,wikaiqi
1127,960671,VikasSangwan,"2017-11-21 18:00:05",0.28980,52,trekkerthemaker
1128,956883,"Rodrigo Cossa","2017-11-27 02:11:06",0.28980,66,rocossa
1129,1084650,"Alexander Kireev","2017-11-29 20:57:08",0.28980,49,alexanderkireev
1130,954965,nickil21,"2017-11-28 18:14:02",0.28979,65,del=cf16af936707b476
1131,953661,gk,"2017-11-15 11:47:41",0.28979,62,girmak
1132,1046095,Jagan,"2017-11-12 11:49:38",0.28979,11,jagangupta
1133,957922,"Merah Putih","2017-11-29 05:18:17",0.28979,26,muhammadalfiansyah
1134,960615,"Finlay Liu","2017-11-15 13:02:15",0.28979,38,finlay
1135,983123,"Grzegorz Rucki","2017-11-29 16:45:29",0.28979,52,grucki
1136,1005697,"Jason Benner","2017-11-01 03:01:19",0.28979,59,jasonbenner
1137,1014370,ShuoZhang,"2017-11-29 03:40:45",0.28979,5,shuozhang
1138,1053953,Yaozhen,"2017-11-29 05:36:29",0.28979,22,yaozhen
1139,1007595,DSEverything,"2017-11-29 16:07:54",0.28978,132,dongxu027
1140,1016149,"Matt Rose","2017-11-29 20:40:30",0.28978,33,mattrose3
1141,966667,JorgePorca,"2017-11-10 12:42:43",0.28978,19,jorgeporca1
1142,1070460,"O Keisho","2017-11-25 14:35:24",0.28978,16,keisho
1143,1019065,"philosophical zombie","2017-11-26 18:38:01",0.28978,54,alturutin
1144,987832,Ouranos,"2017-11-29 22:18:44",0.28978,70,ouranos
1145,1006279,princejack,"2017-11-29 17:18:26",0.28978,12,princejack
1146,988325,donP,"2017-11-21 17:03:44",0.28978,29,don096
1147,967113,"Pedro Reis","2017-11-29 16:41:01",0.28978,84,pedromlsreis
1148,1039043,Jingangjing,"2017-11-29 00:57:52",0.28978,35,algoai
1149,965131,"Insight seekers","2017-11-26 10:34:52",0.28978,142,"asdf5678,saivarunk,shivakatepally"
1150,1081799,Sowmiyan,"2017-11-18 19:01:06",0.28978,23,sowmiyanm
1151,970243,"Stephan Andre","2017-11-27 20:41:12",0.28978,61,sandreds
1152,1040692,"Thy Khue Ly","2017-11-25 19:07:50",0.28978,10,thykhuely
1153,1068005,"Boosting X Teens","2017-11-27 15:54:59",0.28978,27,"aminabch,benlaldjnadjib,deborah2017,eberthier"
1154,980678,"Plus Ultra","2017-11-25 16:55:57",0.28978,28,"inoridv,leonardolima"
1155,1055305,dstar,"2017-11-26 02:36:38",0.28978,16,dssquad
1156,1086123,yanglh,"2017-11-24 06:17:47",0.28978,19,yanglh
1157,1029828,Ultimythe,"2017-11-28 18:29:42",0.28978,32,"del=c014469cc6dcca18,giomdal,laotseu"
1158,1065915,LHCK,"2017-11-29 22:03:45",0.28978,28,"cyrilma,kimang,lisabedin,minhhuong"
1159,1028866,"Ryan Hu","2017-11-26 07:06:43",0.28977,23,hujunwei
1160,1052835,"Meow Meow","2017-11-27 17:16:15",0.28977,17,"athipint,bbeebah,nattapatboon,palida"
1161,1109047,FernandoTN,"2017-11-22 16:30:35",0.28977,6,fernandotn24
1162,953371,Lain,"2017-11-29 23:38:10",0.28977,104,llain21
1163,965212,ddyykk,"2017-10-25 01:53:36",0.28977,86,del=362073f67afbf45b
1164,1036559,Aikann,"2017-11-28 14:37:55",0.28977,39,"aikann,axeldldl,salahz,vincentmallet"
1165,1100194,hoxosh,"2017-11-26 16:18:00",0.28977,22,cashfeg
1166,1063546,"Dmitrii Petukhov","2017-11-29 22:49:14",0.28977,70,jandevel
1167,1083197,robonyan,"2017-11-27 23:34:19",0.28976,10,lucamassaron
1168,990568,azreserach,"2017-11-24 10:47:10",0.28976,20,arminz
1169,989962,yunlianqk,"2017-11-17 09:31:16",0.28975,11,yunlianqk
1170,972706,beletecheneke,"2017-11-21 17:32:35",0.28975,83,beletecheneke
1171,954282,arvidzt,"2017-11-21 04:39:09",0.28974,12,arvidzt
1172,1119662,dmitrijsc,"2017-11-24 13:47:16",0.28974,11,dmitrijsc
1173,983291,SmokerX,"2017-11-16 09:38:31",0.28973,9,smokerx
1174,974556,Valhak,"2017-11-20 18:26:19",0.28973,18,valhak
1175,983268,jackkwok,"2017-11-21 06:09:31",0.28972,20,jackkwok
1176,1003236,"Kun Mei","2017-11-29 06:08:37",0.28972,117,damon302
1177,1044214,nimesh,"2017-11-23 22:08:57",0.28972,11,nimesh280
1178,963929,joconnor,"2017-11-18 03:14:10",0.28972,6,joconnor
1179,1081875,lovein33,"2017-11-29 16:54:17",0.28972,13,lovein33
1180,954504,ellenyusa,"2017-11-06 06:22:02",0.28972,28,ellenyusa
1181,960041,"Mr The Dave","2017-11-06 12:57:00",0.28971,99,mrthedave
1182,1053572,"Rajesh Vegi","2017-11-26 15:46:30",0.28971,40,rajeshvegi
1183,967111,"regressive dummies","2017-11-14 13:09:16",0.28971,115,"aleksanderwawrzeniuk,dawidkot"
1184,1055483,AkritiAgrawal,"2017-11-13 13:08:30",0.28970,8,akritiagrawal
1185,962044,"Generalise? What me?","2017-11-29 10:43:25",0.28970,166,datahobbit
1186,955366,Anisotropic,"2017-11-29 23:49:53",0.28970,33,arthurtok
1187,1065354,Archeries,"2017-11-21 10:24:37",0.28970,24,archeries
1188,964102,srinike,"2017-11-26 21:08:21",0.28970,25,srinike
1189,1031639,"Landry Mukonde","2017-11-29 14:30:04",0.28970,41,mxdigital
1190,1077137,anandi1989,"2017-11-28 14:31:37",0.28970,8,anandi1989
1191,995067,Bean,"2017-11-19 18:10:31",0.28970,46,datasec
1192,1063140,"Adam Ziv-el","2017-11-29 19:35:19",0.28969,28,zivi9423
1193,1108051,"Anurag Upadhyaya","2017-11-29 16:58:20",0.28969,8,anuragupadhyaya
1194,979016,tkm2261,"2017-11-21 19:09:15",0.28968,35,tkm2261
1195,978008,"LC & RK","2017-11-12 11:17:38",0.28967,44,"achanta,leocit"
1196,1088091,"Charles de Lastic_v3","2017-11-29 19:34:44",0.28967,9,"ltakumi,martymcmatton,mattcordier667,stygian2a"
1197,984412,GZHPXX,"2017-11-29 14:40:37",0.28967,51,aaroningz
1198,1116520,"Tejas Shahpuri","2017-11-21 02:46:37",0.28966,2,tejasshahpuri
1199,1050551,"Zhengjie Xu","2017-11-25 08:20:35",0.28966,14,zhengjxu
1200,1078502,"Franck My","2017-11-09 09:14:44",0.28966,2,jsh127
1201,992184,rztv,"2017-11-09 10:11:53",0.28966,3,rztv001
1202,967165,TeraFlops,"2017-11-09 20:10:32",0.28966,5,sekrier
1203,1050339,"Evgeniy Malishev","2017-11-19 15:49:05",0.28966,6,evgeniymalishev
1204,1025395,SeongYunByeon,"2017-11-23 11:53:07",0.28966,3,snugyun01
1205,1099856,EduardoLi,"2017-11-16 06:25:18",0.28966,1,eduardoli
1206,987260,"Jack Town","2017-11-29 06:01:02",0.28966,4,nirvanajian
1207,953443,"Pranav Pandya","2017-11-29 18:29:34",0.28966,24,pranav84
1208,1071801,"Jesse Cresswell","2017-11-08 02:27:06",0.28966,3,jessecresswell
1209,1063709,Adrian,"2017-11-07 00:10:16",0.28966,6,atfisnotatf
1210,965268,"Oleg Panichev","2017-11-23 14:24:53",0.28966,6,opanichev
1211,958717,"Dzianis Sokalau","2017-11-29 06:34:44",0.28966,51,dzianissokalau
1212,993905,terenceflow,"2017-11-29 14:27:13",0.28966,95,terenceflow
1213,1118088,"Van de Rakt","2017-11-29 07:14:15",0.28966,32,vanderakt
1214,1096260,haitao,"2017-11-28 09:19:19",0.28965,43,chenghaitaox
1215,970519,samet,"2017-11-29 22:18:17",0.28965,13,sametmarasli
1216,964452,"Dog W","2017-11-11 05:27:12",0.28965,3,yilin10
1217,1082939,TuoHan,"2017-11-11 05:41:07",0.28965,1,tuohan
1218,963142,Solstice,"2017-11-12 02:24:52",0.28965,16,ceyson
1219,963054,"AM Drifter","2017-11-16 02:04:04",0.28965,31,elhamdaouiabdelmajid
1220,1020033,Anon,"2017-11-28 06:58:47",0.28965,11,anwarsadique
1221,1020946,Ofd,"2017-11-11 22:02:57",0.28965,6,ofdomejean
1222,956280,bartuka,"2017-11-12 00:24:47",0.28965,15,bartuka
1223,1018135,"Nilesh Kadam","2017-11-12 02:35:28",0.28965,1,nileshkadam
1224,1086402,bosonn,"2017-11-12 06:23:43",0.28965,1,wenpuchen
1225,1092821,Falmumapp,"2017-11-19 11:50:28",0.28965,44,"adityadutta619,nithish007,shayak94"
1226,1034365,TimLee,"2017-11-12 07:01:48",0.28965,3,timolee
1227,1035042,DeveshMaheshwari,"2017-11-23 06:01:24",0.28965,44,devm2024
1228,1010663,..,"2017-11-17 05:47:46",0.28965,18,"corwinliu9669,jerry96"
1229,953111,DinislamOraz,"2017-11-27 08:37:35",0.28965,12,del=c62957d23bcea86e
1230,1040325,loveisp,"2017-11-29 23:41:45",0.28965,2,loveisp
1231,988396,"Gaurav Kumar","2017-11-12 03:18:34",0.28965,1,ricorocks
1232,984081,"Mengjie Liu","2017-11-14 11:14:28",0.28965,16,mengjieliu
1233,1100975,n_shepard,"2017-11-28 21:29:11",0.28965,1,nikolayionanov
1234,970072,DiveIntoCode_Mentors,"2017-11-29 21:55:14",0.28965,51,"lasershow,lastart1500,yifanxie,yoshimo8"
1235,988259,"stupid bird","2017-11-21 08:56:18",0.28965,92,"aizxmgood,geyumax"
1236,956633,yuriy,"2017-11-27 08:51:41",0.28965,55,yuriysyd
1237,1007316,Leonid,"2017-11-16 13:52:22",0.28964,20,cleonid
1238,953102,"Maximilian Bernkopf","2017-11-23 10:09:51",0.28964,84,mbernkopf
1239,1038660,mamopublic,"2017-11-09 16:17:47",0.28964,26,mamopublic
1240,1050470,hwangyh,"2017-11-29 23:32:37",0.28964,8,hwangyh
1241,1106524,Pastori,"2017-11-18 17:12:13",0.28963,5,juhoke
1242,1011361,Icecream,"2017-11-12 14:59:47",0.28963,23,icecream
1243,1014655,Ennn,"2017-11-29 00:08:53",0.28963,38,ekuutan
1244,982820,"Computer says no","2017-11-29 23:04:49",0.28963,114,gphilippis
1245,1048036,"Hardik Chawla","2017-10-30 06:18:40",0.28963,3,hchawla94
1246,962513,TaoL,"2017-11-20 18:19:15",0.28962,49,lingtop
1247,954822,Island,"2017-11-12 06:13:57",0.28962,18,y145287
1248,975101,"Héctor Plata","2017-10-31 20:28:33",0.28961,20,del=b73f9f958baf497d
1249,963357,Xiaohui,"2017-11-29 03:57:37",0.28961,15,zhengxh05
1250,985840,IlyaV,"2017-10-27 01:02:05",0.28961,15,ivalmian
1251,984269,NiNil974,"2017-10-27 07:55:34",0.28961,8,anilnarassiguin
1252,965012,"Vladimir Gmyzin","2017-11-20 19:48:40",0.28961,73,pushero
1253,970179,"MOHIT BHATIA","2017-10-29 14:53:50",0.28961,2,mohitbhatia
1254,975867,sneffort,"2017-11-02 01:36:23",0.28961,9,sneffort
1255,959532,"Chris Ried","2017-11-06 13:20:30",0.28961,32,digitalbro
1256,958160,AnilKumar,"2017-11-25 11:22:56",0.28961,5,anilkumar469
1257,1009954,siren.RP,"2017-11-03 08:08:41",0.28961,11,xiaoyujim
1258,989136,Patrick0815,"2017-11-06 17:55:22",0.28961,3,patrick0815
1259,1053164,"Discípulos de Cleber","2017-11-07 23:26:13",0.28961,5,"laviniapaganini,trakton"
1260,1065063,ChaosKin,"2017-11-15 11:20:37",0.28961,17,chaoskin
1261,954722,"Vyom Bani","2017-11-15 18:25:49",0.28961,41,banivyom
1262,1109260,Sichen,"2017-11-18 19:44:20",0.28961,1,schen90
1263,1093234,"Jeremy Han","2017-11-21 04:01:53",0.28961,5,jeremyhan111
1264,983862,"Club Algo IA","2017-11-21 16:03:45",0.28961,7,"clubalgoia,florianpons1"
1265,957918,Vijay,"2017-11-22 12:49:50",0.28961,41,ananthsrv
1266,954714,yokonami,"2017-11-25 07:44:34",0.28961,12,yokonami
1267,1115349,RahulVashisht,"2017-11-24 16:20:45",0.28961,17,vashisht
1268,1141441,rwamuks,"2017-11-28 17:40:21",0.28961,2,rwamuks
1269,1096371,MukeshYadhav,"2017-11-29 12:54:45",0.28961,4,mukeshmarimuthu
1270,1027617,bran,"2017-11-29 05:28:50",0.28961,27,bran123
1271,1028454,Vibish,"2017-11-15 15:55:29",0.28961,8,vibish
1272,1003613,"Ganesh Gadila","2017-11-12 16:51:49",0.28961,8,del=7d1d33825136a208
1273,1084245,wannibar,"2017-11-13 06:45:33",0.28961,2,wxyyxw
1274,1018454,AnqiWang,"2017-11-16 06:00:43",0.28961,4,remotedata
1275,981002,stat_champs,"2017-11-29 18:03:20",0.28961,36,"del=3ebd35ce775a461d,grvjitu"
1276,955821,nkd,"2017-11-18 12:12:14",0.28961,25,nitinkd
1277,1027023,H1kkiGakki,"2017-11-29 09:33:19",0.28961,10,wochidadonggua
1278,953645,"Rupak Thakur","2017-11-29 17:57:02",0.28961,7,rupakthakur
1279,1053005,Panos,"2017-11-22 14:08:00",0.28961,22,panosc
1280,987720,"Gabriel Preda","2017-11-13 16:34:35",0.28960,17,gpreda
1281,953564,andymasl,"2017-11-29 19:30:42",0.28958,124,andymasl
1282,985909,"Leonardo León Brenes","2017-11-17 21:25:13",0.28958,27,leoleon506
1283,1042498,misaka,"2017-11-17 17:04:23",0.28958,21,misaka
1284,1128420,H.Kim,"2017-11-25 05:27:59",0.28958,7,del=e7039f824f7da2e3
1285,957287,"Five Years","2017-11-01 13:02:26",0.28958,60,fiveyears
1286,979634,ErnstOldenhof,"2017-11-12 18:53:59",0.28957,8,donernesto
1287,1061688,"KY Wang","2017-11-16 06:13:15",0.28957,3,paopao945
1288,967678,DataStunner,"2017-11-16 07:22:42",0.28957,2,datastunner
1289,1107485,ChenHao,"2017-11-18 12:16:26",0.28957,2,chenhao2334
1290,1048300,"Guillaume B","2017-11-18 11:07:54",0.28956,8,z7700903
1291,1027073,"Shrey Bhatt","2017-11-27 09:36:17",0.28956,7,shreykbhatt
1292,1012557,danainsworth,"2017-11-25 06:10:43",0.28956,72,danainsworth
1293,1117460,HyperMiner,"2017-11-28 10:50:52",0.28956,18,ypeng1
1294,1000518,"julio nl","2017-11-28 22:23:48",0.28955,49,julionlopes
1295,970769,Yo828,"2017-11-29 23:53:53",0.28954,44,johanx
1296,990331,"Karthik Siva","2017-11-01 08:24:49",0.28954,25,kasivasu
1297,966950,olegpolivin,"2017-11-29 20:31:01",0.28954,133,olegpolivin
1298,976375,qmaruf,"2017-11-18 17:58:54",0.28953,32,qmaruf
1299,963562,cperiz,"2017-11-26 18:27:31",0.28953,41,cperis
1300,1013355,andrekos,"2017-11-29 18:20:49",0.28953,15,andrekos
1301,988348,wintershw,"2017-11-12 16:01:56",0.28953,8,wintershw
1302,1014633,.,"2017-11-17 02:35:36",0.28953,16,chenglongchen
1303,995276,"Don Lima","2017-11-28 23:22:08",0.28953,5,donlima
1304,960304,HyungsukKang,"2017-11-14 13:13:35",0.28953,70,sudosudoohio
1305,1069839,zonegrave,"2017-11-07 13:06:01",0.28952,2,zonegrave
1306,1006194,KiyonariHarigae,"2017-11-29 09:15:03",0.28952,76,cloudysunny14
1307,1081589,NSaviour,"2017-11-10 09:02:26",0.28952,1,nsaviour
1308,1038764,"Phu D. Nguyen","2017-11-21 08:58:27",0.28952,6,nguyenphu
1309,1003526,MrChenPeng,"2017-11-25 06:07:36",0.28951,98,mrchenpeng
1310,1071217,"Volley 2k15","2017-11-29 00:01:07",0.28951,20,"basileconfavreux,clementjumel,marcjourdan"
1311,975846,"Michael G","2017-11-05 07:38:39",0.28951,70,del=d77fc2e0d9a7af35
1312,958828,"Mike Kim","2017-11-29 22:49:56",0.28951,42,mikeskim
1313,1012584,UMR,"2017-11-29 06:37:15",0.28950,107,del=1d078c2e3ab26311
1314,986593,Supremum,"2017-11-27 03:51:01",0.28949,134,"bananaleellh,daqisun,johnson12,mengkuang17"
1315,983433,"Ann Xiao","2017-11-28 13:10:17",0.28948,30,xyq4122
1316,1034670,zoorvy.ai,"2017-11-02 09:37:50",0.28948,11,del=83dbd9b135f95d26
1317,965032,YiTang,"2017-11-29 23:53:10",0.28948,67,yimacs
1318,1065996,"Jesse Zhen","2017-11-29 15:40:44",0.28948,3,jesseqzhen
1319,965889,AdrienSavary,"2017-11-29 21:04:54",0.28948,12,del=04bcf2c1adfd5460
1320,954375,cyb70289,"2017-11-17 05:16:28",0.28947,113,cyb70289
1321,987402,"Hariom Singh","2017-11-24 09:17:56",0.28947,7,highlikeme
1322,1056277,haho,"2017-11-28 01:05:55",0.28947,44,facetoface
1323,965108,"Vlad Teodorescu","2017-11-29 21:40:05",0.28947,98,vladteodorescu
1324,961840,JustTesting,"2017-11-29 19:27:12",0.28946,29,mirekphd
1325,1045822,satoshi,"2017-11-16 11:36:36",0.28946,15,rarsun
1326,992398,JohnNowak,"2017-11-29 03:13:09",0.28946,76,johnnowak
1327,967711,"Jonathan Mallia","2017-11-23 17:37:56",0.28944,75,jonimatix
1328,1017287,"Willie Liao","2017-11-27 09:22:22",0.28944,6,willieliao
1329,974857,kzhoulatte,"2017-11-29 22:27:18",0.28944,52,kzhoulatte
1330,956370,"New Model Army","2017-11-13 10:56:37",0.28943,53,"konradb,mpearmain"
1331,1009484,WeifanD,"2017-11-24 05:34:51",0.28943,6,weifand
1332,1038706,wwwzzz,"2017-11-29 12:42:58",0.28943,39,wwwzzz
1333,1012445,makarevich,"2017-11-16 09:42:28",0.28943,6,makarevich
1334,954877,IaryJoseph,"2017-11-27 14:08:22",0.28942,108,iaryjoseph
1335,1025847,JamesOConnor,"2017-11-09 12:33:25",0.28942,8,james0c
1336,961306,"Artisanal Blend of Kernels","2017-11-29 03:28:08",0.28941,77,"kvnkho,stevenknguyen"
1337,1004266,AlbertGoldchleger,"2017-11-25 20:29:36",0.28941,3,albgold
1338,964897,"Adarsh Chavakula","2017-11-29 20:47:24",0.28941,26,adarshchavakula
1339,1039567,gank,"2017-11-14 08:48:49",0.28940,14,ganker
1340,983169,JaildoRocha,"2017-11-28 20:17:37",0.28940,29,jvrocha
1341,967299,WuhuiWU,"2017-11-14 10:00:29",0.28940,17,canonwu
1342,1009009,Tuananhkk,"2017-11-17 10:19:28",0.28940,11,tuananhkk
1343,1097380,authman,"2017-11-25 03:42:31",0.28940,7,authman
1344,953960,"Daniel Legorreta","2017-11-28 23:29:11",0.28940,16,legorreta
1345,1008968,lov3pinky,"2017-11-23 20:56:58",0.28940,11,lov3pinky
1346,992057,"Qixun Qu","2017-11-24 12:35:32",0.28940,3,quqixun
1347,1072118,Yoku,"2017-11-27 06:25:26",0.28940,9,yoku001
1348,1096419,ksaw,"2017-11-29 08:38:25",0.28940,4,ksawada
1349,1040295,"Sara XY Zeng","2017-10-31 14:07:25",0.28939,3,bitit1994
1350,1009160,"Anton Patrikeev","2017-10-26 19:36:33",0.28939,16,patrikan
1351,954571,Jiaxinglin420,"2017-11-15 08:41:59",0.28939,49,"jiaxinglin420,millerwu"
1352,958651,"Erdi Ölmezogulari","2017-11-14 19:08:09",0.28937,77,erdiolmezogullari
1353,960918,"Vadim Avdeev","2017-11-28 22:05:02",0.28937,27,avdeev
1354,965530,"Dmytro Panchenko","2017-10-27 05:20:51",0.28936,32,hokmund
1355,1009175,adityasinha,"2017-11-29 18:13:28",0.28936,42,adityakumarsinha
1356,954690,"Muhammad Atif","2017-11-29 11:14:01",0.28935,119,innormous
1357,960015,Aboutrika,"2017-11-04 14:44:53",0.28934,8,deepblack
1358,1010953,"Thian Liang","2017-11-22 03:35:30",0.28934,76,cheowthianliang
1359,1072637,"Yohei Sumitomo","2017-11-07 13:42:02",0.28933,2,sumitomo
1360,954226,"Pascal & Keui","2017-11-16 09:59:04",0.28933,163,"kueipo,pnagel"
1361,980810,Beginner,"2017-11-05 00:22:50",0.28933,102,del=d4e08904b38867b8
1362,1096323,Jeafi,"2017-11-15 08:00:43",0.28933,1,jeafitang
1363,996610,ChinYu,"2017-11-29 14:33:35",0.28933,28,brian8418
1364,1010076,"CeShine Lee","2017-11-23 03:27:13",0.28932,28,ceshine
1365,1063719,"Saleban Olow","2017-11-06 00:03:08",0.28931,11,olowdata
1366,984751,"Gotta stack 'em all!","2017-11-02 20:03:53",0.28931,40,attollos
1367,1049421,"Mikhail Budylin","2017-11-27 07:50:45",0.28931,16,tastyshchi
1368,1067431,LearningRate,"2017-11-26 16:06:39",0.28931,59,learningrate
1369,1058399,Sameer,"2017-11-02 07:32:51",0.28931,5,sameer123
1370,1097304,Woodly,"2017-11-15 14:06:47",0.28930,1,skogly
1371,959228,Googlers,"2017-11-29 18:29:35",0.28930,73,loveall
1372,1011773,"Brent Snyder","2017-11-26 15:51:35",0.28929,12,brentsnyder
1373,965949,Virginija,"2017-11-21 04:06:38",0.28929,44,virginija
1374,985545,ToddBoetticher,"2017-11-22 01:39:24",0.28929,26,tboetticher
1375,988544,FlorianTHAUNAY,"2017-11-13 08:23:22",0.28929,5,flotha
1376,1087636,"Savva Kolbachev","2017-11-27 11:14:01",0.28929,7,thinline72
1377,1031477,testping,"2017-11-21 02:22:51",0.28929,17,testping
1378,1071236,"Pedro Sousa Meireles","2017-11-21 10:33:58",0.28929,3,psm2502
1379,966807,Aditya,"2017-11-21 10:34:06",0.28929,7,adityashrm21
1380,971164,AnutoshChaudhuri,"2017-11-21 11:01:28",0.28929,21,anutosh99
1381,955526,sysu,"2017-11-24 11:06:40",0.28929,5,cynthialong
1382,955949,Aster,"2017-11-21 16:32:57",0.28929,1,zexinyan
1383,1120536,Darlmin,"2017-11-22 03:06:16",0.28929,1,damingmiao
1384,983935,"Zeyuan Wang","2017-11-13 10:15:25",0.28928,19,yuan851800658
1385,1007963,Sjoeks,"2017-11-07 19:13:52",0.28928,11,jmshooks
1386,978449,SafePredictor,"2017-11-29 23:08:46",0.28927,85,"ebertolo,lfgomez,wmariusso"
1387,1002737,"Santanu Pattanayak","2017-11-29 18:25:18",0.28927,50,santanuds
1388,953114,the1owl,"2017-11-26 06:26:47",0.28926,136,del=121b7398bccb8e5a
1389,1030705,"Leonard Zhao","2017-11-29 04:32:51",0.28925,10,pepeyct
1390,969625,吃不到鸡怎么办,"2017-10-23 18:23:07",0.28925,10,codewarrior1988
1391,1049526,ja33man,"2017-11-29 03:50:53",0.28924,5,ja33man
1392,962988,michel,"2017-11-19 23:43:47",0.28923,35,micheljanos
1393,957697,KaizaburoChubachi,"2017-11-29 23:03:40",0.28923,32,zaburo
1394,970786,Li-Der,"2017-11-26 17:19:23",0.28923,97,liderchang
1395,1047871,Deadshot,"2017-11-04 22:36:38",0.28923,9,zidane4ever21
1396,1024841,nelsonzhao,"2017-11-06 23:48:39",0.28923,15,nelsonzhao
1397,981674,greed_is_good,"2017-11-13 09:28:18",0.28923,38,bgjohn
1398,1078612,paicactuarial,"2017-11-14 07:17:47",0.28923,20,paicactuarial
1399,955202,fridayguo,"2017-11-02 15:14:17",0.28922,15,fridayguo
1400,976699,Yexiaofeng,"2017-11-15 05:31:29",0.28922,21,stenen
1401,967039,"Yilun Zhang","2017-11-09 03:15:04",0.28921,8,yilunzhang
1402,1049437,AJLA,"2017-11-29 18:23:39",0.28921,10,"achillethin,antoinehoo,jeanrimailho,luciegillet"
1403,956838,"Peter Hurford","2017-11-28 06:02:42",0.28921,44,peterhurford
1404,1073991,"Michael Hartman","2017-11-29 20:28:01",0.28920,27,zeroblue
1405,965170,Kaggoo,"2017-11-26 08:20:25",0.28920,29,"lesaffrea,lpachuong"
1406,958534,"Bruce Cragin","2017-11-29 14:48:33",0.28920,85,bcragin
1407,1005540,Soulgee,"2017-10-28 04:24:33",0.28920,19,soulgee
1408,967088,Čeduljko,"2017-11-29 22:58:43",0.28920,11,milivojevic
1409,965446,rgrenholm,"2017-11-07 13:29:29",0.28918,20,del=983a64fba6a66e5a
1410,1096894,"Hien To","2017-11-28 20:49:22",0.28918,21,hiendang
1411,1000857,"Khwunchai J.","2017-11-06 03:52:34",0.28917,1,khwunchai
1412,1037789,rjcampa,"2017-11-25 22:34:52",0.28917,18,rjcampa
1413,955992,"The Machine","2017-11-06 09:19:20",0.28917,55,themachine
1414,1068729,naofumihonda,"2017-11-06 23:53:38",0.28917,5,fumifumi0510
1415,958551,"Louis Guthmann","2017-11-07 06:03:46",0.28917,33,louisguth
1416,1008582,jrvalentin,"2017-11-06 18:03:00",0.28917,36,jrvalentin
1417,1069765,rob_med,"2017-11-06 19:32:31",0.28917,3,allsparks
1418,1034626,"bob kim","2017-11-29 00:51:45",0.28917,38,del=93e9724e27a7e416
1419,955718,Preskes,"2017-11-07 14:33:35",0.28917,12,preskes
1420,1071964,Rajag,"2017-11-07 05:53:14",0.28917,2,rajapasupuleti
1421,1047598,DylanWang,"2017-11-10 12:18:08",0.28917,6,wrdong
1422,953902,"Freedr ","2017-11-10 23:46:18",0.28917,5,del=21c989067e19f238
1423,961036,"Roman Kyslyi","2017-11-07 08:32:43",0.28917,6,woters
1424,1004040,skyfacon,"2017-11-10 03:32:18",0.28917,18,skyfacon
1425,954342,ilovelemonade,"2017-11-07 16:16:51",0.28917,1,del=d4064a5f2b17b584
1426,1068722,syllap,"2017-11-21 03:07:26",0.28917,34,syllap
1427,962749,"Jason Nguyen","2017-11-07 16:36:00",0.28917,37,thanhtu
1428,1032801,Wolfpack,"2017-11-07 22:58:42",0.28917,4,"ankitapaunikar,jobillouis007"
1429,1004081,"Little Rookie","2017-11-11 09:09:50",0.28917,7,albertholmes
1430,985137,HDU,"2017-11-15 09:41:14",0.28917,24,"butterflykavio,drdavids,dreamzenithtrue,xiwuxuewei"
1431,974418,MineshJethva,"2017-11-08 13:19:32",0.28917,12,mineshjethva
1432,1058777,Cosmos,"2017-11-08 14:03:09",0.28917,6,tarobxl
1433,1079210,伯纳乌的门柱,"2017-11-09 12:20:54",0.28917,2,lovescience
1434,962817,team_md,"2017-11-11 00:51:06",0.28917,20,"fhdupuy,williambenhaim"
1435,985101,deshawnliu_USTC,"2017-11-13 13:31:43",0.28917,43,deshawnliu
1436,953406,argo,"2017-11-13 17:17:38",0.28917,72,alegia
1437,995916,Colin,"2017-11-17 08:14:00",0.28917,10,colinchengkwokwing
1438,1107838,scheng_01,"2017-11-18 08:15:24",0.28917,2,scheng01
1439,1021158,"Soumojit Kumar","2017-11-18 19:04:13",0.28917,4,soumojit86
1440,953431,"Navdeep_H2O.ai Driverless AI","2017-11-19 19:07:03",0.28917,11,navdeepgill
1441,1074842,JakeH,"2017-11-29 07:40:48",0.28917,2,jacobhsiao
1442,994363,VedTheDataGuy,"2017-11-21 19:18:20",0.28917,2,vedprakash93
1443,953695,"Kernel is Gold Medal","2017-11-21 22:45:38",0.28917,1,beedata
1444,960384,JianYang,"2017-11-23 12:13:29",0.28917,7,noklamchan
1445,1000645,Visa,"2017-11-24 02:00:44",0.28917,6,vidyasagarbattula
1446,1081293,"Charlie Tran","2017-11-25 03:15:56",0.28917,1,gapower0
1447,1045636,"Schiavo,Tarot,Barré,Detailleur","2017-11-26 18:46:56",0.28917,20,"alexandrebarre95,fafaschiavo,jeanpault"
1448,1137853,Tilsight,"2017-11-29 06:53:51",0.28917,15,tilsight
1449,966886,saddlepoints,"2017-11-29 21:59:13",0.28917,37,"avinashbarnwal,del=60cb77291eb5b071,tong1989"
1450,1078395,"Uday Kumar","2017-11-14 06:14:39",0.28917,6,udaykumarp
1451,961731,Rabavi,"2017-10-31 09:04:06",0.28917,19,rabavi
1452,1096813,Ilia,"2017-11-29 13:49:25",0.28917,27,tetelias
1453,983312,"[Deleted] 3eebbd95-bb02-4657-811b-b5f6ce415b63","2017-11-01 03:29:01",0.28916,22,del=4fdfdb2e3260bb6d
1454,977499,GaLiGayGay,"2017-10-31 14:33:34",0.28916,22,"fupabro,zijiang"
1455,964395,"Aloisio Dourado","2017-11-24 02:26:41",0.28916,18,aloisiodn
1456,995241,HaoYang,"2017-11-29 23:12:19",0.28916,12,lovemyjean
1457,955536,Victor,"2017-11-29 23:05:35",0.28916,26,nedelko
1458,960968,steubk,"2017-11-27 15:26:43",0.28915,100,steubk
1459,1054381,kosiewmm,"2017-11-26 11:49:11",0.28915,28,kosiewmm
1460,1012402,Trottefox,"2017-11-27 11:57:53",0.28915,41,trottefox
1461,1013859,"Nikita Glukhov","2017-11-29 09:42:04",0.28915,13,mooonfox
1462,963402,"Abhishek Vij","2017-11-24 21:59:05",0.28914,10,abhishekvij
1463,979876,Allan,"2017-10-22 10:05:13",0.28914,10,allank
1464,984592,"Kishore M","2017-11-29 16:36:39",0.28914,24,reachkishore
1465,976104,"Yang Yonggui","2017-10-08 16:17:28",0.28913,7,wssgyyg
1466,1047800,$$$sdk,"2017-11-07 06:04:40",0.28910,28,lvminrui
1467,1121300,"V. Fomenko","2017-11-29 03:22:59",0.28909,26,vfomenko
1468,1006992,fujiyuu75,"2017-11-29 18:25:25",0.28909,45,fujiyuu75
1469,1062721,ML1_X_Sup,"2017-11-29 22:54:07",0.28909,11,"bchevallier,oliveryates"
1470,953900,"Philippe Lonjoux","2017-11-29 21:51:29",0.28909,18,welcomeworld
1471,966899,"Pete C","2017-11-23 15:27:23",0.28908,19,peteclarke
1472,953785,"Jorge Palma","2017-11-24 04:02:32",0.28907,54,jorgepalma
1473,1085960,sadu,"2017-11-19 23:04:43",0.28907,5,sadupk
1474,954409,fujisan,"2017-11-05 11:40:28",0.28907,1,fujisan
1475,965275,frysnt,"2017-10-12 04:49:26",0.28907,3,ferrysusanto
1476,1121975,Yizhi,"2017-11-22 13:37:50",0.28907,1,yizhitao
1477,1040458,parseltung,"2017-11-01 15:36:55",0.28906,7,parselt
1478,1078123,"Scott Hegedus","2017-11-17 03:27:17",0.28905,6,kibagomega
1479,1048975,MOKA,"2017-11-29 21:09:15",0.28904,68,"beatrizbelbut,droche,lbrndnr,lukaskemmer"
1480,1057055,"Olga Semenova","2017-11-01 19:45:21",0.28904,3,olgasemenova
1481,1004571,"Daniel B","2017-11-25 21:36:29",0.28904,20,chamas
1482,970425,"Oncu Kayalar","2017-11-10 09:47:08",0.28904,67,terranx
1483,1020333,Kirill,"2017-11-07 12:28:40",0.28903,8,ematinovkey
1484,1101091,"Mohtadi Ben Fraj","2017-11-29 14:36:57",0.28902,19,maviator
1485,1007711,charleslt,"2017-11-29 17:08:53",0.28902,86,charleslt
1486,958271,coders-team,"2017-11-29 20:00:45",0.28902,124,apodrezov
1487,1040529,"MoonLight Panda","2017-11-29 16:34:55",0.28899,33,"jiefengf,luyishenx,zhangcheng1006"
1488,964388,Optimus,"2017-11-09 20:34:35",0.28899,3,yashwanthreddy
1489,973489,razerx,"2017-11-10 03:08:15",0.28899,5,razerx
1490,955436,BlackBox824,"2017-11-29 23:30:37",0.28899,11,blackbox824
1491,973165,ShikharDhwaj,"2017-11-28 18:23:47",0.28899,5,shikhardhwaj
1492,995251,"Will Fleming","2017-11-29 04:50:54",0.28899,3,willfleming
1493,1031029,"Devin Bowers","2017-11-29 07:27:57",0.28899,12,devinbowers
1494,1143462,arisbw,"2017-11-29 09:40:29",0.28899,1,arisbw
1495,986818,"BMek India","2017-11-29 11:11:29",0.28899,5,"asmitadrukar,pratikbmek"
1496,1055076,gunduzu,"2017-11-29 20:21:56",0.28899,7,gunduzu
1497,1021796,horseshoenail,"2017-11-29 22:45:49",0.28899,24,horseshoenail
1498,962058,"Lorenzo Ridolfi","2017-11-29 23:31:41",0.28899,36,lorenzoridolfi
1499,1030517,"Guoqiang Liang","2017-11-13 08:17:34",0.28899,2,guoqiangliang
1500,961405,krishna,"2017-11-29 20:54:55",0.28899,111,krishnakesavan
1501,1057015,"Jay H","2017-11-05 04:18:45",0.28898,6,jayhwang
1502,986752,Koala_Panda,"2017-10-16 09:11:36",0.28897,24,del=5def89e2dcc3191d
1503,955853,Kamakals@IITD,"2017-10-30 04:16:27",0.28897,60,"harshsarda,sahil711"
1504,979119,"Ekaterina Aladyeva","2017-11-23 23:04:16",0.28896,5,cjwarnerru
1505,962212,Kaspars,"2017-11-05 19:59:24",0.28895,33,kaspars
1506,953781,dipetkov,"2017-11-05 12:58:10",0.28893,23,del=ba7c6346981ad35d
1507,991524,rpyzurich,"2017-11-01 08:39:52",0.28892,23,rpyzurich
1508,963965,MarlonTrujillo,"2017-10-24 18:42:32",0.28892,34,marlontrujillo
1509,1043485,"want a champion","2017-10-29 03:47:34",0.28891,6,del=b2c6c5f0eb6c2d5f
1510,1060894,Саша,"2017-11-29 21:56:55",0.28891,11,makemate
1511,1049902,"Russ Boucher","2017-11-27 15:17:16",0.28891,7,krashski
1512,1091702,aliali1123,"2017-11-29 15:24:19",0.28889,1,aliali1123
1513,1075097,"Nihit Save","2017-11-09 07:24:56",0.28889,3,kneehit
1514,967307,joel,"2017-10-24 13:42:41",0.28888,49,joelthchao
1515,955520,"Øystein Schønning-Johansen","2017-11-22 23:05:55",0.28888,22,oysteijo
1516,970768,GL,"2017-11-19 19:16:38",0.28888,47,del=9d9b645898cb71da
1517,1040134,YMCL,"2017-11-29 22:38:56",0.28887,15,"charlotte96,lamattouche,melchiordharcourt,yunguanfu"
1518,1014807,EuroTruckOldDrivers,"2017-11-28 02:49:06",0.28887,41,"antelx,hanyansen"
1519,961054,kitkat,"2017-11-28 22:40:43",0.28887,29,"gsadhas,joeyzheng"
1520,963450,mirkot,"2017-11-18 04:58:58",0.28884,9,mirkot
1521,1046027,"hello everybody","2017-10-29 14:47:09",0.28884,1,del=312bca824bd88777
1522,984215,"Jitong Yu","2017-11-06 12:18:05",0.28884,21,yujitong
1523,1071837,"Yixin Sun","2017-11-29 23:11:06",0.28881,7,yixinsunn
1524,1110292,sampsun,"2017-11-19 06:34:35",0.28881,1,sampsun
1525,967577,Rohanm23,"2017-11-19 23:22:28",0.28881,1,rohanm23
1526,970300,Sujith,"2017-11-29 13:24:14",0.28881,35,samuelsujith
1527,1077833,littlebirdss,"2017-11-19 09:17:13",0.28879,14,littlebirdss
1528,1037352,AbelGbeli,"2017-11-21 21:32:01",0.28879,14,abel1990
1529,1032739,"A J","2017-11-26 09:36:27",0.28879,11,andreyjanzenx
1530,969340,"Selvaraj S.","2017-10-24 15:22:43",0.28878,11,selvaraj
1531,1001511,"Patrick Blackwill","2017-11-10 12:21:34",0.28878,10,paddykb
1532,968516,LongJingfu,"2017-11-10 09:16:10",0.28877,9,giustti
1533,961417,SM,"2017-10-31 03:02:43",0.28877,11,sermakarevich
1534,967515,"Janek Berger","2017-10-29 17:19:28",0.28877,6,janekberger
1535,987548,Skysoar,"2017-11-27 23:13:11",0.28876,7,huimingz
1536,1117808,zxd666,"2017-11-22 05:26:42",0.28875,4,del=ea783195f715e1ed
1537,958609," LLXXS","2017-11-29 21:07:43",0.28875,11,zonemercy
1538,1000709,"Panchajanya Banerjee (Pancham)","2017-11-02 18:05:13",0.28875,33,delayedkarma
1539,965960,mouridebi,"2017-10-24 09:51:05",0.28875,15,"blackbee2016,del=3e2cf92fc6637389,rodeorex"
1540,953382,"Ingemar Rask","2017-11-09 20:49:41",0.28873,61,iggerask
1541,963763,"Dr. Knope","2017-11-29 15:04:11",0.28872,26,drknope
1542,959568,JLawman,"2017-11-09 00:47:57",0.28872,24,jlawman
1543,982826,DeepDreamer,"2017-10-14 06:48:32",0.28872,24,ashutosh7
1544,999490,PrinceThomas,"2017-11-29 09:34:46",0.28872,72,princethomas
1545,1021336,j,"2017-11-03 19:45:22",0.28871,13,jeongyoonlee
1546,978138,"Georgii Vyshnia","2017-11-28 15:20:03",0.28871,20,gvyshnya
1547,1108617,"Vladislav Kuzmenkov","2017-11-29 00:12:19",0.28871,3,itspirit
1548,983623,nwpupc,"2017-11-23 10:50:06",0.28870,16,nwpupc
1549,973148,"Vikas Raturi","2017-11-29 16:11:53",0.28870,8,vikasrtr
1550,1069564,"Le Point Data","2017-11-27 14:25:22",0.28870,27,"bennequin,rdiani,thomasgilles,thomassentis"
1551,957027,junjun,"2017-10-14 14:10:26",0.28870,17,zoujunjun
1552,1138249,"Adriano Yoshino","2017-11-29 21:03:36",0.28870,4,iamyoshi
1553,968417,gambitz,"2017-11-03 11:29:49",0.28870,31,gambitz
1554,981987,"wang liang","2017-11-06 16:20:15",0.28869,19,thirdth
1555,1005974,"Alex Law","2017-10-24 14:50:01",0.28868,1,alexumbrala
1556,967245,"Kazunori Komai","2017-10-08 10:19:23",0.28867,1,ppjoker
1557,961492,"Pratyush Kumar","2017-10-31 17:05:51",0.28867,6,pratyush19
1558,997453,mlhammer2logit2quit,"2017-11-29 20:26:25",0.28867,37,mlhammer2logit2quit
1559,963780,alejandrodumas,"2017-10-24 12:05:34",0.28866,17,alejandrodumas
1560,995723,SixGod,"2017-10-15 07:12:59",0.28866,9,sixgod0819
1561,956581,Silenthinker,"2017-10-24 07:17:13",0.28864,3,silenthinker
1562,1012021,bmei,"2017-11-27 20:28:48",0.28864,9,"andrewkan,brianmay,kec999"
1563,1075496,ArtemS,"2017-11-14 12:12:12",0.28864,12,artems
1564,963399,Newbieee,"2017-10-24 06:23:57",0.28863,14,del=bd350856af55bcc9
1565,966629,TuckerSiegel,"2017-10-19 01:33:43",0.28863,44,tgs266
1566,957522,"Belinda Trotta","2017-11-04 09:42:53",0.28862,12,belindatrotta
1567,973024,minhengwu,"2017-10-23 21:28:04",0.28862,8,minhengwu
1568,966346,"Bosco Yung","2017-11-20 11:39:54",0.28861,64,boscoyung
1569,993297,Andrei,"2017-10-12 15:15:05",0.28861,2,andr81
1570,956422,"Malakhov Artyom","2017-11-26 17:08:27",0.28860,4,asmalakhov
1571,978971,fg的小号,"2017-10-29 12:56:51",0.28859,60,del=94d47ea2cfeab3c8
1572,1004227,uuuuuuuu,"2017-10-17 07:30:25",0.28858,3,uuuuuuuu
1573,958854,"Ivan Meleshko","2017-10-28 13:20:19",0.28858,62,saffronww
1574,999872,BenSnyder,"2017-10-15 16:55:00",0.28858,5,bensnyder
1575,1027125,fabrejiaxi,"2017-10-26 18:03:19",0.28856,1,jiaxigu
1576,954160,"Praveen Adepu","2017-11-13 12:49:06",0.28855,15,praveenadepu
1577,1022337,Lemonicedtea,"2017-11-29 17:23:51",0.28855,106,chihmingwang
1578,966276,Arjun,"2017-11-29 17:45:15",0.28855,64,monsterspy
1579,954107,[Deleted],"2017-11-12 22:11:02",0.28854,89,del=2734bf971e8d98d0
1580,1003056,501856869,"2017-11-29 10:00:44",0.28854,15,jhua0002
1581,1021254,"Deng Gaoshan","2017-10-24 04:25:02",0.28854,2,denggaoshan
1582,1059217,michelchieregato,"2017-11-13 03:21:21",0.28853,10,michelchieregato
1583,1113764,Johannesss,"2017-11-29 14:07:34",0.28853,27,johannesss
1584,965751,deratsche,"2017-11-02 08:59:28",0.28853,8,deratsche
1585,959974,"Tsundukani Makhubela","2017-10-17 18:44:59",0.28851,7,del=98cde2fa8dec46a2
1586,974306,"Yu,Hai (于海)","2017-11-05 03:10:59",0.28850,21,yuhaichina
1587,1076645,"bagmanov pavel","2017-11-27 10:36:48",0.28849,27,bagman
1588,985570,statchen,"2017-10-20 20:37:44",0.28849,15,statchen
1589,972117,"Andrej Oskin","2017-10-16 04:17:40",0.28849,7,skoffer
1590,968785,Pacard,"2017-11-05 20:16:17",0.28849,19,aurelienpacard
1591,954498,wh1te,"2017-10-25 09:05:22",0.28849,16,wh1tezzz
1592,1019604,gaurav272333,"2017-11-29 14:32:48",0.28849,5,gaurav272333
1593,1015098,"Hoang phan","2017-10-24 06:19:49",0.28848,1,hoangph
1594,957199,kwnsiy,"2017-11-29 23:38:37",0.28848,34,kwnsiy
1595,993956,"Florian Merchie","2017-10-15 14:26:03",0.28848,5,s122239
1596,963369,Mahi,"2017-10-20 01:44:47",0.28847,8,mahendra1
1597,1020828,"Benedict Slykerman","2017-10-23 05:27:30",0.28847,2,mudman
1598,1088011,mykper,"2017-11-29 23:10:33",0.28846,36,mykper
1599,954743,"Guillaume Martin","2017-11-29 16:16:45",0.28846,55,gemartin
1600,971901,"Dhanush Kishore","2017-11-27 20:30:37",0.28846,37,dhanushkishore
1601,978260,StealthML,"2017-11-28 14:40:38",0.28845,20,"ravoxsg,satyakrishnagorti"
1602,971732,POADS,"2017-10-14 18:56:13",0.28845,21,"marcelodias,marcuskassick"
1603,1020308,"Robin Smits","2017-11-29 23:42:18",0.28844,77,rsmits
1604,958306,MR,"2017-11-02 11:55:11",0.28844,25,divyarajkmr
1605,1004952,saurabhrajkarnikar,"2017-11-29 23:56:28",0.28843,24,saurabhrajkarnikar
1606,959388,"Anirudh K","2017-11-29 22:09:52",0.28843,17,anirudhk
1607,964018,DCNS,"2017-10-29 19:59:07",0.28842,86,"stanley21512,tedchang0102"
1608,979853,"Vicens Gaitan","2017-11-28 11:57:21",0.28842,14,vicensgaitan
1609,956309,"Tomohiko Itano","2017-10-16 16:20:31",0.28841,21,itanot
1610,1006956,sagashin,"2017-10-25 22:12:13",0.28840,17,sagashin
1611,1013381,DanilaSavenkov,"2017-11-29 20:15:44",0.28839,2,daniel89
1612,963060,MTI_CUCEA,"2017-11-03 07:09:18",0.28838,32,"mioxid,mlimon"
1613,964845,artemzraev,"2017-11-26 20:17:57",0.28838,53,del=e5fd98139a0f9a72
1614,1000577,"Geoffrey Hung","2017-10-16 15:24:49",0.28837,1,geoffreyhung
1615,1009008,Stang,"2017-11-29 23:48:39",0.28837,12,yeldarb
1616,962098,Venkat,"2017-10-23 01:25:47",0.28836,18,dhanaschenniappan
1617,1018589,"Zhikang Deng","2017-11-11 11:37:21",0.28835,5,stopf91
1618,965886,gmontei,"2017-11-14 08:50:15",0.28835,9,gmontei
1619,956709,"Jose Vazquez-Espinoza","2017-10-19 18:37:19",0.28834,3,joseluis1201
1620,969278,"Tim Gasser","2017-11-25 01:39:40",0.28834,18,timgasser
1621,963721,Moon,"2017-10-24 23:02:24",0.28833,31,monami
1622,975160,FatvvsFatvvs,"2017-10-31 13:03:05",0.28833,7,yamolekula
1623,1014968,BrickettaSwiss,"2017-10-24 18:37:41",0.28833,2,brickettaswiss
1624,1016657,"UTA Mavericks","2017-11-29 14:11:35",0.28833,77,"abedinibahram,lailashila"
1625,1002911,onlyzs,"2017-11-20 08:39:50",0.28831,10,onlyzs
1626,1007652,Delta1,"2017-10-21 16:59:56",0.28831,8,sankalp
1627,1024429,"Konstantin Rybkin","2017-10-25 05:01:06",0.28831,4,rybkink
1628,964634,IIS-Lab,"2017-11-04 09:58:18",0.28830,5,"del=21c5a05f0bbb0c24,elecshiba,suigin,takuma7"
1629,955498,xbf9xbf,"2017-10-23 06:26:55",0.28830,14,del=373796b20bf39703
1630,953955,mimusyun,"2017-10-23 21:42:12",0.28830,11,mimusyun
1631,1037302,tyz910,"2017-10-26 19:43:38",0.28829,2,tyz910
1632,963272,Kate,"2017-11-02 02:43:55",0.28827,28,katerynad
1633,979003,dcaspi,"2017-10-13 09:38:36",0.28827,4,muffimilian
1634,980474,MohammadSaeedSamara,"2017-10-10 12:49:24",0.28827,2,mechanicalbird
1635,1009768,dakar,"2017-10-18 09:27:28",0.28827,2,del=51cebc0f04987d3a
1636,979048,"Nilabha Bhattacharya","2017-11-02 09:13:28",0.28827,3,nil666
1637,976900,USTC_SQQ,"2017-10-08 13:53:42",0.28827,11,hanbingsqq
1638,965234,"Orzata Mihai","2017-10-19 16:48:42",0.28827,7,orzatamihai
1639,981716,Joohyung,"2017-10-08 13:07:53",0.28827,2,sthkindacrazy
1640,953167,"Yang Lin","2017-11-29 17:24:30",0.28827,88,ljjsfe
1641,984604,"Bob Z","2017-10-18 14:47:56",0.28826,11,zzdzzd
1642,972703,"Weinan Huang","2017-10-30 21:05:55",0.28826,15,weinan
1643,1056121,1164976959,"2017-11-29 03:25:28",0.28826,6,newkaili
1644,960359,"Ángel Luis Sánchez ","2017-11-29 15:37:46",0.28825,13,agenlu
1645,1090755,Radee,"2017-11-28 20:05:23",0.28824,3,"alexbrene,bengallou,letilly,maxximus"
1646,964960,"Praful Bhoyar","2017-11-04 14:17:04",0.28824,52,prafulbhoyar
1647,1024937,pist,"2017-11-22 17:04:07",0.28824,31,pistnick
1648,1053721,Nekrolm,"2017-11-09 18:05:13",0.28823,9,nekrolm
1649,1109143,"Monte Cristo ­┼","2017-11-29 23:26:26",0.28823,51,montecripto
1650,1008738,YenongDu,"2017-11-29 01:11:38",0.28823,9,emmadu
1651,971407,GeoffCounihan,"2017-10-17 19:36:12",0.28821,16,xbnooo
1652,1027735,"Yuth Kim","2017-10-24 08:05:24",0.28821,3,del=2674fc989abd5855
1653,1026930,AC,"2017-10-25 08:54:51",0.28820,2,davidli
1654,995628,ChenYU,"2017-10-16 12:57:14",0.28820,3,ychenvongola
1655,1076238,SCI,"2017-11-29 22:48:27",0.28819,7,"clairelasserre,inespotier,selmaelbez"
1656,961968,JinCao,"2017-10-26 21:25:47",0.28818,23,jincao
1657,996763,"xiao zhou","2017-10-31 01:01:11",0.28818,15,xiaozhoup
1658,976590,YuzhenWang,"2017-11-12 09:14:58",0.28818,19,yuzhenwangzju
1659,963671,"Calvin Cheung","2017-10-30 16:46:56",0.28817,13,neversleep
1660,995945,"Hongliang Ma","2017-10-13 08:51:07",0.28817,2,hongliangma
1661,966211,Rookie,"2017-11-18 06:51:05",0.28816,3,vishnudhas1
1662,983426,沙桩,"2017-10-20 12:06:10",0.28816,8,foreversenna
1663,1053860,ford.higgins,"2017-11-29 17:57:20",0.28816,7,fordhiggins
1664,1024353,xiaohuihui,"2017-10-26 02:10:46",0.28816,4,xiaohuihui
1665,989764,HeoSeokJae,"2017-10-23 13:34:58",0.28816,19,heoseokjae
1666,1019259,LaSantina,"2017-11-26 18:40:11",0.28815,11,"guillerbf,palonso"
1667,957618,yingxi,"2017-10-08 03:51:02",0.28814,7,yingxi320
1668,1055967,Czhou,"2017-11-17 22:54:34",0.28814,5,yrzhou
1669,1070976,ShiHan,"2017-11-09 08:33:52",0.28814,13,del=bfc0973e0bc54c81
1670,969823,"Elena Kasianenko","2017-11-01 08:24:25",0.28813,5,del=41250598c5137af3
1671,1059145,"prabodh narang","2017-11-29 16:08:30",0.28813,24,prabodh1993
1672,957623,priya,"2017-10-08 13:43:25",0.28813,17,del=cd38820515b29635
1673,977526,"Miguel Monteiro","2017-10-20 11:55:57",0.28813,9,miguelmonteiro
1674,1052815,luckysturr,"2017-11-11 06:04:29",0.28813,8,luckysturr
1675,968160,"Sabine Maennel","2017-10-20 10:04:22",0.28813,9,sabinem
1676,1005516,"Wen Zhang","2017-10-24 06:41:14",0.28812,12,vickizhang
1677,971275,"Data Scientist of Juventus F.C","2017-10-17 02:17:41",0.28812,20,kuixizhu
1678,1025375,hertan,"2017-11-29 22:13:52",0.28812,5,hertan
1679,969813,"Joakim Lustig","2017-10-15 11:14:43",0.28812,21,lustig
1680,970854,"gustavo k","2017-11-06 17:42:16",0.28812,18,gustavok
1681,992249,"Ian E","2017-10-24 17:24:30",0.28812,13,armadillio
1682,965743,JonGould,"2017-11-27 14:44:52",0.28812,21,jon40084
1683,984150,happinesslz,"2017-10-16 11:54:32",0.28811,9,happinesslz
1684,986885,"Andrey S","2017-11-16 05:07:34",0.28811,19,dryurich
1685,1005929,"Evan Miller","2017-10-29 08:14:20",0.28811,6,evanmiller
1686,963183,WARD,"2017-11-26 05:46:08",0.28811,6,redflack
1687,1030697,QinZhang,"2017-10-27 09:15:27",0.28810,6,del=d6f912045e50bafe
1688,993552,YulinGUO,"2017-10-31 06:48:09",0.28810,12,yulinguo
1689,1038639,jtlowery,"2017-10-27 05:55:25",0.28810,1,jtlowery
1690,953119,NunoValBento,"2017-10-22 12:29:08",0.28810,24,nvbento
1691,972970,Vivek,"2017-11-13 17:49:08",0.28810,14,cyberian
1692,1004417,statlearning,"2017-10-23 19:05:37",0.28809,13,lrtmonkey
1693,1108958,"YIANG ZHENG","2017-11-29 19:25:16",0.28809,7,peterzheng
1694,992738,PengM(MySaturdaySelf),"2017-10-16 13:01:00",0.28808,3,pengmei83
1695,1070920,Flyxing,"2017-11-08 16:18:33",0.28808,15,del=ca594abfcf6b1f12
1696,963513,HuntingTu,"2017-10-23 03:24:14",0.28808,9,huntingtu
1697,1086900,Watts,"2017-11-29 20:51:38",0.28807,50,watts2
1698,967953,PannaLalPatodia,"2017-10-25 18:42:16",0.28807,53,pannalal
1699,1013122,tksikgm,"2017-11-28 14:21:22",0.28807,6,tksikgm
1700,980466,GeorgesLteif,"2017-11-29 23:17:25",0.28806,35,georgeslteif
1701,1011188,mityajj,"2017-10-23 21:55:14",0.28805,6,mityajj
1702,1045158,"Alexandre Gandini","2017-11-29 00:50:11",0.28805,37,alexgand
1703,967606,BrunoJardim,"2017-11-05 00:56:31",0.28805,31,bjfisica
1704,1116611,"Paul Pai","2017-11-26 13:44:21",0.28805,1,sakrapee
1705,966811,"Paul Paulus","2017-10-24 19:07:21",0.28804,10,del=865684dad9b1bed4
1706,961203,juadaillehast,"2017-10-11 16:52:18",0.28803,1,juadaillehast
1707,957334,"Turja Banerjee","2017-11-29 18:06:58",0.28803,19,inventer
1708,955135,tkasasagi,"2017-11-20 14:37:06",0.28802,62,del=b2db4e30059fa2b9
1709,972406,"Gonçalo Abreu","2017-11-24 09:35:34",0.28802,36,abriosi
1710,965594,Srikanth,"2017-10-28 17:52:44",0.28802,2,smsrikanthreddy
1711,953105,Yam,"2017-11-22 07:47:05",0.28802,4,hhh920406
1712,1123018,"Ilan Eskinazi","2017-11-29 19:30:22",0.28801,4,eskilan
1713,955781,kemitsu,"2017-10-29 12:55:35",0.28800,21,"mimimitsuki,twofat"
1714,1064870,jason0713,"2017-11-24 08:24:52",0.28799,3,jason0713
1715,970966,"Rafael Moraes","2017-10-17 11:42:53",0.28799,13,rafaelmm
1716,956196,"Les Supélecs","2017-10-18 09:37:59",0.28799,9,"chahir1202,mrwolfff"
1717,977475,"Johan Råde","2017-11-28 08:11:40",0.28799,16,johanrade
1718,972652,meepokman,"2017-11-06 05:38:21",0.28798,9,meepokman
1719,1069904,MELI198,"2017-11-08 08:31:42",0.28798,15,del=c2c81fe96a87195a
1720,1090654,AlokGogate,"2017-11-29 15:12:09",0.28798,29,"alokgogate,gogate0"
1721,954775,jiyu,"2017-10-12 10:23:34",0.28798,2,rainfish12
1722,973666,Nerdy2mato,"2017-10-22 08:29:31",0.28798,16,nubeee
1723,984921,Sungho,"2017-10-20 13:05:19",0.28798,24,sunghokim
1724,1004239,[Deleted],"2017-10-17 15:18:46",0.28798,3,del=8fc99112815973da
1725,975114,"Guybrush Threepwood","2017-10-14 11:07:40",0.28798,19,ckroxigor
1726,1003651,"Faneva Ramiandrisoa","2017-10-26 16:42:56",0.28798,6,faneva
1727,1070916,Lacin,"2017-11-06 22:49:30",0.28798,1,lacino
1728,960336,satacroteam,"2017-10-11 11:53:08",0.28798,13,robinetflorian
1729,964559,"Hedi Ho","2017-11-29 08:58:36",0.28797,118,sivanhedi9ty
1730,962143,"Ricardo Ocampo","2017-10-31 02:03:25",0.28797,59,ocampor
1731,1026022,lthroy,"2017-10-24 21:05:37",0.28796,3,lthroy
1732,965692,Mingxia,"2017-10-31 01:57:07",0.28796,28,lukehuang201
1733,1047670,"Aaron Lang ","2017-11-08 08:44:36",0.28795,6,aaronlang
1734,1012054,Yasin,"2017-10-21 12:01:46",0.28795,10,yasinzhao
1735,973426,DmitryAlhimovich,"2017-10-24 14:04:50",0.28795,2,azmitrok
1736,999191,麻辣香锅,"2017-10-28 18:00:53",0.28794,6,dongfang
1737,988269,"Misha Zhukov","2017-10-19 13:58:46",0.28793,9,mishazhukov
1738,1028426,"Rinat Minibaev","2017-11-06 17:56:05",0.28792,6,minibaev
1739,957818,"Nestor D.","2017-11-17 08:57:31",0.28792,14,dnr0352
1740,972391,"Merci Zizou","2017-10-09 04:30:00",0.28791,13,aanany2
1741,994144,AlexisTuil,"2017-10-14 12:41:09",0.28791,3,alextuil
1742,964217,TN,"2017-10-25 11:36:01",0.28791,50,truongnx15
1743,961744,"Luis Torres","2017-10-20 00:28:13",0.28791,1,luistorres
1744,1012246,"Alberto Fernández Capel","2017-10-30 13:59:49",0.28791,18,afcapel
1745,962652,MeloV,"2017-11-05 23:05:35",0.28790,21,viniciusmelo
1746,958696,pk363,"2017-11-25 17:40:42",0.28790,4,pk3663
1747,978770,invokeralex,"2017-10-12 06:12:09",0.28789,3,invokeralex
1748,1119809,lynkx21,"2017-11-27 19:17:26",0.28789,5,lynkx21
1749,1002954,苟利国家生死以,"2017-10-31 02:56:54",0.28789,20,creamiracle
1750,1002955,Sam.D.Linn,"2017-10-26 06:26:22",0.28789,15,samdominic
1751,979490,"Sun Yu","2017-10-07 15:07:33",0.28789,1,jacksteve
1752,1045755,Nanx,"2017-11-24 08:41:53",0.28788,26,piplyxnan
1753,967094,BornToMine,"2017-10-19 06:22:52",0.28788,12,"borntomine,ravimits2000"
1754,964899,"Erik Brorson","2017-10-21 15:14:59",0.28788,15,anekdot
1755,972768,"Jun Wen","2017-11-17 18:25:29",0.28787,21,frostman
1756,979916,"xTreme ML","2017-11-03 00:32:54",0.28787,33,evertonsilva
1757,968867,"Salvum Exactoris","2017-11-29 01:16:51",0.28787,23,"aman1391,bill3000,gcaceres,tenaciousterrier"
1758,964980,YitzhakRize,"2017-11-05 13:07:07",0.28787,55,yitzhakr
1759,977848,femorode,"2017-10-11 13:57:09",0.28787,13,femorode
1760,979350,depture,"2017-10-28 10:33:34",0.28786,1,depture
1761,966937,tsu-nera,"2017-10-09 10:55:39",0.28786,3,fox10225fox
1762,982099,abo,"2017-10-08 23:57:26",0.28786,3,abogadoron
1763,974426,"Priya Ananthram","2017-10-13 04:54:14",0.28786,3,priyaananthram
1764,956167,mlko53,"2017-10-10 04:01:49",0.28786,8,mlko53
1765,961252,rafiko1,"2017-10-10 16:25:12",0.28786,5,rafiko1
1766,963295,MelvinDunn,"2017-10-26 23:04:57",0.28786,3,melvindunn
1767,985371,levchik,"2017-10-17 19:05:57",0.28786,8,mirthless
1768,966289,FabienT,"2017-11-20 18:37:14",0.28784,47,fabient
1769,1074255,lysjztao,"2017-11-07 23:40:11",0.28784,3,lysjztao
1770,956984,社会主义核心价值观,"2017-10-27 06:14:27",0.28781,27,"hellozeyu,yyq263"
1771,1021617,yyyykk,"2017-11-04 08:43:13",0.28780,2,yyyykk
1772,995340,"clearly underfitted","2017-11-26 00:34:33",0.28780,22,pkzilli
1773,976132,"Angus Crowley","2017-11-02 22:28:16",0.28779,16,anguscrowley
1774,974640,hamelg,"2017-10-23 20:41:20",0.28779,20,hamelg
1775,962663,romden,"2017-10-09 16:33:05",0.28778,8,romden
1776,980963,"Risson Yao","2017-10-15 13:04:43",0.28777,5,rissonyao
1777,963535,Omote_Street_5,"2017-11-08 00:49:24",0.28777,36,etanitsbo
1778,1001721,Shalala,"2017-11-02 08:22:03",0.28776,26,del=a0c3af1dc184254a
1779,1005528,"Duke ML","2017-11-04 20:46:57",0.28775,8,"gjwls1020,jamescwu,zbd1023"
1780,971320,"eric sauthier","2017-10-19 19:59:15",0.28775,11,del=8f812c8215ccbd7b
1781,1013464,EdisonLi,"2017-11-12 12:57:33",0.28774,43,liedision
1782,1066816,rpzchaptal,"2017-11-29 21:56:57",0.28773,49,"acruve15,guizer"
1783,970074,"Tugrul Acikgoz","2017-10-17 04:56:58",0.28771,16,tugrula
1784,960472,iulian,"2017-10-16 16:02:43",0.28771,26,icozma
1785,954071,"Kai Wang","2017-11-01 12:04:56",0.28770,17,wangk4
1786,1001139,ishanace,"2017-10-25 08:49:22",0.28770,13,ishanace
1787,1056702,DS_998,"2017-11-16 00:07:16",0.28770,17,templton
1788,1098212,Youyi,"2017-11-29 17:10:47",0.28770,22,youyifong
1789,963537,aarongoldman,"2017-10-16 03:28:19",0.28769,9,aarongold
1790,978627,abcabc1234,"2017-11-10 03:27:42",0.28769,34,abcabc1234
1791,968443,"Lin Ma","2017-10-12 20:16:23",0.28768,10,malinxiao
1792,1001927,QuanTran,"2017-11-12 05:40:15",0.28768,31,anhquan0412
1793,990494,flo12392,"2017-10-19 14:47:12",0.28768,17,flo12392
1794,996479,Andreisun,"2017-11-29 21:07:46",0.28767,179,andreisun
1795,1057589,"Mark Morton","2017-11-07 02:18:16",0.28767,7,faxlad
1796,1090568,"Dream Team Yolanda","2017-11-29 22:51:19",0.28765,12,"chrisgooga,ijmadrid,luisldstella,segis95"
1797,958849,danJumps,"2017-11-21 21:18:16",0.28764,31,springmanndaniel
1798,997541,Regis,"2017-11-17 11:31:42",0.28764,26,raijisse
1799,1025958,AntiLippasaar,"2017-11-04 14:39:01",0.28764,23,hazzle
1800,1012189,scut_430,"2017-10-26 09:38:04",0.28763,3,"chenqw,shyingcy"
1801,967898,"idc man","2017-10-27 22:40:04",0.28763,68,btnguyen
1802,978871,LightR,"2017-10-22 02:48:36",0.28763,1,lightrain007
1803,994067,"Rafael Ladeira","2017-10-22 15:17:18",0.28762,9,rladeira
1804,959170,"Rodrigo Malacarne","2017-11-28 16:34:57",0.28762,65,rodrigomalacarne
1805,1089854,Douglas125,"2017-11-24 21:17:41",0.28761,15,"douglasandrade,edhowler"
1806,995404,hklee,"2017-11-25 14:26:20",0.28761,32,zeemeen
1807,962142,"Felipe Chicarelli","2017-10-25 02:59:24",0.28761,24,fchicarelli
1808,1010448,"I got worms","2017-11-02 14:54:27",0.28761,58,stocks
1809,1003975,Karen,"2017-11-13 12:03:39",0.28760,11,karendavis
1810,1050378,MikeTree,"2017-11-29 19:05:01",0.28760,33,miketree
1811,995004,Behrang,"2017-11-28 00:00:47",0.28760,16,behrang
1812,964637,robin,"2017-10-16 23:27:16",0.28760,39,rgzn2017
1813,1050864,Saravji,"2017-11-29 04:50:39",0.28759,35,saravji
1814,978045,jt2017,"2017-11-18 13:07:59",0.28759,23,jantilly
1815,1004643,ifuding,"2017-11-29 15:44:52",0.28758,19,ifuding
1816,1006160,spurs,"2017-11-28 15:08:39",0.28758,105,tottenham
1817,967439,"Daniel Raduta","2017-11-29 19:58:38",0.28757,45,datudar
1818,956286,"Sam Roland","2017-11-29 04:12:01",0.28757,28,sroland68
1819,960280,MoominBamboo,"2017-11-22 22:48:20",0.28756,26,moominbamboo
1820,954914,GreedySearch,"2017-10-23 13:42:51",0.28756,55,alexandrudaia
1821,968519,Sajit,"2017-11-25 12:46:45",0.28756,152,sroshan
1822,964173,liu-xu,"2017-11-01 09:16:10",0.28755,30,liuxuxu
1823,1052818,ddjenny,"2017-11-01 00:55:16",0.28755,4,ddjenny
1824,967573,mksstn,"2017-11-29 23:43:58",0.28754,23,mksstn
1825,1025735,esperto,"2017-11-27 00:25:21",0.28754,10,esperto007
1826,1021088,zoorvy,"2017-10-23 03:13:53",0.28754,6,del=7566b9fc90a9aa41
1827,983016,jennielong,"2017-10-24 02:59:55",0.28752,52,del=d1e238522aab69ab
1828,997471,pks_bgh,"2017-10-18 20:39:14",0.28752,3,pksw4u
1829,1084797,"Lars & Morty","2017-11-29 16:36:54",0.28752,6,"larshenriknysteen,mortendaehli"
1830,987100,Math@Data,"2017-11-27 09:41:38",0.28752,17,yunkyong
1831,983265,wyldream,"2017-11-07 01:31:26",0.28751,2,wyldream
1832,1015489,fsodogandji,"2017-11-29 23:56:13",0.28751,16,fabsod
1833,973793,"Nicolas Maignan","2017-11-28 22:00:07",0.28750,28,c0conuts
1834,955349,SoheiArisaka,"2017-11-06 14:37:37",0.28750,5,crampon231
1835,998694,mofeiyu,"2017-11-25 04:09:38",0.28750,14,mofeiyu
1836,968315,ArshjotKhehra,"2017-10-16 03:47:14",0.28748,25,arshjot
1837,990348,hengchao0248,"2017-10-20 01:05:51",0.28748,18,duthchao
1838,1021897,"Ryu Tomita","2017-11-29 23:39:55",0.28747,5,rtomita
1839,1002388,Jon,"2017-10-18 12:08:28",0.28747,3,jonaruick
1840,1011772,Ovio,"2017-10-29 08:49:36",0.28747,4,mcclap
1841,1105827,Bishwa,"2017-11-29 14:28:07",0.28746,27,bsatpathy
1842,1048303,"Gowtham Kumar","2017-11-11 08:34:26",0.28746,36,gowthamkumar17
1843,1112858,Karel,"2017-11-20 09:13:06",0.28745,4,karell
1844,997995,yejinru,"2017-11-24 14:06:36",0.28745,9,yejinru
1845,1073315,白夜迷子,"2017-11-29 19:12:04",0.28745,8,byakuya330
1846,1011686,Vishy,"2017-11-28 20:44:18",0.28745,15,viswanathravindran
1847,980118,bhupinders,"2017-11-28 08:34:24",0.28745,9,rishi99
1848,953448,"Matthias Coste","2017-11-29 21:55:48",0.28745,21,matthiascoste
1849,1056233,"Cellular Automata","2017-11-08 01:38:37",0.28745,21,ebdundar
1850,1004955,DataFreaks,"2017-11-24 23:04:21",0.28744,25,"abahl88,kaivangala,twi5ter"
1851,1000453,shrek,"2017-11-07 15:40:26",0.28744,2,thidtc
1852,1011834,komasayuki,"2017-11-02 09:37:52",0.28743,19,komasayuki
1853,966271,AltierisPeixoto,"2017-10-11 14:11:45",0.28741,8,altierispeixoto
1854,1073459,"Stevanus Andrianta","2017-11-29 06:11:19",0.28741,2,stevanusandrinata
1855,988319,chen,"2017-11-25 05:32:24",0.28741,21,bochen0909
1856,961897,RenierBotha,"2017-10-24 20:03:13",0.28741,10,renierbotha
1857,1036054,LuciferBK,"2017-11-02 03:13:40",0.28741,3,gengmingjin
1858,1087402,ИльяВолочков,"2017-11-22 05:37:04",0.28740,2,karkar
1859,960824,"Christian Spethmann","2017-11-15 14:05:40",0.28740,33,krisspe
1860,1062708,"Luan Corumba","2017-11-29 10:18:56",0.28740,11,luancorumba
1861,1060274,thiagor,"2017-11-04 18:08:28",0.28740,4,thiagor
1862,987513,yimingdiuren,"2017-11-06 03:09:41",0.28740,8,atgc1984
1863,1087995,"Joshua Whittemore","2017-11-29 16:37:06",0.28740,28,jwhitt
1864,1000617,kamendula,"2017-10-22 05:09:38",0.28739,2,kamendu
1865,1010623,"HN Musac","2017-10-22 16:10:24",0.28739,13,hitoshinagano
1866,1009522,Nirant,"2017-10-21 05:58:42",0.28739,1,nirant
1867,975075,"Isadora Amorim","2017-10-25 02:51:20",0.28739,9,isadoraamorim
1868,978553,nicapotato,"2017-11-24 03:34:36",0.28739,2,nicapotato
1869,965726,"Shuang Xia","2017-10-30 11:24:30",0.28739,9,shuangxia
1870,974538,"Hazarapet Tunanyan","2017-10-23 16:00:41",0.28739,20,hazarapet
1871,963137,Imagouille,"2017-11-23 12:07:33",0.28739,6,pierroteknik
1872,1014970,amirazeez,"2017-10-20 06:53:23",0.28739,1,amirazeez
1873,993253,AliLu,"2017-10-20 07:51:56",0.28739,10,luksss
1874,1014705,gurpreetmehta,"2017-10-20 09:49:23",0.28739,1,gurpreet24
1875,998382,"Nilay Sen","2017-10-20 15:19:29",0.28739,2,del=ea3775840c0b45d8
1876,985005,PriyaAKC94,"2017-10-20 17:43:00",0.28739,3,priyaakc94
1877,1017227,JigyasuJuneja,"2017-10-20 19:45:09",0.28739,1,datasj
1878,964320,"Tarun Singh","2017-10-21 07:17:14",0.28739,2,tarunsingh
1879,1012081,"Reg Bauld","2017-10-29 04:56:50",0.28739,10,rbauld
1880,953309,youpi,"2017-10-22 11:16:50",0.28739,7,laurams
1881,989321,AndrewKlyman,"2017-11-08 22:55:45",0.28739,12,andyandy
1882,1036128,"Viktor Brylov","2017-11-23 13:18:06",0.28738,5,bewhite
1883,1039580,"Prashant Kikani","2017-11-27 12:07:44",0.28738,21,prashantkikani
1884,982938,TeamPredict,"2017-11-19 15:48:20",0.28738,25,"archanasheshadri,pramodatre"
1885,960962,"Lucas Machado","2017-11-01 02:49:25",0.28738,4,lucasmachado
1886,1028874,HE,"2017-10-31 13:16:28",0.28738,5,hamzaensari
1887,1011128,"Costas M","2017-11-22 22:08:35",0.28738,31,cmourlas
1888,1011889,Nick-Fil-A,"2017-11-29 21:58:20",0.28738,11,namato
1889,1007545,"Cuong Nguyen","2017-11-25 04:38:47",0.28738,23,cuongvn08
1890,1015005,chenjin,"2017-11-02 07:14:59",0.28738,2,chenjinsh
1891,990171,ekansrm,"2017-11-22 23:51:12",0.28738,12,ekansrmkami
1892,1056967,"Sam McCaffrey","2017-11-18 06:05:48",0.28738,18,smccaffrey
1893,999155,"T & C","2017-11-09 06:48:57",0.28738,7,"chunyou,tsdascpn369"
1894,1067683,"Kirstin Hay","2017-11-05 20:55:10",0.28738,2,haykirstin
1895,978447,kobra,"2017-11-28 07:48:01",0.28738,18,"sgokhales,thrustmaster99"
1896,1025101,Liangz,"2017-11-07 07:11:26",0.28738,7,zhunliang
1897,964112,"Amogh B","2017-11-08 01:32:40",0.28738,27,del=e12a986146455594
1898,960683,EdZhang,"2017-11-08 09:37:27",0.28738,1,edzhang
1899,993631,Frodos,"2017-11-26 20:30:15",0.28738,70,physci
1900,1030782,"Pham Kim Hoan","2017-11-10 06:29:25",0.28738,1,pham0030
1901,986026,"Larry Song","2017-11-11 00:03:31",0.28738,1,larrysong
1902,1043878,[Deleted],"2017-11-11 01:24:27",0.28738,4,del=bbdf7ae000de3006
1903,968210,kibergus,"2017-11-12 21:29:02",0.28738,45,kibergus
1904,1045582,akaSmitty,"2017-11-13 01:54:55",0.28738,2,akasmitty
1905,970406,"Joydeep Mandal","2017-11-13 11:10:53",0.28738,7,jediknight
1906,1077318,"Lewis Li","2017-11-17 03:12:37",0.28738,7,lewisli827
1907,965609,NAG,"2017-11-19 22:57:47",0.28738,4,adriannana
1908,1087566,qqqq,"2017-11-28 22:51:07",0.28738,4,qweasddd
1909,1055448,358176416,"2017-11-17 07:06:05",0.28738,2,z358176416
1910,1079388,MLXBB,"2017-11-28 22:19:15",0.28738,25,"elliotdu31,jijijous,joffreyd,peaisge"
1911,1114851,amunategui,"2017-11-20 15:02:33",0.28738,2,amunategui
1912,968492,"Vikrant Bachhav","2017-11-21 00:59:04",0.28738,1,vbachhav
1913,1066217,TylerWhite,"2017-11-23 17:27:25",0.28738,4,tylervw
1914,953457,TroyWalters,"2017-11-24 22:32:57",0.28738,44,captcalculator
1915,1020055,RVK,"2017-11-25 07:18:18",0.28738,4,rahulvks
1916,975760,"Ensemble of Public Kernels","2017-11-26 02:55:39",0.28738,58,"mishok,orestxherija"
1917,1094992,"Ildus Kuchkarov","2017-11-27 16:35:51",0.28738,2,kodark
1918,1106228,ChhorCoudray,"2017-11-27 22:43:29",0.28738,5,ocoudray96
1919,961454,Kevin,"2017-11-28 13:51:59",0.28738,42,kevinbonnes
1920,967366,"KOUASSI Konan Jean-Claude","2017-11-29 22:37:37",0.28738,15,kjeanclaude
1921,1070555,aneeshabanga,"2017-11-29 10:28:13",0.28738,5,aneeshabanga
1922,969972,pettan0818,"2017-11-29 05:10:50",0.28738,23,pettan0818
1923,1006225,scoh713,"2017-11-29 08:27:43",0.28738,4,scoh713
1924,1071924,"Li Dong","2017-11-29 19:41:51",0.28738,11,ldong87
1925,955139,marugari,"2017-11-29 22:29:05",0.28738,4,marugari
1926,1037254,"Lovedeep Saini","2017-11-29 22:01:36",0.28738,8,lovedeepsaini
1927,959082,AdamGao,"2017-11-05 03:25:25",0.28738,23,sixfold
1928,1117913,"Denis Tsitko","2017-11-22 11:42:53",0.28737,5,denistsitko
1929,980918,kunkunkun,"2017-10-11 11:15:29",0.28737,5,aaahhh
1930,1055006,nnoble,"2017-11-01 15:48:00",0.28737,3,nnoble
1931,973311,RaiderX,"2017-11-23 03:30:27",0.28737,44,raiderx
1932,1020746,"Niall Dalton","2017-11-09 01:14:14",0.28737,9,daemons
1933,986042,vngasp,"2017-10-25 15:10:05",0.28736,8,vngasp
1934,1010249,"Michael Maguire","2017-11-27 23:07:18",0.28735,70,thawatt
1935,966490,Umberto,"2017-11-15 16:30:17",0.28735,71,umbertogriffo
1936,1004680,Bin,"2017-11-18 11:09:17",0.28735,19,sibinh
1937,1022934,Nati,"2017-11-24 10:12:09",0.28735,25,natihd16
1938,977599,Chami,"2017-11-14 23:11:17",0.28733,8,del=7a079b4e539c3588
1939,972831,Ankit,"2017-10-31 08:12:46",0.28733,21,ankit2106
1940,1038121,Herbrand_fighters,"2017-11-29 15:53:46",0.28733,24,"armitakhn,sathouel,souhaibb"
1941,973792,gmobaz,"2017-11-29 23:42:14",0.28733,30,gmobaz
1942,968104,MichaelMayer,"2017-10-28 19:00:41",0.28732,4,mayer79
1943,963816,"Husky Stats","2017-11-18 21:52:22",0.28732,15,"fuyang1994,haonanli,yangjh39"
1944,1026932,nannnth,"2017-11-19 00:41:59",0.28732,21,nannnth
1945,1006756,zhongtian,"2017-11-29 22:55:16",0.28730,21,kmtbang
1946,1038853,mgqwyz,"2017-11-03 08:10:18",0.28730,5,mgqwyz
1947,956381,PatrickZLi,"2017-11-06 04:49:13",0.28729,1,patrickzli
1948,958403,Daneil,"2017-10-12 16:04:08",0.28728,11,odek53r
1949,963545,"Jianhua Ma","2017-11-29 07:35:48",0.28728,6,"evensu,xfsm1912,yhnedison"
1950,965399,"Bernard Pazio","2017-11-27 10:49:27",0.28728,31,bernardpazio
1951,973880,OttoP,"2017-11-01 16:06:10",0.28728,8,operdeck
1952,1019177,"hasan haris","2017-10-21 15:27:55",0.28727,5,del=3ea919607dd99cfd
1953,965017,Lukasz,"2017-11-12 20:35:21",0.28727,37,lukexx8
1954,981747,Nonserial,"2017-11-01 17:55:15",0.28725,40,nonserial
1955,1026031,Vidvei,"2017-10-24 21:52:45",0.28725,2,vidvei
1956,981111,hemantime,"2017-10-20 13:10:17",0.28725,24,hemantime
1957,955112,pragmatic,"2017-10-23 18:57:45",0.28724,27,kostya17
1958,985750,Username10,"2017-10-14 20:18:46",0.28723,11,username10
1959,966200,jvent,"2017-11-21 03:11:54",0.28723,12,jessevent
1960,983191,"Saeed Alahmari","2017-11-29 12:35:05",0.28723,56,saeed3
1961,974172,Vladyslav,"2017-10-08 21:07:49",0.28722,1,yavladys
1962,960823,hewei,"2017-10-15 12:47:38",0.28722,3,hewei2016
1963,991873,HenriqueOliveira,"2017-10-14 02:36:35",0.28722,9,henrique
1964,1083845,"wang frank","2017-11-20 05:15:20",0.28721,20,wanglf
1965,965412,"Luck Yu","2017-10-30 15:39:46",0.28721,46,luciusyu
1966,1066013,iveagle,"2017-11-05 00:36:10",0.28720,4,iveagle
1967,962062,"Rafael Gomes","2017-11-13 21:44:29",0.28720,30,grafael
1968,1100845,getar,"2017-11-29 16:19:51",0.28720,27,geotar
1969,958397,vrsb,"2017-11-03 09:55:50",0.28720,12,vrsb2006
1970,980321,"Samuel Ling","2017-10-14 00:28:58",0.28720,4,sling1678
1971,957832,"Jie Fang","2017-10-25 01:53:46",0.28720,3,fangjie
1972,971911,"Zanzibar Lector","2017-11-09 05:45:52",0.28719,19,zanzibar
1973,1051565,mikeluck,"2017-10-31 06:40:31",0.28719,3,mikeluck
1974,1085122,"Sina Akhavan","2017-11-28 04:29:44",0.28719,8,sinaak
1975,1101130,"Alex Brad","2017-11-29 20:16:40",0.28719,15,alexbrad
1976,976701,HaoxuanDou,"2017-10-23 15:23:42",0.28719,5,hankdou
1977,1002062,esa,"2017-11-29 06:16:41",0.28717,90,"bkam235,namorx68"
1978,981230,dahungxiao45,"2017-10-30 13:22:30",0.28717,16,h1570050520x
1979,989264,"Shadow team","2017-10-24 22:22:33",0.28717,12,"alsombra,errearanhas,lucasmeireles,wangbarros"
1980,953348,"Anirudh Raghavan","2017-11-28 21:25:16",0.28717,13,anirag
1981,983108,"Kazunari Kobayashi","2017-11-03 11:59:12",0.28716,3,kobayashikazunari
1982,965796,Grzegorz,"2017-11-02 13:36:58",0.28715,5,grisza
1983,1034222,"Enjia Chen","2017-11-02 00:46:07",0.28715,2,heisall
1984,1065891,"Robert Aduviri","2017-11-05 04:14:24",0.28715,3,robertalonso29
1985,1066199,求组队,"2017-11-11 06:13:58",0.28715,3,chengchangjie
1986,1092242,Eddie,"2017-11-21 02:46:48",0.28715,3,bestenze
1987,1043967,anshulprakash,"2017-11-19 17:59:14",0.28715,15,anshulprakash
1988,1088856,"Zimmy zainal muttaqin","2017-11-28 15:59:28",0.28715,2,zimmyz1
1989,976432,ashukumar27,"2017-11-04 09:26:22",0.28715,1,ashukumar27
1990,1057773,MrWaterZhou,"2017-11-03 05:07:01",0.28715,5,zhouwuxialang
1991,962553,Laith,"2017-11-14 01:12:59",0.28714,81,leo1988
1992,957858,"Sudhir Kumar","2017-11-29 17:58:51",0.28713,82,sudhirnl7
1993,1007627,danieleewww,"2017-11-28 12:25:40",0.28713,39,danieleewww
1994,971625,"Rajeev Gupta","2017-10-11 12:27:34",0.28712,6,rajgupta
1995,982148,"Tsakalis Kostas","2017-10-12 23:21:13",0.28712,6,epinephelus
1996,962005,PatrickCai,"2017-11-22 05:27:17",0.28709,3,guodongmin
1997,993622,"Sergey Samulenkov","2017-11-19 12:07:18",0.28708,46,randolf
1998,979044,"Abhishek Nagarjuna","2017-11-20 16:28:59",0.28708,1,abhisheknagarjuna
1999,1040167,MasterofPLM,"2017-11-01 07:49:41",0.28708,3,masterofplm
2000,984893,"Vokhmintcev Kirill","2017-10-25 22:37:59",0.28706,17,vokirill
2001,967258,Freddy,"2017-10-25 01:43:08",0.28706,89,del=39f7dd57be1a8967
2002,961427,ievgen,"2017-11-27 15:58:36",0.28706,22,ievgenvp
2003,958912,iamtheonewhoknocks,"2017-11-05 11:37:31",0.28705,51,iamtheonewhoknocks
2004,1014584,Ahbon,"2017-10-29 02:16:32",0.28704,3,ahbon888
2005,1045286,"Shivam Panchal","2017-10-29 08:49:49",0.28704,1,shivampanchal
2006,953124,"Parminder Singh","2017-11-23 10:58:28",0.28704,15,trion129
2007,964942,"Shi Shu","2017-10-29 15:25:35",0.28704,13,segovia
2008,967303,"Yassine Ghouzam","2017-10-29 18:15:43",0.28704,20,yassineghouzam
2009,1046641,Jl,"2017-11-23 11:22:27",0.28704,4,jlouedec
2010,1048426,gdhvtuvsagc,"2017-10-30 08:53:59",0.28704,1,dontforgettarget
2011,955886,Avadhūta,"2017-10-30 15:46:29",0.28704,37,rastaman
2012,1007020,actank,"2017-10-30 12:12:21",0.28704,2,actank
2013,1048979,"Bayo Adekanmbi","2017-10-30 12:35:01",0.28704,3,bayoadekanmbi
2014,1050730,EminOzkan,"2017-10-31 00:01:27",0.28704,2,emindeniz
2015,1029893,claudiodiniz,"2017-11-07 20:58:13",0.28704,6,cdubuz
2016,982673,HUBBBA,"2017-11-18 11:34:17",0.28704,4,hubbba
2017,979437,"abhishek 2","2017-11-21 09:43:08",0.28704,3,abhishek
2018,956108,Dada123,"2017-10-23 12:05:31",0.28703,30,travelerforfun
2019,953512,"Maxim Antonovich","2017-11-04 17:56:56",0.28703,5,maximantonovich
2020,1008714,AdityaMadan,"2017-10-28 00:13:09",0.28702,10,adimadan
2021,1078452,lingyang,"2017-11-29 09:43:12",0.28702,16,lingyang
2022,1094324,Leeds_002_SkoBuffs,"2017-11-29 23:43:36",0.28701,28,"colehenry,kaegancasey,stevictory"
2023,964346,MohitJain,"2017-11-24 05:25:29",0.28701,17,mjain1
2024,1091210,Leeds_001_DataChoppers,"2017-11-29 22:22:45",0.28700,72,"guywithfork,jacksonmccullough,loganhastings"
2025,1049031,Ziwen,"2017-11-24 08:51:19",0.28698,3,ziwenjin
2026,1010490,andyschuster,"2017-11-03 00:36:05",0.28697,7,andyschuster
2027,984669,erikerik,"2017-10-23 09:25:01",0.28697,3,erikerik
2028,985834,Thenobble1,"2017-10-29 16:52:35",0.28697,7,thenobble1
2029,957846,"Roman Semenyk","2017-10-20 18:58:36",0.28697,18,laurlct
2030,955813,kailai,"2017-11-05 14:48:52",0.28697,88,kailai
2031,1003717,"Malte Nalenz","2017-10-31 00:34:52",0.28696,49,malten
2032,970184,AlexBzH,"2017-11-15 17:12:45",0.28696,22,alexbzh
2033,957709,"Dan Ofer","2017-11-20 13:02:01",0.28696,8,danofer
2034,1014397,YangZhang,"2017-11-29 23:36:29",0.28696,1,yzhang092
2035,953182,GabrielScapin,"2017-10-13 13:45:55",0.28695,26,ghscapin
2036,1093144,RyanWang,"2017-11-17 11:21:47",0.28695,5,ryanwangzf
2037,990387,JunRongOng,"2017-11-13 02:37:03",0.28693,25,junrong
2038,977510,sreifa,"2017-11-02 12:23:34",0.28693,22,sreifa
2039,1022648,linc1212,"2017-10-31 16:59:31",0.28692,40,linc0202
2040,1023579,morgansun,"2017-11-13 02:56:00",0.28691,23,morgansun
2041,953775,"Oussama Errabia","2017-10-07 19:52:07",0.28691,1,hisuka
2042,1021410,"Dashiell Gough","2017-11-29 10:15:44",0.28690,12,dashiellg
2043,1109450,"Alexey Lukyanov","2017-11-26 05:52:45",0.28690,15,alexlu
2044,1091212,Leeds_001_dragndropitlikeitshot,"2017-11-29 23:10:54",0.28689,24,"daha5476,jala1943,meganthiede"
2045,953883,AhmedSultan,"2017-10-19 23:19:48",0.28688,16,ahmed0sultan
2046,1015378,Piero,"2017-10-20 12:54:06",0.28688,1,piero111
2047,1018672," Evgenii Gavrilin","2017-10-21 10:11:27",0.28688,1,evgeniigavrilin
2048,1033198,ak19921,"2017-10-25 20:48:16",0.28688,2,del=1b54f0c0fc780851
2049,977012,"Pasquale Giovenale","2017-11-24 14:45:21",0.28688,15,pasqualeg
2050,964317,LLtiger,"2017-10-13 09:30:03",0.28688,18,qdtigert
2051,1018942,2nd_try,"2017-11-11 08:26:52",0.28687,3,"hushenglang,kintse,ylchan87"
2052,1085756,HappyXie,"2017-11-29 16:02:28",0.28687,6,happyxie
2053,979492,"Yadi Li","2017-10-22 14:07:36",0.28686,2,liyadi
2054,967933,kamuichan80,"2017-10-13 05:00:54",0.28684,3,kamuichan80
2055,1013076,[Deleted],"2017-10-21 17:53:33",0.28684,9,del=5bfbc3afbd95303a
2056,1114155,Serhio,"2017-11-21 20:33:33",0.28683,1,del=0bc8d3920566b9fe
2057,988933,Ranjeet,"2017-10-23 15:29:15",0.28683,4,rdking
2058,1015175,ShivamGaur,"2017-10-24 08:45:32",0.28683,3,shivam6294
2059,961088,"Esteban Serna","2017-10-14 23:48:58",0.28682,5,tebanieo
2060,958268,maw501,"2017-11-29 21:31:37",0.28681,36,maw501
2061,995277,MrRoth,"2017-10-29 18:23:32",0.28680,1,taoxie
2062,1091486,Leeds_002_DataFinders,"2017-11-29 23:55:14",0.28680,29,"adjo9425,catherineeckerd,helina7z"
2063,965875,"Serhiy Semenyuk","2017-10-11 11:28:21",0.28679,12,ssemenyuk
2064,964663,isaranja,"2017-11-28 11:56:54",0.28678,34,isaranja
2065,953200,Mathn,"2017-11-28 10:40:42",0.28677,4,mathusuthan
2066,1032951,"Darshan Sangani","2017-10-25 18:14:42",0.28677,1,sangnaidarshan22
2067,964271,NVC,"2017-11-04 04:32:48",0.28677,25,"chirag1226,nghosh5,vsingh35"
2068,1034523,huangfu,"2017-10-26 08:08:48",0.28677,1,huangfuzd
2069,1035360,Doge,"2017-10-26 08:26:16",0.28677,2,wisedoge
2070,954807,Damiano,"2017-10-23 22:17:53",0.28676,22,damianpanek
2071,1100207,Lifeik,"2017-11-29 21:02:20",0.28676,58,lifeik
2072,955425,"Justin Nafe","2017-11-29 23:46:36",0.28676,81,justinnafe
2073,996093,FeiYang,"2017-10-31 12:41:06",0.28675,9,panfeiyang
2074,954370,laisun,"2017-10-16 12:00:19",0.28674,12,lixinlaisun
2075,1095225,Leeds_001_Kai'sTheLimit1,"2017-11-29 21:49:05",0.28673,24,"chengyuh,elizabethobbs,leeds001talkdatatome"
2076,1026230,iskanderua,"2017-10-29 13:47:32",0.28673,1,iskanderua
2077,964560,"What brings me to you","2017-11-29 01:49:52",0.28673,10,"cuixx042,zlx425"
2078,977496,mscstat,"2017-10-24 12:39:39",0.28673,4,mukeshch321
2079,995929,"JCC ","2017-10-23 14:27:13",0.28673,7,anorakjcc
2080,1026529,ezyyyy,"2017-10-31 21:09:53",0.28673,2,ezyyyy
2081,969268,"Rob Treichler","2017-11-26 23:47:28",0.28673,25,shrikeler
2082,1030589,tr3e,"2017-10-26 01:46:27",0.28673,6,uestctr3e
2083,1087596,"Milo Tallon","2017-11-13 13:22:29",0.28673,2,milotallon
2084,958606,"Andrii Kruchko","2017-11-12 20:47:06",0.28673,13,akruchko
2085,999929,"Andrei Larionov","2017-11-23 18:37:49",0.28672,32,andreilarionov
2086,975781,"Konstantin Dmitriev","2017-11-23 01:47:09",0.28672,8,dmitrievkv
2087,995327,wellll,"2017-10-25 08:59:14",0.28671,23,wellll
2088,1009765,hotryo123,"2017-11-28 07:24:29",0.28671,3,hotryo123
2089,988701,"Jun zhang","2017-11-29 15:42:09",0.28671,58,junzhang
2090,980390,Jerry,"2017-10-16 21:30:20",0.28670,16,millionintegrals
2091,965805,"Clément Ladier","2017-11-17 14:10:55",0.28670,21,cladier
2092,968583,yretsas,"2017-11-28 07:44:22",0.28669,47,yretsas
2093,967838,"Néstor Alonso","2017-11-04 17:18:21",0.28669,9,acnestor
2094,970528,DanielRodak,"2017-10-27 10:50:07",0.28668,41,danielrodak
2095,986936,"Ryale Volgenn","2017-11-29 23:58:31",0.28667,116,ryalevolgenn
2096,972900,theblackcat102,"2017-10-08 07:19:26",0.28667,6,theblackcat
2097,993666,"Ian Shane Wong","2017-10-16 00:37:24",0.28666,11,iansane
2098,977920,davidwang,"2017-10-06 22:10:55",0.28663,2,davidwakupe
2099,996203,MariaPiresPacheco,"2017-11-25 20:06:01",0.28663,79,noirobscure
2100,953094,AhmetErdem,"2017-11-05 08:33:43",0.28663,82,aerdem4
2101,1097983,Leeds_001_team13_BazingaBoys,"2017-11-29 20:28:57",0.28662,23,"macbolak,robinsilk,widi7743"
2102,1035893,Mahitha,"2017-11-08 06:19:27",0.28662,15,mahithasree
2103,964861,"Ankit Gupta","2017-11-02 19:00:32",0.28661,7,guppi3695
2104,962962,"Swaraj Khadanga","2017-11-10 05:11:39",0.28660,10,sonuk7
2105,962706,"Rodrigo Botafogo","2017-11-10 20:23:28",0.28659,19,rbotafogo
2106,1011385,"Robert McKee","2017-11-27 02:13:06",0.28659,70,robjm16
2107,1013155,"Anik Poddar","2017-11-24 06:08:17",0.28658,18,apoddar2008
2108,981732,"khaled salah","2017-11-22 17:27:47",0.28658,40,bekaaa
2109,1067804,haiziheyu,"2017-11-26 19:46:33",0.28657,2,haiziheyu
2110,970240,"Eike Dehling","2017-10-14 09:25:12",0.28656,16,eikedehling
2111,1095572,Leeds_001_Entrepreneurial_Engineers,"2017-11-29 22:52:38",0.28656,18,"datechmaster,tomi6936"
2112,1090983,Leeds_001_NickButler,"2017-11-29 23:56:04",0.28655,8,nbutler1
2113,1078968,"Namit Ohri","2017-11-29 09:32:48",0.28655,19,namit9
2114,1022259,shg11027,"2017-10-31 19:15:25",0.28654,16,shg11027
2115,964831,Pies,"2017-11-29 23:58:14",0.28653,14,tobycat
2116,967000,"Vova Kubytskyi","2017-10-06 13:35:02",0.28652,11,del=9e88318176883c1f
2117,977734,Cross,"2017-10-07 04:11:05",0.28651,2,cross17bell
2118,965344,"Henrique Gräbin","2017-10-22 13:17:50",0.28650,6,mgrabin
2119,970452,MilindJain,"2017-11-24 12:35:39",0.28649,14,milindjain
2120,956738,menphim,"2017-11-29 15:55:21",0.28648,20,menphim
2121,968488,leonardoc,"2017-10-29 23:51:38",0.28647,14,leonardoc
2122,990192,MikeLewis,"2017-11-24 16:44:01",0.28647,13,llama88
2123,975128,Ultramel,"2017-10-10 06:33:47",0.28647,11,albertogutierrez
2124,990146,"Fail Over","2017-10-13 02:57:28",0.28647,2,failover
2125,1020989,"Xiang Zhang","2017-11-10 01:48:52",0.28646,4,datafreshman
2126,953285,"Arno Candel","2017-11-29 23:36:33",0.28645,9,arnocandel
2127,983974,water,"2017-11-15 07:43:51",0.28645,6,swear19870401
2128,1052124,jenny,"2017-10-31 12:52:14",0.28645,5,djenny
2129,976686,"James Dale","2017-11-13 21:39:56",0.28643,19,jamesdale
2130,1007387,Hsuya,"2017-11-29 23:38:29",0.28643,35,ayushpaliwal2015
2131,963613,"Dimitris Sotiriou","2017-10-19 15:13:44",0.28642,23,dsotiriou
2132,957208,"Rich He","2017-10-07 01:17:23",0.28642,3,greenmtn
2133,975459,retail,"2017-11-29 13:53:58",0.28642,19,"jacquespeeters,vautrin"
2134,978434,0.281,"2017-10-13 22:54:28",0.28640,6,starboard
2135,974603,GeorgeHan,"2017-10-06 17:36:59",0.28640,3,raningtky
2136,977775,edwardekstrom,"2017-10-06 21:34:18",0.28640,1,edwardekstrom
2137,963836,FaniPaprykiVege,"2017-10-07 22:57:20",0.28640,7,"maciejpitucha,stolarczyk"
2138,966946,"Tahash Miranda","2017-10-15 08:14:55",0.28640,3,tahash
2139,973796,RodrigoGarciaSaiz,"2017-10-22 22:05:07",0.28640,4,rodrigogarciasaiz
2140,977368,nhm~,"2017-10-27 12:45:16",0.28640,1,davidfu
2141,1079335,AI_BANGALORE,"2017-11-21 06:37:28",0.28640,1,sankar5454
2142,1079297,"Kishan Maladkar","2017-11-21 09:26:56",0.28640,1,kishan94
2143,1057531,Hoopers15,"2017-11-27 15:46:57",0.28638,4,"dinaravvsint,gaganico,stanguinel,thomasbowen"
2144,1013731,"Adrian Hegner","2017-11-29 23:52:33",0.28638,45,adrianhegner
2145,972328,"J.J. Toharia Zapata","2017-11-29 21:34:46",0.28638,123,jjtoharia
2146,966612,AndrewOlson,"2017-11-24 17:06:37",0.28637,32,andrewolson
2147,1066374,"Ken Yamaji","2017-11-12 08:13:38",0.28637,26,kenyam
2148,955885,DataExplorer,"2017-10-22 01:48:03",0.28636,13,vkyspeaks
2149,954565,ztmt,"2017-11-17 10:00:53",0.28635,20,hhcheng
2150,1051940,bluered,"2017-10-31 09:54:34",0.28634,2,lyabc0826
2151,960402,madarina,"2017-11-22 14:31:32",0.28634,37,madarina
2152,956110,"Anirban Lahiri","2017-10-07 22:46:05",0.28633,2,anirbanlahiri
2153,962658,"Caio Silva","2017-10-14 17:19:32",0.28633,11,caiovssilva
2154,960183,"Humpty Dumpty","2017-11-01 23:10:02",0.28632,11,dumpty
2155,1099114,Bongo,"2017-11-21 10:13:44",0.28631,8,sbongo
2156,962766,ChristianSims,"2017-10-28 05:47:28",0.28631,40,christiansims
2157,1010072,"Sergey Shtekhin","2017-10-20 09:50:39",0.28629,11,shse77
2158,962726,epattaro,"2017-11-09 22:49:22",0.28628,10,epattaro
2159,1047064,mmatloka,"2017-11-14 11:14:10",0.28627,11,mmatloka
2160,1102160,"Roman Mindlin","2017-11-29 20:34:48",0.28625,8,kgbplus
2161,960429,Peatle,"2017-11-06 11:11:58",0.28625,24,peatle
2162,1000401,Saiprasad,"2017-11-29 21:44:06",0.28624,26,sunmoon
2163,1020128,LeoSheck,"2017-11-03 06:45:03",0.28624,12,leosheck
2164,1068084,jingping,"2017-11-07 04:25:52",0.28623,3,jingping
2165,954883,"M O","2017-10-03 01:25:38",0.28622,5,gingi99
2166,962987,SamRanade,"2017-11-26 21:33:25",0.28622,19,shirishr
2167,1095442,Leeds_001_team12_DASSS,"2017-11-29 20:45:57",0.28621,11,"alanchenco,koters22,stevenpfeifer"
2168,962001,madcap,"2017-11-02 20:41:07",0.28621,7,madcap
2169,1095615,"André Martinon","2017-11-29 23:56:08",0.28620,2,amartino
2170,955553,bladerunner,"2017-11-22 22:19:24",0.28619,25,"brightertiger,sourabhjha"
2171,962404,PreritJaiswal,"2017-10-25 17:35:20",0.28619,19,particlefever
2172,967452,Sunil,"2017-11-29 18:09:50",0.28619,4,asksonu
2173,1088518,josauder,"2017-11-23 23:32:43",0.28619,8,josauder
2174,1112019,wckd,"2017-11-25 20:53:14",0.28617,4,wckdman
2175,964709,mljar.com,"2017-10-05 11:20:08",0.28617,5,mt77pp
2176,1038217,"Team Ben","2017-11-25 00:31:02",0.28617,31,"carriexu,jiyeding,scottli"
2177,1020677,NaveenBalusu,"2017-10-31 09:02:05",0.28616,7,naveen481
2178,976246,TomZ,"2017-10-08 18:47:04",0.28616,4,tomzam
2179,971016,T79XQ,"2017-11-29 16:10:20",0.28616,5,sirgauss
2180,1063127,BinDaveClark,"2017-11-27 07:39:58",0.28616,4,davewang2000
2181,968316,"Charles de las Casas","2017-10-10 19:00:31",0.28615,14,delascasas
2182,960324,"Dmytro Fesenko","2017-10-23 13:06:16",0.28615,49,fesenkod
2183,953282,"Serkan I.","2017-10-08 16:13:15",0.28613,9,serkani
2184,969952,MohitRaut,"2017-10-20 18:00:51",0.28611,23,mohitraut
2185,969349,"Branden Murray","2017-11-10 18:26:13",0.28611,7,brandenkmurray
2186,982792,MJ23,"2017-11-05 23:12:30",0.28611,3,meriemaa
2187,987472,"Amar Basic","2017-11-15 09:31:55",0.28611,18,amarba
2188,962335,KaiJ,"2017-10-23 21:10:23",0.28610,2,kaijiang
2189,972723,CodingVanGogh,"2017-11-20 03:54:16",0.28608,24,lohithbr
2190,984351,roylei,"2017-10-09 09:26:01",0.28608,1,roylei
2191,995636,tmp_test,"2017-10-16 09:56:37",0.28607,5,hzshangh
2192,1083877,"Kent Chiu","2017-11-13 14:45:26",0.28605,3,kentchun33333
2193,998719,"Li Ao","2017-11-29 23:43:51",0.28604,7,heidegger217
2194,989473,YuhuaXiong,"2017-10-24 05:19:39",0.28603,6,yuhuaxiong
2195,965670,katsu1110,"2017-11-10 02:50:07",0.28603,26,code1110
2196,1008719,Gaurav,"2017-10-25 01:45:21",0.28602,8,gauravlingwal007
2197,1008300,mike319,"2017-11-26 23:17:54",0.28601,48,mike319
2198,969838,"Rushikesh M","2017-11-23 06:22:04",0.28601,2,rushikeshm
2199,1109320,naive_predictors,"2017-11-19 03:37:49",0.28600,6,jhapragya
2200,1077702,"Chris Blake","2017-11-29 02:40:04",0.28600,10,chrisblake
2201,956020,"( ͡° ͜ʖ ͡°)","2017-10-14 22:18:58",0.28600,6,jasontam
2202,994593,"Sergiy Kazanin","2017-10-24 10:22:00",0.28598,23,sergiykazanin
2203,965303,"Siddhartha Chowdhuri","2017-10-13 18:00:46",0.28597,12,sidbecoolyo
2204,1046680,FrankDeVilbiss,"2017-11-13 03:33:51",0.28596,10,fr4nkee
2205,1107808,forest,"2017-11-20 02:43:21",0.28596,1,forestye
2206,1052260,"Arnaud Carrere","2017-11-29 14:47:57",0.28596,11,arnaudcarrere
2207,983148,PHD,"2017-11-26 21:04:26",0.28596,44,"cq2essz,lruishen,taleenilat"
2208,984213,Nice_Guys^3,"2017-11-23 10:11:59",0.28595,41,"airdatascientist,cleverpig,leodisi"
2209,993527,"Yonghui Zhang","2017-11-06 09:07:32",0.28594,18,comzyh
2210,1041979,"severus pluto","2017-10-31 16:39:45",0.28594,11,"pluto95617,somelikeithot"
2211,963424,"Ade Kurniawan","2017-11-15 03:05:35",0.28594,2,adeintx
2212,1051329,A_Ng,"2017-11-01 06:31:36",0.28594,4,anthonytyng
2213,978148,MLND,"2017-11-29 22:19:55",0.28594,2,ramanujam
2214,961182,BDAM,"2017-11-02 19:15:11",0.28594,4,"adilsonkhouri,brduru,dancosta,marcelomapr"
2215,991978,"Auguste Hoang Duc","2017-11-28 13:13:01",0.28594,56,thof741
2216,955419,Ogurtsov,"2017-11-04 09:20:01",0.28594,12,ogurtsov
2217,1065479,tradingwithmatlab,"2017-11-04 18:00:43",0.28594,1,tradingwithmatlab
2218,979219,yujian7918,"2017-11-05 12:41:14",0.28594,1,yujian7918
2219,1000521," M.C. Ferguson","2017-11-05 18:06:22",0.28594,1,mferguson04
2220,1053081,"Ruide Li","2017-11-09 10:11:52",0.28594,1,ruideli
2221,998400,"Jerry Xue","2017-11-10 21:00:58",0.28594,1,xueguyu
2222,1050156,"Jiaxing Li","2017-11-14 15:22:22",0.28594,1,ljxerena39
2223,973343,Buck,"2017-11-29 23:53:37",0.28594,5,ccweng
2224,977843,udit,"2017-10-30 12:30:09",0.28594,5,uditsaini
2225,966463,"deepak gupta","2017-10-31 09:16:38",0.28594,33,jigsawcoder
2226,1051069,farabi,"2017-10-31 17:57:32",0.28594,2,farooqespn
2227,1050181,seaborn222,"2017-11-03 20:57:24",0.28594,3,seaborn222
2228,980418,"Sile Tao","2017-11-26 08:57:44",0.28594,17,siletao
2229,1066263,cipher,"2017-11-29 22:00:19",0.28594,6,wjcipher
2230,1105471,"Robin Hoo","2017-11-29 12:20:16",0.28594,37,robinhoo1973
2231,1087341,"genius couple","2017-11-29 03:51:25",0.28594,10,"annadoudou,yingxiangjiang"
2232,1017724,"[Deleted] cd98cd2e-7b44-413b-84f3-bb2f21c4fb29","2017-10-22 22:27:08",0.28592,2,del=0c9e349b0dd9464d
2233,954163,"Juan Corporan","2017-10-19 21:27:49",0.28591,16,siriuscorp
2234,1051945,"Victor S D","2017-11-29 19:22:05",0.28591,8,victorsd
2235,968834,"Oliver Y.","2017-11-29 23:47:46",0.28591,5,oulinyang
2236,1008226,Eris,"2017-10-18 19:00:43",0.28591,6,del=8c166b98ea5d4feb
2237,966575,Jonathan,"2017-11-21 16:01:00",0.28590,21,jobrown
2238,959948,NEVERMORE777PRO,"2017-10-12 08:27:07",0.28588,16,del=7da6678d19a6fd9e
2239,1025261,83k,"2017-11-23 13:33:14",0.28587,6,hassaku
2240,965347,ma2afify,"2017-11-24 01:00:28",0.28587,3,ma2afify
2241,1095947,Leeds_002_Kaiggle,"2017-11-29 23:23:28",0.28586,20,"benfriedman051,chdo8282"
2242,961118,"Roberto Spadim","2017-11-01 16:09:21",0.28585,21,rspadim
2243,962294,LotfiMajid,"2017-10-27 09:15:33",0.28585,8,lmajid
2244,1090645,Leeds_001_Team5_WeWillSurvive,"2017-11-29 06:11:00",0.28583,49,"cbeermann,gena2246420"
2245,966666,towelie,"2017-11-28 16:39:47",0.28582,56,towelie
2246,1022788,"James Dang","2017-10-26 04:28:59",0.28582,2,jamesdang
2247,1042633,wujian5,"2017-11-27 06:02:15",0.28581,1,wujian5
2248,980671,mattozo,"2017-10-22 18:07:47",0.28581,17,mattozo
2249,1001566,Julien,"2017-10-28 19:59:19",0.28581,7,rejulien
2250,974501,DDummy,"2017-10-11 19:37:53",0.28581,22,ddummy
2251,957600,Rain,"2017-10-09 11:02:13",0.28580,13,wrangef
2252,968086,"Michael Wallin","2017-10-22 16:38:04",0.28579,2,wallinm1
2253,1012229,"Qiang Guo","2017-11-15 01:15:02",0.28578,18,worldwar2008
2254,1054754,fg+Y!,"2017-11-25 15:48:47",0.28578,1,chenqz
2255,1142706,"SM Kig","2017-11-29 00:55:38",0.28578,1,abdellahm
2256,1009105,eccc,"2017-11-08 08:14:04",0.28577,16,eeeeee
2257,954248,xman,"2017-10-31 01:00:06",0.28576,18,mandarup
2258,1004116,ThembaniPhaweni,"2017-11-17 01:09:08",0.28576,5,thembani
2259,959625,"William Danielsson","2017-11-05 16:39:35",0.28576,4,danielsson16
2260,967132,JohnTate,"2017-10-06 20:58:53",0.28574,6,johntate
2261,971165,Dance_with_Data,"2017-11-24 03:32:19",0.28573,64,benfaraji
2262,1075545,"Armen Donigian","2017-11-29 09:56:57",0.28572,13,donigian
2263,1021467,ShobhitBhatnagar,"2017-10-22 17:29:52",0.28572,3,raymonbatsy
2264,953493,"Joshua Adelman","2017-10-31 14:39:16",0.28572,9,joshadel
2265,1095544,Leeds_002_RebeccaAliceAlex,"2017-11-29 23:10:38",0.28570,12,"rebeccacravey,zihangao"
2266,1090901,Leeds_001_predicteridg,"2017-11-29 23:43:26",0.28570,10,"gwassom,jjoneal"
2267,956836,alrighty,"2017-11-28 23:25:22",0.28570,14,alrighty
2268,1103746,drzb,"2017-11-23 03:21:19",0.28569,8,beijing
2269,972269,"Lennard Jones","2017-11-10 22:35:38",0.28569,18,lennardjones
2270,1079029,"[Deleted] d6c6cd41-aba2-4b13-84cd-9a562feea565","2017-11-29 14:14:40",0.28568,19,del=575bbf361ebcc881
2271,961816,"Edward Turner","2017-11-25 03:55:34",0.28568,14,eaturner
2272,984025,"Sebastian ","2017-10-19 13:41:50",0.28567,19,homomorphiesatz
2273,972645,GloryHunter,"2017-10-10 10:20:24",0.28566,13,gloryhunter
2274,965682,"Cian Murphy","2017-10-22 08:53:09",0.28565,29,baldman
2275,961999,kistrotristian,"2017-10-30 21:13:22",0.28565,13,kistrotristian
2276,1113920,jyothish,"2017-11-29 13:22:37",0.28565,3,jyothish
2277,969009,whys,"2017-10-31 06:34:33",0.28562,13,failbot
2278,966571,Maciek,"2017-11-29 12:02:22",0.28559,6,s0siwy
2279,1097635,claygirl,"2017-11-29 17:03:35",0.28557,9,magdalenawojcik
2280,1060251,Vojko,"2017-11-29 14:51:47",0.28557,11,vojkog
2281,965851,"Light Yagami","2017-11-11 12:55:59",0.28557,17,yagamilight
2282,1004120,"Kelvin Lai","2017-11-05 15:04:31",0.28556,21,kelvin84hk
2283,980014,JB,"2017-10-28 20:06:50",0.28555,20,jbaez2
2284,1058311,Goman,"2017-11-02 10:38:08",0.28555,2,hasibuan
2285,1000329,yurui,"2017-11-02 19:25:12",0.28555,5,caoyurui
2286,955463,Jeru666,"2017-11-25 14:42:58",0.28555,44,jeru666
2287,956600,"Bert Carremans","2017-11-14 07:16:45",0.28554,30,bertcarremans
2288,965167,"Magnus Aunevik-Berntsen","2017-10-23 09:39:18",0.28554,9,magnusab
2289,1004589,Dsnil,"2017-11-20 15:56:06",0.28553,12,dsnil87
2290,1094877,Leeds-002-ChixDigNerds,"2017-11-29 22:33:41",0.28551,15,"carsonwillard,kylesemaj,sesibo"
2291,1030692,superman,"2017-11-03 03:45:40",0.28550,16,"goacademic,tangqi1991"
2292,987591,"Remi Chapelon","2017-11-29 22:50:14",0.28550,12,chapelon
2293,957807,"Nathan Huang","2017-10-09 08:25:01",0.28548,11,enhaich
2294,1013677,"ML Master Brazil","2017-11-16 18:01:31",0.28548,26,"jessicacc,ruiromanini"
2295,967172,"Bishwarup B","2017-10-05 17:29:46",0.28546,4,bishwarup
2296,964952,VitaliyMuravitskiy,"2017-10-13 13:51:32",0.28545,17,muravitskiy
2297,971571,"Anastasiia Zatkhei","2017-10-05 14:48:20",0.28544,9,anastasiiazatkhei
2298,1102818,"Brian W.","2017-11-28 23:18:42",0.28544,13,briwill
2299,955516,tereka,"2017-10-16 11:57:11",0.28543,2,tereka
2300,955822,GuilhermeMC,"2017-10-16 00:21:42",0.28542,6,gmacro
2301,965893,"Bicorn Schmidt","2017-10-31 09:45:53",0.28542,23,"bicorn01,okobiajoshua"
2302,960020,Fdemir,"2017-11-29 14:35:32",0.28541,37,fdemir
2303,962028,mlg11,"2017-10-04 07:08:25",0.28541,6,"del=dc2fd295d9b3c58c,magalied"
2304,956028,"Neel Dalsania","2017-10-01 07:57:42",0.28541,5,neeldalsania
2305,1017095,"Tim Hoolihan","2017-11-29 22:42:59",0.28541,33,thoolihan
2306,1084637,seaer0903,"2017-11-24 10:31:14",0.28540,7,seaer0903
2307,990749,Pashalot,"2017-11-14 11:52:25",0.28540,21,pashalot
2308,1022203,"Guilherme L. Mello","2017-11-29 01:28:18",0.28538,9,guilhermelmello
2309,962995,Zaidan,"2017-10-20 16:32:14",0.28538,18,youniszaidan
2310,956119,siza,"2017-10-06 19:52:38",0.28537,7,siza314
2311,964245,"Felipe Duarte","2017-10-13 11:16:20",0.28536,3,felipelageduarte
2312,995301,"Robert H","2017-10-29 17:01:28",0.28536,17,rehooley
2313,982053,"Weekend Warrior","2017-10-16 15:36:42",0.28536,5,stewartbobbitt
2314,972270,"[Deleted] 48d62fe5-490b-441b-bd5c-9744f9320f83","2017-10-14 15:27:02",0.28536,6,del=e0c65c9875e7427c
2315,954948,"Shikha Tyagi","2017-11-28 10:19:56",0.28535,27,del=a0f14cad2ad997a0
2316,953608,NightShift,"2017-10-05 06:06:37",0.28535,9,wanizz
2317,953835,"Arnav Sharma","2017-10-27 20:49:39",0.28533,13,arnavsharma
2318,959885,sendel,"2017-10-02 10:50:12",0.28533,2,sendel
2319,963895,"Lê Quang Nam","2017-11-29 05:09:03",0.28532,37,namlequang
2320,964802,"Brendan Borin","2017-11-29 19:50:49",0.28532,16,brendanborin
2321,965598,amberbo,"2017-10-08 06:17:50",0.28532,14,amberbo
2322,966113,ilya_dp,"2017-11-09 13:45:30",0.28530,55,ilya1991
2323,1016211,DrMerjo,"2017-11-29 22:51:19",0.28530,8,drmerjo
2324,1079580,"William Entriken","2017-11-12 23:09:52",0.28530,2,fulldecent
2325,1101635,raffy,"2017-11-27 08:30:31",0.28530,24,raffyenriquez
2326,1013744,BES1,"2017-10-26 15:57:13",0.28528,3,bsnyder
2327,963290,"Ng Bo Lin","2017-11-23 16:17:21",0.28527,22,ngbolin
2328,1021704,meow,"2017-10-25 02:28:54",0.28527,3,sighsmile
2329,965569,ssatama,"2017-10-03 12:24:15",0.28527,4,sampos
2330,1009570,"Keith SZE","2017-10-26 04:41:13",0.28527,10,keithsz
2331,955066,"[Deleted] 875b8296-7d96-4113-9c76-bab7a2ffc38c","2017-10-26 05:46:52",0.28527,14,del=82f4cd0f44802b93
2332,1064486,DQD2,"2017-11-29 12:40:15",0.28526,57,"hddau1,papasega,stpinl,tranducdung"
2333,1003652,"U. Ahmed","2017-10-25 14:29:36",0.28526,24,del=3e802227d6911121
2334,963832,loweew,"2017-10-13 18:06:37",0.28525,12,loweew
2335,963868,"Albert Au Yeung","2017-10-15 05:26:41",0.28524,25,albertauyeung
2336,954239,nai2283,"2017-11-13 06:25:41",0.28524,6,merceddong
2337,1115456,virtusman,"2017-11-29 21:59:33",0.28522,17,virtusman
2338,971391,FabrizioFedericoni,"2017-11-13 08:43:36",0.28522,68,ffedericoni
2339,955955,"Just Another Data Robot","2017-10-08 21:38:48",0.28522,4,hamelhusain
2340,992670,CBWell,"2017-10-27 04:21:53",0.28522,3,cbwell
2341,958585,"Amine Jai Hokimi","2017-10-22 22:52:37",0.28521,8,aminejh
2342,974933,"Suyash Shukla","2017-10-06 11:37:30",0.28520,5,gocode
2343,1069119,"Akshay Tiwari","2017-11-06 08:57:04",0.28520,1,akkiittiwari
2344,956437,"[Deleted] 890be425-1f0b-4e18-9d25-8f35ba11ea9e","2017-10-01 17:39:13",0.28519,3,del=7063a4b8a58f303c
2345,981014,"Robert Sobolewski","2017-10-28 16:48:44",0.28516,9,rrr2016
2346,1091900,AkitaShunsuke,"2017-11-29 22:28:51",0.28516,17,akitashunsuke
2347,958502,エッグベネディクト,"2017-10-12 22:16:51",0.28516,10,eggbenedict
2348,1063206,fiftyeighty,"2017-11-28 15:26:30",0.28515,10,fiftyeighty
2349,969573,ShenbagaKumarS,"2017-10-13 09:41:03",0.28515,12,shenba
2350,971135,"Felipe Souza Lima","2017-11-14 20:55:03",0.28515,1,felipesouzalima
2351,965334,Manjeet,"2017-10-03 10:09:13",0.28514,5,manjeet47
2352,965821,"Dominic Breuker","2017-10-03 15:25:20",0.28514,4,breuker
2353,964903,@madhu,"2017-11-23 11:12:26",0.28514,19,madhumala
2354,963906,Nimar,"2017-10-03 17:50:52",0.28514,2,nimararora
2355,967158,Ishmeet_Kaur,"2017-10-05 08:44:59",0.28514,2,mypraktikum
2356,965616,nkrnrnk,"2017-10-04 22:46:46",0.28514,4,nickreinerink
2357,985455,"Carlos Oliveira","2017-11-29 23:22:22",0.28513,25,coliveira85
2358,958503,Subotic,"2017-10-15 08:07:23",0.28513,27,alexsubota
2359,980379,"Anindya Sankar Dey","2017-11-24 08:41:46",0.28512,41,anindya55
2360,955057,lynn,"2017-10-17 14:45:46",0.28512,6,yangqi0221
2361,964954,Adams,"2017-10-07 21:17:09",0.28512,1,adamsfei
2362,967963,"Van Duy Phung","2017-10-07 16:37:07",0.28509,10,pvduy23
2363,980910,cdqd,"2017-11-29 11:57:23",0.28509,22,abcdqd
2364,1095587,Leeds_002_SuperTrooperz,"2017-11-29 23:56:10",0.28509,32,"austincaton,paulineee4,sash8121"
2365,972949,"Naveen Kumar Nookala","2017-10-08 03:31:02",0.28509,2,naveenkumarnookala
2366,1051414,raym26,"2017-11-22 07:13:40",0.28508,41,raym26
2367,969067,"fidi analytics","2017-11-03 00:04:41",0.28507,21,"actuarialvoodoo,ilm1988tzw"
2368,1099246,cedricDamien,"2017-11-28 23:43:33",0.28507,12,cedricdamien
2369,1009320,zoeyjoying,"2017-10-20 08:20:24",0.28507,3,zoeyjoying
2370,1005672,NikitaButakov,"2017-10-17 03:29:28",0.28506,3,nikitabu
2371,963553,"Terry Li","2017-10-17 07:58:31",0.28506,28,terryli
2372,979654,"Rafael Ribas","2017-10-31 23:35:40",0.28506,23,rafaelribas
2373,1015760,madPanda,"2017-10-23 11:02:22",0.28506,6,tsunyuanzee
2374,1033251,"Leonardo Mendes","2017-11-22 19:13:28",0.28505,3,leokury
2375,957578,RutaPetraityte,"2017-10-06 20:56:28",0.28504,11,rpetraityte
2376,959544,"Evan Gui","2017-10-11 17:37:26",0.28504,14,evangui
2377,957736,"Nikita Konodyuk","2017-10-03 16:48:55",0.28504,7,konodyuk
2378,1000254,Elfhelm,"2017-10-18 00:35:10",0.28504,9,elfhelm
2379,1059788,Ayman,"2017-11-23 14:17:26",0.28503,8,ayman4
2380,962191,"Nathaniel Shimoni","2017-10-18 08:44:47",0.28503,7,interesting
2381,956679,"Timon Z.","2017-10-05 16:18:04",0.28502,9,timonzimm
2382,1019290,ibra,"2017-11-28 13:29:49",0.28501,16,olegkulikov
2383,965339,zhangruinan9652,"2017-10-24 14:24:36",0.28499,17,zhangruinan9652
2384,979468,adik99,"2017-11-21 17:56:26",0.28499,31,adityakhanna
2385,958404,Matt,"2017-10-23 15:36:53",0.28499,9,matthewhart
2386,978097,SMOKORA,"2017-10-22 19:32:44",0.28499,23,"pythonist,sapkoss95"
2387,955080,QasinKvant,"2017-10-22 21:14:28",0.28498,19,kristohb
2388,1095187,Leeds_002_BinaryCanaries,"2017-11-29 23:46:52",0.28498,26,"alicehaugland,caitlinhanafee,cpracht"
2389,975331,annd,"2017-11-26 23:49:55",0.28498,27,annamd
2390,1082619,Aurélien,"2017-11-22 19:21:27",0.28498,10,goldenlink
2391,966531,"Marco Manzoni","2017-10-14 12:08:13",0.28497,15,marcomanz
2392,955001,caudwell,"2017-10-11 12:04:32",0.28497,30,caudwell
2393,973274,SuperKnut,"2017-11-05 19:16:22",0.28496,5,knutknut
2394,962532,Eragon,"2017-10-06 14:32:46",0.28496,2,gdejoode
2395,954933,Donyoe,"2017-11-29 14:37:19",0.28495,30,donyoe
2396,978222,LASSONO,"2017-11-06 18:36:08",0.28495,27,statsnotmagic
2397,1004505,cssg,"2017-11-14 10:59:58",0.28495,21,carlagoncalves
2398,962919,kiwiben,"2017-10-29 21:27:36",0.28493,48,kiwiben
2399,960195,Gautham,"2017-11-27 12:58:59",0.28493,98,"bhargavieruva,gautham96"
2400,1013699,hhhhhh,"2017-11-01 18:01:34",0.28490,2,hahaluo
2401,955388,"Max Karachun","2017-11-29 14:34:19",0.28489,28,maxkarachun
2402,953691,DevTeam,"2017-10-05 08:48:27",0.28489,10,"fayzur,rquintino"
2403,1095424,Leeds_002_BigBusiness,"2017-11-29 23:30:23",0.28488,14,"augustridley,davidwitzig,stbi7980"
2404,966541,"Hungry Cat","2017-10-05 07:49:28",0.28488,1,nguyentp
2405,1093643,Korrawe_Karunratanakul,"2017-11-18 12:05:58",0.28486,19,korrawe
2406,986731,camiustt,"2017-11-03 05:38:32",0.28486,20,camiustt
2407,968285,FuruZhang,"2017-10-05 16:35:03",0.28484,4,furzhang
2408,974511,"Dan Breitbach","2017-10-05 20:17:11",0.28484,1,dbreitbach
2409,975761,SB_AK,"2017-10-14 09:00:53",0.28484,10,"abhikssk,smaug1001"
2410,953142,"Hantao Wang","2017-10-11 19:31:11",0.28484,17,hantaowang
2411,974900,"Emanuel Sena","2017-10-05 19:59:58",0.28484,1,dariosena
2412,990590,AbhilashFulkar,"2017-10-30 06:18:29",0.28483,23,abhilash151292
2413,953320,"Connor Hogendorn","2017-10-08 21:08:43",0.28482,28,connor24
2414,970975,razgon,"2017-10-09 17:05:09",0.28482,9,razgon
2415,968723,POLI,"2017-10-16 20:37:34",0.28481,25,"dayvidwelles,ingrydvanessa,jandersonferreira"
2416,953246,"Lucas Sala","2017-10-09 10:06:20",0.28478,7,lucasevsala
2417,1095840,Leeds_001_BinaryBabes,"2017-11-29 22:45:03",0.28478,20,"leeds001goaldiggers,rachelmoote,sane6567"
2418,976237,Jae-YoonHan,"2017-10-09 05:49:10",0.28478,7,jaeyoonhan
2419,953198,"Guilherme Campos","2017-11-23 18:31:34",0.28477,59,guilhermecampos
2420,973229,9lulu,"2017-11-17 07:02:40",0.28476,44,"horacedummy,kenkwong789,rezachu"
2421,983078,NiranjanDeshpande,"2017-10-30 00:10:12",0.28475,16,niranjan0272
2422,1094714,"Data Marmule","2017-11-28 12:49:37",0.28473,14,"barthouze,del=9f9409a9511e421b,matthieurenard,thibaudbarnaud"
2423,1060971,"Clément Lacoudre","2017-11-23 21:28:20",0.28473,9,cllcdr
2424,1006682,minsoo,"2017-10-20 14:19:19",0.28473,4,minsoo91
2425,953264,"Abhishek Sharma","2017-10-24 09:23:53",0.28471,27,abhishek303
2426,1085116,"Andrew Kreimer","2017-11-11 17:44:37",0.28471,1,algonell
2427,1054520,MaximeMaxime,"2017-11-16 21:14:56",0.28471,22,"maximemaxime,nicolascoallier"
2428,979169,Shunya(0),"2017-11-27 11:02:35",0.28471,2,"priyasd,rahul3321"
2429,963443,"Ross Cheung","2017-11-21 22:45:00",0.28470,14,aristeia
2430,966066,echo88,"2017-10-10 15:11:37",0.28470,4,echo88
2431,989185,"Epic Defeater","2017-10-24 23:51:54",0.28470,11,kenhas
2432,1014761,"Tomek Szymanski","2017-11-01 13:32:52",0.28469,4,tomekszymanski
2433,973589,dennitz,"2017-10-05 12:08:09",0.28469,1,dennitz
2434,998113,Gould-bach,"2017-11-27 15:09:43",0.28468,34,kswada
2435,997730,ZhiboYang,"2017-11-05 17:53:56",0.28468,28,zhiboyang
2436,1002707,mlshome,"2017-10-20 03:15:22",0.28468,1,mlshome
2437,954922,wittmaan,"2017-10-17 18:09:15",0.28467,9,wittmaan
2438,999978,Adammer,"2017-10-17 20:33:36",0.28467,1,adammer
2439,959141,"Anthony Duff","2017-11-28 21:49:57",0.28467,67,anthonyduff
2440,960678,"Dimitris Leventis","2017-10-05 08:29:49",0.28467,12,dimitrislev
2441,1041064,Alejandro,"2017-11-24 22:52:59",0.28466,14,ferraresso
2442,953814,"Aitor Ortiz de Latierro","2017-10-11 12:18:11",0.28466,11,del=94e1558a0973924f
2443,964850,"Norman Secord","2017-11-25 10:48:48",0.28465,10,nsecord
2444,954482,nationcall,"2017-11-18 06:53:58",0.28465,9,nationcall
2445,1099045,YushiHomma,"2017-11-17 01:39:26",0.28463,4,hommayushi3
2446,1010773,skw1990,"2017-11-28 17:27:02",0.28462,33,skw1990
2447,977967,"Bruno Pereira","2017-11-18 04:33:05",0.28461,21,brunohnp
2448,965267,oscarleo,"2017-10-22 07:23:02",0.28461,25,oscarleo
2449,967432,"Here to learn","2017-10-04 04:40:50",0.28460,5,aayushmnit
2450,965511,"Siyi Chen","2017-10-22 11:43:22",0.28460,5,siyichen
2451,987135,Krisztian,"2017-10-23 04:54:58",0.28460,10,del=92147534a66483c2
2452,999018,sunal,"2017-11-28 21:54:02",0.28459,1,sinemunal
2453,1010873,yacinus,"2017-10-24 22:29:51",0.28459,3,yacinus
2454,1004072,BartekP,"2017-11-29 18:45:22",0.28457,8,bartekp
2455,969739,"Sameh Faidi","2017-10-05 11:41:16",0.28457,4,samehif
2456,1004950,"Matt Mager","2017-11-29 00:39:20",0.28456,7,mattymage
2457,954949,ziron,"2017-10-10 14:34:57",0.28456,7,supreethmanyam
2458,956182,twoubuntu,"2017-11-28 19:40:38",0.28456,43,mizobaraya
2459,1021056,"romil kulshrestha","2017-11-06 15:26:25",0.28456,3,kromil
2460,1105374,ShumingFang,"2017-11-18 15:53:46",0.28456,4,shummingfang
2461,984730,Chunzhen,"2017-10-13 12:45:26",0.28453,8,chunzhenhuang
2462,994730,"Zbigniew Fortuński","2017-10-24 04:36:31",0.28453,9,zibski
2463,997421,"Pavel Velikhov","2017-10-17 20:51:34",0.28452,9,boosted
2464,1006027,SanjeetPatel,"2017-11-18 19:43:50",0.28452,2,sanjeetpatel
2465,968913,"Vijay R","2017-10-09 03:59:17",0.28449,3,rvijay
2466,953159,"Sudipto Kumar","2017-11-08 15:16:30",0.28449,118,sudipto2017
2467,962878,Team1,"2017-10-28 22:05:03",0.28447,14,"del=b84815ecabac8a2d,ipshad"
2468,1088664,A_TEAM,"2017-11-29 17:36:09",0.28445,19,"dantordjman,del=abcc8f31c00d10f7,hatim21,raphaelelbeze"
2469,967892,"Tod Wright","2017-11-04 11:57:47",0.28445,9,tmwright
2470,964745,Radon,"2017-11-10 22:51:02",0.28445,3,nikodym
2471,971250,"Sam Kenkel","2017-10-31 05:19:52",0.28444,9,skenkel
2472,960137,"ruczu ","2017-11-13 19:47:37",0.28443,18,lukaszruczynski
2473,954152,inahamsa,"2017-10-14 19:02:56",0.28443,47,asmahani
2474,958314,"Alexandre Araujo","2017-11-29 15:03:25",0.28440,23,alexandrearaujo
2475,973732,chanchan,"2017-11-17 23:18:15",0.28440,16,chanchan
2476,1070788,johnc,"2017-11-13 20:46:22",0.28439,6,johnssocks
2477,980615,jupiter,"2017-11-14 14:07:01",0.28439,23,satyac
2478,961467,"Robert Goss ","2017-10-05 20:19:41",0.28437,4,robbitt
2479,963750,"Leonardo Ribeiro","2017-11-28 17:48:55",0.28435,28,leonardosrcap
2480,983134,"Trent Torkar","2017-10-13 01:46:42",0.28434,6,ttorkar
2481,961893,mazhurin,"2017-10-16 17:47:14",0.28433,25,mazhurin
2482,1090219,sword_pen,"2017-11-13 14:12:47",0.28433,1,zhangjb
2483,957620,"Saliya Jinadasa","2017-11-03 03:05:00",0.28432,22,saliya
2484,1063662,renanper,"2017-11-04 01:03:13",0.28432,2,renanper
2485,963651,"Team Yo Yo boyz","2017-11-05 16:01:40",0.28431,3,"arjbuzz,yoganandamc"
2486,1020289,koan,"2017-11-27 22:37:35",0.28430,41,koan14
2487,1010703,TylerTuschhoff,"2017-10-24 14:53:48",0.28430,15,tsquared
2488,1118621,zenador,"2017-11-29 20:53:24",0.28428,6,zenador
2489,986491,Gfan,"2017-11-10 01:18:10",0.28426,5,ggggfan
2490,1048446,DevanshuSeth,"2017-11-04 06:41:33",0.28426,10,devanshus
2491,993957,"Kamil Belkhayat","2017-11-05 18:04:12",0.28424,2,bkamil
2492,1009296,Icfstat,"2017-10-24 14:23:41",0.28423,15,icfstat
2493,980610,"Fei Deng","2017-10-25 22:34:06",0.28423,2,doofymark
2494,958459,"Preston Greene","2017-11-27 21:45:28",0.28422,25,pgreene
2495,1014159,Black_Bear,"2017-10-20 09:44:39",0.28422,1,blackbear2017
2496,1066730,Preyas,"2017-11-23 17:51:47",0.28422,16,preyas
2497,975218,"Gideon May","2017-11-29 20:01:40",0.28422,22,mrpreacher
2498,973230,"Sagarnil Das","2017-10-05 08:36:26",0.28421,2,sagarnildass
2499,980722,"Oh My","2017-11-01 14:39:27",0.28420,3,frufus123
2500,1090479,Mayra,"2017-11-29 18:57:15",0.28420,6,malbuquerque
2501,1090700,mohamed,"2017-11-26 10:26:05",0.28420,11,mohamed1
2502,1053056,"Lukasz Nalewajko","2017-11-29 23:50:26",0.28419,20,lukaszn
2503,1056762,"Vardhan Dharnidharka","2017-11-22 21:53:49",0.28416,2,vardhan1911
2504,1002728,Alireza21,"2017-11-29 08:19:21",0.28416,95,alireza21
2505,1059935,V81msk,"2017-11-20 16:41:58",0.28416,46,v81msk
2506,961989,"Alex Malokin","2017-11-10 18:49:08",0.28415,26,amalokin
2507,981244,fzhurd,"2017-11-13 03:35:28",0.28412,2,fzhurd
2508,972271,Tinycup,"2017-10-19 01:43:48",0.28412,15,tinycup
2509,988985,tjvananne,"2017-10-21 15:12:51",0.28412,9,tjvananne
2510,975629,"Tim B","2017-11-13 11:30:28",0.28411,18,captainceramic
2511,955065,mileta1976,"2017-11-29 01:13:47",0.28411,25,mileta1976
2512,1105574,youyingyouji,"2017-11-18 17:35:55",0.28411,5,youyingyouji
2513,973228,"Eric D","2017-10-20 09:23:52",0.28410,15,ericdfr
2514,963860,"Prashant Chaudhari","2017-11-29 21:40:39",0.28409,5,prashant202
2515,965266,peaceful,"2017-11-23 13:05:08",0.28409,22,peaceful
2516,1020620,"Daria Fokina (MIPT,4)","2017-10-27 04:30:05",0.28408,2,dashafokina
2517,968084,GM209,"2017-11-20 22:10:39",0.28407,23,milsg001
2518,1092925,"Avoiding Faults - குற்றம் கடிதல்","2017-11-27 10:09:57",0.28406,5,partha2910
2519,985666,LaszloJS,"2017-10-30 22:38:27",0.28406,27,thehiggsbroson
2520,957728,kyborg,"2017-10-05 15:33:37",0.28406,5,kyborg
2521,958735,MaciejN,"2017-10-02 15:53:05",0.28405,6,polkas
2522,962147,MickeyDax,"2017-10-06 00:36:07",0.28405,25,mickeydax
2523,953517,AMZ,"2017-10-01 21:42:15",0.28405,9,albertomz
2524,1010998,HimaPatel,"2017-11-29 13:59:27",0.28404,2,himapatel
2525,1003589,kubilai,"2017-10-18 02:07:39",0.28404,4,kubilai
2526,1024757,HasM,"2017-10-23 10:51:07",0.28404,1,del=57aa794d896477a0
2527,953112,anokas,"2017-10-04 17:16:52",0.28402,3,anokas
2528,971231,NewMLeR,"2017-11-22 02:29:55",0.28401,3,newmler
2529,1111639,GoVa,"2017-11-19 17:59:08",0.28401,1,gvancha
2530,1025663,eye-pay-4-bad-dr-eye-va,"2017-11-28 00:40:25",0.28401,23,engant
2531,963354,fawlty,"2017-10-26 03:43:10",0.28400,18,fawlty
2532,998022,"Ilham Kusuma","2017-11-29 07:30:15",0.28400,7,ilhamk
2533,954187,Yang,"2017-10-15 06:48:55",0.28400,9,w625009392
2534,1094932,"Leeds_002_ laisladies","2017-11-29 23:52:42",0.28400,21,"alwi6325,annala,mmaney"
2535,955455,"Ivan Oliveri","2017-10-25 02:38:01",0.28399,7,ivanoliveri
2536,962347,"J.D. Arias","2017-11-17 22:13:15",0.28398,10,jdariasl
2537,962331,RedaAffane,"2017-10-10 03:08:44",0.28398,6,redaaffane
2538,999425,"Jean-Philippe MARY","2017-10-23 00:56:55",0.28396,8,jpmary
2539,1030206,"UTA NZ","2017-11-29 18:18:10",0.28396,64,"navidahmadi311,zdw8935"
2540,984163,asal,"2017-11-16 16:05:13",0.28396,23,athasal
2541,953464,Douglas,"2017-11-04 03:43:41",0.28395,38,douglasjia
2542,1004504,"Andrea Lazzerini","2017-11-02 14:38:40",0.28394,31,kzeta90
2543,954230,WInd,"2017-10-07 14:46:17",0.28393,20,tianji
2544,957542,ThomasLi,"2017-10-05 01:24:37",0.28392,23,tomytomy8808
2545,1052740,sosergio,"2017-11-13 12:54:07",0.28392,5,sosergio
2546,1079772,TryingHard,"2017-11-22 09:05:36",0.28392,4,edmarisov
2547,1045772,"Paulo Santos","2017-11-20 01:13:25",0.28391,52,psantos56
2548,953846,semeridan,"2017-11-16 11:35:01",0.28391,4,semeridan
2549,1065890,GregW,"2017-11-29 20:57:28",0.28390,5,greg6837
2550,968308,五毒大法,"2017-11-28 20:24:23",0.28389,4,danielzxu3
2551,1117466,Flamingo,"2017-11-21 16:20:01",0.28388,5,jpzhou1996
2552,958200,cyril,"2017-10-02 18:54:19",0.28388,6,cyrilgarcia
2553,959869,Terje,"2017-10-02 17:55:38",0.28388,2,terje62
2554,966031,Marsh,"2017-10-28 09:01:18",0.28387,48,vbookshelf
2555,965971,"Apoorv Gawande","2017-10-18 18:39:17",0.28386,5,apoorv2222
2556,961539,naveenkb,"2017-11-15 02:04:07",0.28385,18,naveenkb
2557,959598,"Just for fun","2017-10-20 14:17:14",0.28385,14,pganguli
2558,1001538,"Navdeep Pal","2017-10-18 04:12:26",0.28385,8,navdeeppal
2559,1054869,billywasjr,"2017-11-01 16:48:38",0.28385,1,billywasjr
2560,967074,NorawitU,"2017-11-29 13:49:49",0.28385,4,wit543
2561,1115530,"Ben Mumma","2017-11-29 14:52:22",0.28384,15,benmumma
2562,1004892,"Adam Wiles","2017-11-17 19:30:12",0.28382,5,adamwiles
2563,1032187,sagarstin1,"2017-11-13 12:49:14",0.28382,8,sagarstin1
2564,953992,Swanny,"2017-10-12 19:23:06",0.28381,7,swanny
2565,1066041,shanzhou,"2017-11-14 00:58:41",0.28379,5,shanzhou321
2566,1068282,BinbinWeng,"2017-11-20 06:35:37",0.28379,1,bellaweng
2567,1066099,DerekPan,"2017-11-29 09:24:49",0.28379,1,derekypan
2568,953416,"Bhavesh Ghodasara","2017-11-29 04:28:08",0.28378,47,bhavesh09
2569,1114010,IIST_ML_LAB,"2017-11-27 05:06:28",0.28378,17,"matrixb,nasibullah"
2570,971710,ARosen,"2017-10-18 18:00:38",0.28377,3,aaronrosentx
2571,965463,"Axel de Romblay","2017-10-05 20:37:25",0.28377,6,axelderomblay
2572,984385,"Jan Willem Timmer","2017-10-11 13:26:06",0.28376,8,janwillemtimmer
2573,955942,"Sergey Zhitansky","2017-10-03 10:56:00",0.28376,13,szhitansky
2574,1056266,peidaqi,"2017-11-02 08:04:05",0.28376,5,peidaqi
2575,968754,ntamer,"2017-11-29 23:57:40",0.28375,11,ntamer
2576,1014670,"Xingyu Yang","2017-10-20 07:40:14",0.28375,4,xingyuyang
2577,981906,baloss,"2017-10-31 15:06:07",0.28374,21,"cwicwi,superben155"
2578,1000446,pocketsuteado,"2017-11-01 14:34:58",0.28374,8,pocketsuteado
2579,953936,quanto123,"2017-10-05 10:40:29",0.28373,4,quanto123
2580,1086388,"Sachin Adnaik","2017-11-28 13:38:21",0.28372,9,adnaiksachin25
2581,1013692,harshit123,"2017-10-19 18:47:42",0.28371,1,harshit123
2582,961069,"[Deleted] c6fc1feb-d6d8-41ca-99d4-8da7111e8a35","2017-10-19 10:50:42",0.28371,20,del=eccee7fda99ef139
2583,1043586,"[Deleted] c3b317b4-2482-42d0-a7c1-9446da2d8a79","2017-10-28 20:48:25",0.28371,1,del=c2e64348c2ef8b86
2584,956440,"Vasyl P","2017-11-29 23:45:00",0.28371,11,vasylp
2585,1043626,omarsamir,"2017-11-11 22:36:43",0.28371,5,osamir
2586,1098284,RandomGuesses,"2017-11-29 23:41:08",0.28371,19,"dzjkb1,undun11"
2587,979736,"Xiaodong DENG","2017-10-21 02:42:05",0.28370,8,xiaodong
2588,1094872,benj1907,"2017-11-24 23:31:01",0.28369,6,benj1907
2589,1023804,"Warren Elder","2017-11-22 09:57:10",0.28369,7,warrenelder
2590,971318,skthetwo,"2017-10-19 01:00:33",0.28369,9,skthetwo
2591,1064776,"Peter Liu","2017-11-29 20:25:17",0.28369,62,netfeat
2592,982834,TheNinjas,"2017-11-14 18:30:53",0.28367,34,"ranjittilekar,sidraina89"
2593,954096,rebiased,"2017-10-01 21:50:29",0.28367,4,rebiased
2594,1022695,"Tempura Udon","2017-11-21 16:05:49",0.28367,1,nemuitosugunineru
2595,1109737,xinqingxu,"2017-11-21 15:05:27",0.28365,8,qing11
2596,1031032,"Shu Wei","2017-11-29 21:02:46",0.28364,16,swlin0328
2597,1051288,ANTs,"2017-11-22 08:16:53",0.28364,23,"mhthanh,ngocthuynguyen,tuanhbk01"
2598,1008282,"Sarah Nogueira","2017-11-18 09:59:56",0.28363,25,sarahnogueira
2599,963062,"Thibaut Joncquez","2017-11-05 02:29:55",0.28363,5,thibautjoncquez
2600,1099295,hahadsg,"2017-11-29 07:51:04",0.28362,17,hahadsg
2601,957177,Santi,"2017-11-01 00:13:07",0.28361,10,sgoriv
2602,961781,HHH,"2017-11-11 00:33:02",0.28361,28,hhueyxu
2603,1004152,"Anton Gurtovoy","2017-11-20 20:35:32",0.28361,5,antongurtovoy
2604,1044144,"Mr Nik","2017-11-29 23:49:38",0.28361,16,bernnik
2605,966681,RicardoFuentes,"2017-11-07 12:02:18",0.28360,8,richifuentes
2606,977698,PinkyAndTheBrain,"2017-11-27 17:26:57",0.28358,31,"bodhisa77va,serena1987"
2607,960954,"Ilya Zubkov","2017-11-24 09:55:44",0.28358,3,del=a9490241dc11526a
2608,965073,"Frederic Kosmowski","2017-11-21 05:27:52",0.28357,30,fkosmowski
2609,1004991,"Sahil Dhingra","2017-11-13 10:55:40",0.28357,9,sahildhingra
2610,958020,"Giuliano Sposito","2017-11-06 17:02:37",0.28355,19,giuliano
2611,960746,rmizuta,"2017-10-09 15:53:13",0.28353,10,rmizuta
2612,969390,fwt11,"2017-10-17 11:39:26",0.28353,8,fwt11ok
2613,1011158,yiran,"2017-10-19 18:38:05",0.28353,2,yrbfish
2614,962485,Travis,"2017-10-11 03:42:07",0.28352,9,donkeyshark
2615,1028230,mar09,"2017-10-30 13:13:46",0.28351,15,del=cff85274f289a1e1
2616,1062905,"Heath McCasland","2017-11-13 15:00:40",0.28349,4,heathmccasland
2617,1072087,WentingLi,"2017-11-28 12:44:06",0.28349,6,liwenting0513
2618,960436,Jiwon,"2017-10-08 06:20:10",0.28348,15,rezimitpo
2619,955367,TheGingerNuts,"2017-10-02 11:20:05",0.28345,8,rozemberczki
2620,1091227,Leeds_002_Ah-Wei,"2017-11-29 17:27:11",0.28345,19,tich3953
2621,959139,"Qiushi Wang","2017-10-12 18:55:19",0.28345,12,qslucifer
2622,974648,jhmadhu23,"2017-11-22 15:12:08",0.28345,5,jhmadhu23
2623,1014682,ambank1,"2017-11-28 17:48:10",0.28344,12,ambank1
2624,964153,"경택 이","2017-10-29 07:02:13",0.28341,23,bluediary8
2625,973865,PrenolanMunsamy,"2017-10-19 09:37:35",0.28340,4,prenolanmunsamy
2626,1005998,LukeHead,"2017-11-28 23:57:45",0.28340,55,mkozine
2627,967144,MikeThompson,"2017-10-20 19:27:10",0.28339,6,databacon
2628,971495,HealthActuary,"2017-11-01 05:45:22",0.28339,22,healthactuary
2629,1107242,"Clark Chang","2017-11-26 07:15:52",0.28338,2,clarkchang
2630,1063104,0x0303,"2017-11-19 11:35:31",0.28337,5,atulagrwl
2631,953696,"LIUBO LI","2017-10-18 21:44:15",0.28335,9,liuboli
2632,962027,tcash21,"2017-10-13 21:08:00",0.28334,9,tcash21
2633,964380,bdfy,"2017-10-06 06:30:38",0.28334,5,bduffy
2634,958538,phantoz,"2017-10-17 08:32:31",0.28331,5,zhangsitao
2635,1004381,m201509,"2017-10-26 03:22:04",0.28331,10,m201509
2636,979192,Kyogre,"2017-10-09 16:47:22",0.28331,7,xdfcode
2637,991433,Mikeming,"2017-10-13 16:29:18",0.28330,4,mikeming
2638,1019201,Exodus,"2017-11-29 22:57:57",0.28330,13,"mindexodus,tjbwyk"
2639,976907,"Maria Prikhodko","2017-10-20 11:03:47",0.28330,42,peppermintshake
2640,1082498,"Harlan Seymour","2017-11-20 16:01:39",0.28329,28,shadowwarrior
2641,986239,MichalReal,"2017-10-18 22:44:16",0.28329,15,michalreal
2642,953605,mattdn87,"2017-10-06 16:46:16",0.28328,15,mdinauta
2643,964041,ShoNaga,"2017-11-03 15:00:56",0.28328,4,shoyone
2644,1110363,MayankSiddharth,"2017-11-19 13:43:55",0.28327,1,mayanksiddharth
2645,1074363,"Рауль Бутаев","2017-11-29 22:13:55",0.28327,8,raul0795
2646,967631,FJROAR76,"2017-10-19 15:48:01",0.28327,27,fjroar76
2647,973491,dilex,"2017-11-29 19:10:43",0.28326,2,dilex42
2648,958219,"Yan Ting Zhe","2017-10-09 05:54:32",0.28325,24,ytzify
2649,1060332,Rafik,"2017-11-10 22:27:48",0.28325,1,rafikm
2650,1075966,maelab,"2017-11-17 16:49:52",0.28325,9,kylertrek
2651,997013,"S.I.Lee ","2017-10-16 17:30:58",0.28325,17,remember403
2652,1014132,GL0,"2017-11-26 21:31:17",0.28324,35,"eduardomissawa,pedropgoncalves"
2653,1108490,rupeshprasad,"2017-11-26 07:31:06",0.28324,14,rupeshprasad
2654,990602,robin89,"2017-10-16 15:34:09",0.28322,17,robin89
2655,1015625,scat1619,"2017-11-28 10:42:29",0.28321,3,scat1619
2656,997020,Identifive,"2017-10-18 01:05:29",0.28320,3,identifive
2657,953808,"Igor Kraskevich","2017-10-05 06:47:28",0.28320,10,kraskevich
2658,979008,Yeonsu,"2017-10-12 06:55:52",0.28320,15,del=d97541b93afb7fe1
2659,971285,pereces,"2017-11-28 18:17:53",0.28319,45,pereces
2660,958582,Starclimber,"2017-11-12 06:29:27",0.28319,44,starclimber
2661,1090241,FMGDADRR,"2017-11-29 21:40:52",0.28317,13,"aetaos,amauryblabla,del=d43e6ce056ba5139,fazega"
2662,968591,"Luca Steyn","2017-10-23 17:08:38",0.28316,3,lucasteyn
2663,1120840,"Natalie Ha","2017-11-22 06:47:25",0.28315,2,natalieh
2664,970863,"Max Schloegel","2017-10-20 12:12:39",0.28315,28,maxschloegel
2665,996996,Kastula,"2017-10-25 04:51:26",0.28314,11,tigrekrista
2666,954434,something4kag,"2017-11-28 03:46:04",0.28314,17,something4kag
2667,1004945,pim,"2017-10-17 02:22:32",0.28313,6,spimenov
2668,1008461,apcc,"2017-11-19 11:56:17",0.28313,19,apc53c
2669,954558,"Mike D","2017-10-23 07:38:23",0.28312,10,mikevdickson
2670,1015388,"Rajat G","2017-10-22 13:43:21",0.28312,9,phantomchicken
2671,1052606,"Ivan Tsy","2017-10-31 19:08:27",0.28312,4,boltozakrut
2672,1061571,vector,"2017-11-26 02:45:11",0.28311,17,vector0x1
2673,973776,NanxiL,"2017-10-30 12:43:14",0.28311,10,nanxil
2674,958821,AlwinKooistra,"2017-11-05 19:15:20",0.28311,7,alwinkooistra
2675,962759,AurelianTactics,"2017-11-28 17:07:27",0.28310,16,jimdilorenzo
2676,1067423,"Afroditi Zaki","2017-11-25 14:56:09",0.28308,24,afroditizaki
2677,964139,mengnan,"2017-10-05 08:19:22",0.28305,6,icecharles
2678,1010793,"Geoffrey Scott","2017-10-26 20:08:01",0.28304,3,gsscott
2679,1074230,jf0979,"2017-11-28 21:46:28",0.28304,38,joefox
2680,974278,SiMaYunRui,"2017-10-22 12:58:44",0.28302,6,simayun
2681,980837,"Victor Rebli","2017-11-29 22:24:54",0.28301,63,victorrebli
2682,1080888,"Nilo & Junha","2017-11-29 22:28:45",0.28301,32,"addaddaddoogen,ilonem"
2683,970500,mbronis,"2017-11-01 23:10:09",0.28300,24,mbronis
2684,1076063,randomalex,"2017-11-22 14:39:02",0.28300,7,randomalex
2685,1065741,shiva02,"2017-11-06 05:23:11",0.28300,3,shiva02
2686,957514,"Martin Meinke","2017-10-08 10:46:47",0.28300,10,donshallow
2687,955427,lfsim,"2017-11-29 18:05:43",0.28299,39,lfsimoes
2688,1067580,"Muhammad Zaheer","2017-11-28 06:05:28",0.28299,14,muhammadzaheer
2689,1011106,"Thor's Dad","2017-10-18 21:09:59",0.28298,4,elmovt
2690,965436,adjorn,"2017-11-23 04:33:52",0.28297,6,adjorn622
2691,958335,ls-io,"2017-11-11 15:16:57",0.28296,20,alebu89
2692,971468,"[Deleted] 343f3454-34d3-4c09-ac12-deeb3478e1f2","2017-10-29 06:21:12",0.28296,18,del=89c8e1247582838f
2693,957331,DSS_Kaggle_club,"2017-11-29 23:51:15",0.28296,34,"hamanaka,jyacky,kitagawa,kyosh1da,maruyama,yukari17"
2694,1119803,FrancescoGabellini,"2017-11-22 21:18:14",0.28295,1,gabelfra
2695,996061,AlexandrChistyakov,"2017-11-29 02:49:18",0.28295,20,alexandrc
2696,960005,JeevanThomasKoshy,"2017-10-02 10:36:19",0.28294,4,jeevantk
2697,1008563,aaron91,"2017-11-13 22:16:47",0.28293,15,aaron91
2698,974085,giras,"2017-10-23 11:07:53",0.28292,16,girasm
2699,975515,"Albert Simon PT","2017-10-27 16:17:01",0.28291,26,albertsimonpt
2700,970962,"Manish Sharma","2017-10-25 07:04:06",0.28291,6,iammangod96
2701,998269,PMOv2,"2017-11-29 21:45:27",0.28290,9,"del=ec526997a7e6f409,jmformenti,tatseko"
2702,953363,"Joe Young","2017-11-28 21:18:39",0.28290,49,jsphyg
2703,971187,Sami33,"2017-10-10 14:44:23",0.28289,2,sami33
2704,984443,infernape,"2017-10-18 04:00:22",0.28288,10,infernape
2705,1033831,"Jake Ge","2017-11-09 21:57:40",0.28285,10,gyz0807
2706,965953,"[Deleted] 45b19b4f-5f8e-440c-9403-573c257fc444","2017-11-17 10:14:06",0.28285,20,del=2aa9fd52c20ee5d5
2707,1099668,Pitchanai,"2017-11-28 06:15:37",0.28284,6,pitchanai
2708,960681,"Ensemble Brazil","2017-10-13 22:59:24",0.28281,13,"brunocamposds,rodrigodomingos"
2709,963320,xapeiros,"2017-10-30 13:28:10",0.28278,18,"aglotero,dgallegos"
2710,1046122,"Takuya  Aida","2017-11-29 17:08:18",0.28276,14,del=519355731303862c
2711,977613,varanid,"2017-10-06 19:17:03",0.28276,3,sureshshanmugam
2712,982327,"Dom Stewart","2017-11-29 22:15:53",0.28276,11,dstewart16
2713,1097803,Leeds_001_team23_DataBabies,"2017-11-29 20:20:06",0.28275,20,"mccrorme,philip24,tgodman"
2714,965979,"Bree McLennan","2017-10-22 05:46:57",0.28275,6,zootopia
2715,1011642,Jayjhlee90,"2017-11-06 00:28:45",0.28275,6,jayjhlee90
2716,1001077,"Xianglin Zheng","2017-11-29 09:09:11",0.28275,30,zheng123456789
2717,1027216,"Shradha Baranwal","2017-11-26 19:23:01",0.28275,5,hashtagmetoo
2718,974968,WillBurge,"2017-10-05 19:56:50",0.28274,2,wurgeuk
2719,1074451,cass,"2017-11-23 02:58:53",0.28274,9,mathcass
2720,1121925,PrashanthThangavel,"2017-11-29 21:30:48",0.28273,10,prashanththangavel
2721,957660,"Georgios Sarantitis","2017-10-18 14:15:06",0.28273,14,georsara1
2722,964185,"Xiaobo Li","2017-11-03 10:52:47",0.28272,37,leesusu
2723,957731,"Ahmed Baracat","2017-10-08 19:14:32",0.28272,14,ahmedbaracat
2724,955629,bibins,"2017-10-08 19:15:34",0.28271,5,bibins
2725,963629,"Marcus McCurdy","2017-10-19 00:48:42",0.28271,5,volker48
2726,975342,"Tanqiu Liu","2017-10-15 09:09:45",0.28269,12,liutanqiu
2727,1007518,hipo,"2017-10-18 02:02:20",0.28268,1,hep07960
2728,970760,"Orhan Yazar","2017-10-20 07:02:01",0.28268,4,meryem69
2729,971796,"Bartosz Królikowski","2017-10-09 08:22:06",0.28267,10,krolikowskib
2730,1009861,"Carlos Fernandez-Basso","2017-10-20 10:18:16",0.28267,7,cjferba
2731,966567,"Simone Fabiole","2017-10-10 10:44:17",0.28266,1,simofn
2732,967189,BabyDriver,"2017-10-15 22:38:40",0.28265,7,alielhassouni
2733,977651,Hira,"2017-10-19 20:13:37",0.28265,8,celiohira
2734,961912,MuneerAhmad,"2017-10-11 05:39:34",0.28264,5,dedmarimuneer
2735,1123380,Leeds_002_AlexKeeyanIsaac,"2017-11-29 18:56:33",0.28264,15,algr6897
2736,982120,KagglerKid,"2017-10-11 22:00:01",0.28264,14,del=88e7f9718b8876ca
2737,968617,chanSP,"2017-10-29 03:23:58",0.28264,3,chansp
2738,956606,mrcraig717,"2017-11-27 03:03:24",0.28262,74,mrcraig717
2739,1076607,"Nikolay Balov","2017-11-29 22:04:18",0.28261,43,nhbalov
2740,1014855,Par_Kahe,"2017-11-28 14:24:46",0.28260,21,parkahe
2741,1024078,YGSEO,"2017-11-28 07:49:25",0.28258,66,marquis08
2742,966560,"Charles Silva","2017-10-06 16:45:00",0.28258,3,charlessilva
2743,976506,E.Nikumanesh.Germany,"2017-10-15 02:08:01",0.28257,17,esmaeil391
2744,966903,Rustam,"2017-10-06 00:21:43",0.28256,15,rustammm
2745,965793,PK...,"2017-10-25 18:18:36",0.28256,16,praku24
2746,963147,AkashGarg,"2017-11-03 14:49:49",0.28254,2,akashgarg
2747,1001591,ZeYu,"2017-10-16 08:00:35",0.28254,3,del=a61af2b7d09562bf
2748,1020540,Sven,"2017-11-03 23:31:04",0.28253,9,sventleman
2749,1002024,BoryanaManz,"2017-10-24 04:13:04",0.28253,4,boryana
2750,954011,CZR,"2017-09-30 22:24:37",0.28252,2,czrcbl
2751,956244,"Juanjo Martin","2017-11-29 23:07:22",0.28249,4,juanjomartin
2752,1100896,jijyisme,"2017-11-26 19:36:41",0.28248,6,jijyisme
2753,962192,"Santhanam Elumalai","2017-10-10 04:33:14",0.28248,10,santhanam
2754,955818,"Jason Miller","2017-09-30 17:06:55",0.28248,5,millerintllc
2755,953791,"ZVCK LEE","2017-09-30 16:21:30",0.28247,3,zckly133
2756,1095286,"Pranav Nanga","2017-11-15 23:22:51",0.28247,4,pnanga24
2757,956998,hothHowler,"2017-10-03 22:21:17",0.28246,10,liweilin
2758,1004678,"Leo Thomas","2017-10-17 17:11:02",0.28246,1,leo037
2759,963244,"Dennys Mallqui","2017-10-18 03:18:26",0.28245,35,m3g4r00t
2760,1078885,"Somjit Nath","2017-11-27 02:13:20",0.28245,16,somjit77
2761,969139,"geek ninja","2017-10-22 21:10:20",0.28245,2,jensonjoy
2762,966427,"Vanya Slobodchikov","2017-11-29 22:35:08",0.28245,39,vanyaslobodchikov
2763,1066036,yustdream,"2017-11-08 06:21:49",0.28244,13,yustdream
2764,987251,azert123,"2017-10-10 07:42:10",0.28243,1,azert123
2765,966980,"Aman Virk","2017-11-05 14:49:37",0.28243,6,amanvirk
2766,959459,DaveYang,"2017-10-13 21:34:56",0.28243,4,wencyang
2767,969841,"Quentin Garnier","2017-10-18 10:45:05",0.28243,9,ptitmoustique
2768,1114939,"Pierre Seize","2017-11-28 15:51:14",0.28243,4,pierrexvi
2769,970841,Dahiya,"2017-10-23 07:26:11",0.28241,11,dahiyaarun
2770,971323,"André Tavares","2017-10-11 23:57:22",0.28240,14,andrert
2771,1002142,Tchaikovsky,"2017-11-20 00:17:09",0.28239,80,tchaikovsky1812
2772,966668,Coldice,"2017-10-21 16:22:25",0.28238,2,coldice
2773,964424,saurabhjaju,"2017-10-10 04:37:54",0.28237,3,saurabhjaju
2774,961977,Miracle,"2017-10-04 10:59:47",0.28237,6,"expl0si0nn,hippskill"
2775,962851,EvheniiZotkin,"2017-10-08 21:42:25",0.28237,4,del=03f8bf9162ece45d
2776,976761,EsteveGallego,"2017-10-23 17:50:25",0.28236,2,egallego
2777,967499,"Alexandru Papiu","2017-10-03 17:09:04",0.28235,1,apapiu
2778,1031739,morglum,"2017-10-25 15:11:11",0.28235,3,morglum
2779,993254,"yeonsu 2","2017-10-12 08:01:51",0.28235,5,yeonsu
2780,983443,fangjiataizi,"2017-10-12 05:22:32",0.28232,10,fangjiataizi
2781,1070557,"Thomas Teh","2017-11-28 15:49:01",0.28230,29,thomasteh
2782,965850,KartikPatnaik,"2017-10-11 14:32:58",0.28230,15,numberswithkartik
2783,960211,Chill187,"2017-10-05 18:50:24",0.28230,3,ktepch
2784,966250,vinayapawar,"2017-10-06 13:27:16",0.28230,2,pawarvinaya
2785,983737,Vrishank,"2017-10-14 18:47:09",0.28230,2,vrishank97
2786,980519,gccode,"2017-10-14 20:54:04",0.28230,2,gccode
2787,962057,StuartAnderson,"2017-10-15 20:56:15",0.28230,3,andestu
2788,1006131,spraveengupta,"2017-10-17 04:35:19",0.28230,2,spraveengupta
2789,972564,MichaelLiu,"2017-11-02 00:59:44",0.28230,5,liuy0086
2790,1016052,"Galahad Jackson","2017-10-27 12:52:47",0.28230,11,chuan1997
2791,1037655,TravisCole,"2017-11-01 20:08:45",0.28230,4,travcole3
2792,1059367,PranprachWattana,"2017-11-04 10:17:18",0.28230,6,tamato1
2793,1051522,reachmeatvenkatesh,"2017-11-07 07:41:13",0.28230,18,naraharivenkatesh
2794,976151,vroom,"2017-11-22 05:59:05",0.28230,1,frankw
2795,1119317,Markus,"2017-11-24 20:19:41",0.28230,1,markuskaggle
2796,1056930,"Girraj Maheshwari","2017-11-29 11:16:10",0.28230,10,"girrajm,swappy09"
2797,1100550,"Jiali XU","2017-11-27 18:54:02",0.28230,1,popppp
2798,990859,Yufan,"2017-11-29 15:27:14",0.28230,9,yufantian
2799,967418,Otto,"2017-11-18 01:50:48",0.28230,15,turbeaux
2800,986735,stan,"2017-10-15 06:32:05",0.28230,8,evilstan
2801,1050976,darkstarone,"2017-11-11 00:16:07",0.28229,10,darkstarone
2802,1030538,WenchaoJiang,"2017-10-27 02:18:48",0.28229,4,jwcdbd
2803,996867,tomer,"2017-10-18 00:01:46",0.28228,1,tomers1984
2804,992995,"Xu Bing","2017-10-19 14:35:43",0.28227,5,xu627586640
2805,968625,JZ,"2017-10-12 12:33:01",0.28226,20,jzaratie
2806,1110948,"Marcelo Manta","2017-11-27 20:12:25",0.28225,22,mmanta
2807,964611,DeepakSaini,"2017-10-09 05:57:16",0.28225,2,sainideepak
2808,983782,MaNia_bang,"2017-10-09 09:21:58",0.28225,1,ballad2012
2809,973366,"Alex Danilin","2017-11-17 15:53:07",0.28225,34,mrbubu
2810,964771,"Sharan Pai","2017-10-04 12:42:17",0.28225,1,killmenow
2811,972204,"KUCEV ROMAN","2017-10-04 22:12:46",0.28225,1,tapakah68
2812,976438,"Jayadeep Shitole","2017-10-06 08:22:33",0.28225,1,del=c505566afc8bb089
2813,964946,"Aks & Dron","2017-11-14 07:56:39",0.28225,46,"andyap,antonaks"
2814,1010952,"Hanlin He","2017-11-29 21:47:53",0.28225,8,hanling
2815,1102267,leeds002_galswholikebigdata,"2017-11-29 23:38:19",0.28224,10,kelseyerickson
2816,985002,"Gilles P.","2017-11-29 12:54:33",0.28223,11,gillou993
2817,974203,tecperson,"2017-11-14 20:18:10",0.28223,4,datamunge
2818,1026346,superxc1000,"2017-11-06 15:00:30",0.28222,10,superxc1000
2819,977163,"João Sérgio","2017-11-09 16:14:23",0.28222,20,joaosergio1
2820,1036112,"Yusuke Ueno","2017-10-28 06:07:46",0.28222,9,majestic
2821,988623,LiaoWu,"2017-10-12 15:04:45",0.28222,1,d123456ddq
2822,992800,"Hanjie Zhang","2017-10-12 07:11:03",0.28221,5,zhanghanjie
2823,980333,TheFitusis,"2017-10-26 09:02:46",0.28220,7,"danibe,francescocanonaco"
2824,982555,tomC,"2017-10-12 18:20:32",0.28220,3,thomaschauvet
2825,975067,Mrityunjay,"2017-10-12 18:52:47",0.28220,12,kmsingh
2826,967227,tjdufour,"2017-10-19 16:33:58",0.28219,5,tjdufour
2827,965691,LC1959,"2017-10-05 03:12:18",0.28217,9,luizcheim
2828,966006,JakeC,"2017-10-06 13:20:11",0.28216,8,jakec165581
2829,998484,JiaqiZhu,"2017-10-18 22:02:23",0.28216,5,zhujiaqi
2830,1033028,nime1466,"2017-11-09 22:40:21",0.28214,17,nime1466
2831,957488,Aaronkb,"2017-10-10 13:04:27",0.28214,2,aaronblackwell
2832,964773,"Akshay Chaudhary","2017-10-30 13:21:14",0.28214,12,akshayc08
2833,962002,StefanB,"2017-10-04 17:38:03",0.28212,2,empiricus
2834,980376,"Julien NVT","2017-11-22 13:23:48",0.28212,7,julnvt
2835,1018860,"M. D.","2017-11-27 15:59:14",0.28212,12,mrduan
2836,982169,Borella,"2017-10-15 05:22:25",0.28212,7,borella
2837,960218,BryanB,"2017-11-23 10:21:29",0.28212,2,bryanb
2838,1014283,"rodolfo sydow","2017-11-29 22:20:39",0.28210,34,rsydow
2839,1067011,Julien-Yacine,"2017-11-17 14:44:35",0.28210,5,philandrin
2840,964081,BigBird,"2017-10-11 07:29:19",0.28210,5,zhangqiking
2841,1014426,TangoJP,"2017-11-27 02:59:33",0.28209,13,eaudevie
2842,958008,KMen,"2017-10-16 11:51:26",0.28209,5,kmenou
2843,962492,bernatcp,"2017-10-11 15:27:56",0.28209,11,bernatcp
2844,968598,EnriqueSantos,"2017-10-09 22:20:52",0.28209,4,enriquesantos
2845,977763,andrew.matte,"2017-10-10 13:19:23",0.28209,13,andrewmatte
2846,964581,PillDawgs,"2017-10-17 11:16:34",0.28208,17,pilldawgs
2847,976171,LianghuaXia,"2017-10-07 12:03:56",0.28208,1,lianghuaxia
2848,970657,DongAn,"2017-10-07 13:59:35",0.28208,1,nilnullnil
2849,955095,zhanghangbin,"2017-10-16 13:10:00",0.28208,16,zhanghangbin
2850,955883,IEtoI,"2017-10-15 15:46:58",0.28206,11,weegee
2851,1052566,BuzzNgeet,"2017-11-28 11:07:49",0.28205,10,"geetanjali31,skthedataguy"
2852,958556,"Me & My AI","2017-11-29 23:54:23",0.28202,23,meandmyai
2853,970515,Mozes1,"2017-10-09 13:13:51",0.28201,2,mozes1
2854,971783,BrynClarke,"2017-10-10 21:51:10",0.28199,1,compute
2855,960345,"NaN Inf","2017-10-03 15:09:09",0.28199,8,ki0000
2856,1091826,teamNoExtraCredit,"2017-11-15 03:06:37",0.28198,1,nicolecostello18
2857,954874,"Paco Wong Pak Kan","2017-10-04 09:57:06",0.28198,14,pacowong
2858,970288,paulourio,"2017-10-19 01:53:29",0.28197,7,paulourio
2859,958480,"Evangelist Quant","2017-10-21 12:07:10",0.28196,20,evangelistquant
2860,1106801,Leeds_002_talkdatatome,"2017-11-29 22:42:09",0.28196,16,"laurenraeder,lucasfiloreto"
2861,1020832,"LU Shurui","2017-10-22 07:09:36",0.28195,3,shurui
2862,1027674,YusukeOmae,"2017-10-29 13:02:38",0.28195,8,rary21
2863,978572,"Caio Oliveira","2017-10-24 19:21:33",0.28195,10,caioaao
2864,957750,Luis,"2017-10-28 18:23:04",0.28193,9,dequadras
2865,960026,PawełKowalski,"2017-10-09 19:10:10",0.28191,1,pawelkowalski
2866,972411,"John Doel","2017-11-03 16:22:28",0.28191,54,tsantra
2867,964243,"Charles Wang","2017-10-09 06:51:57",0.28191,8,msz00100
2868,963105,"Thanh Long Hoang","2017-10-04 06:37:48",0.28191,5,thanhlonghoang
2869,956910,DataMiner,"2017-10-01 11:43:09",0.28190,2,kapetis
2870,958517,"Bastien Teissier","2017-11-23 22:34:17",0.28190,3,bastouf
2871,964156,"Duane Rich","2017-11-29 20:20:11",0.28189,10,duanerich
2872,953506,cagatayodabasi,"2017-09-30 22:46:06",0.28188,3,cagbal
2873,960732,"Bruno G. do Amaral","2017-10-02 19:35:09",0.28188,5,bguberfain
2874,1123474,"Keven Fernandez Carrillo","2017-11-29 23:44:25",0.28187,14,kevenfc
2875,958483,happycube,"2017-10-09 04:35:41",0.28187,1,happycube
2876,961608,daten-kieker,"2017-10-02 19:47:42",0.28187,2,datenkieker
2877,963055,Ashokkumar,"2017-10-02 23:03:32",0.28187,1,samrotashoka
2878,962253,tzeriver,"2017-10-02 23:10:07",0.28187,1,tzeriver
2879,953966,"Bryan Arnold","2017-10-03 07:44:52",0.28187,2,puremath86
2880,960958,ASKR,"2017-10-04 12:59:03",0.28187,5,zeuskt
2881,965296,Its_easy,"2017-10-12 20:04:17",0.28187,3,mechallenge
2882,969504,"Michael Pawlus","2017-10-04 05:01:39",0.28187,1,michaelpawlus
2883,997468,Mrverde,"2017-10-14 04:05:37",0.28186,5,mrverde
2884,976388,"Brian F","2017-10-09 08:07:43",0.28186,1,brianfong192
2885,954831,simple,"2017-10-07 06:31:48",0.28186,3,luohangtong
2886,959611,attaullah,"2017-10-02 04:28:11",0.28183,2,attaullah
2887,1014868,bangbangbear,"2017-10-21 05:59:55",0.28182,2,bangbangbear
2888,972759,"Lep Mopi","2017-10-06 00:54:52",0.28182,4,emilpop
2889,978316,aladwig06,"2017-10-27 14:05:55",0.28179,21,aladwig06
2890,1073729,"Chetan Agrawal","2017-11-18 19:13:54",0.28179,19,chetan3960
2891,959343,我有光速的乌龟骑,"2017-10-06 03:14:11",0.28178,14,lookay
2892,968007,Mark,"2017-10-11 08:02:30",0.28177,8,markholland
2893,984468,Asif,"2017-10-12 13:37:27",0.28176,7,jaiasif
2894,1069106,JStan,"2017-11-15 10:18:15",0.28176,10,jun88sheng
2895,958662,"Lakshmi Narasimha Rao","2017-10-14 03:23:27",0.28174,7,analyticlaks
2896,962818,"Paulo Henrique Vasconcellos","2017-10-19 00:37:01",0.28174,21,paulovasconcellos
2897,963293,yarenty,"2017-11-29 16:06:33",0.28173,42,yarenty
2898,957151,scottpaulin,"2017-10-04 18:11:53",0.28173,7,scottpaulin
2899,966446,"Lucas Dienis","2017-10-03 16:02:08",0.28173,3,lucasdienis
2900,953799,"Cris Liu","2017-10-30 14:45:16",0.28173,2,crisliu
2901,963953,Moki2911,"2017-10-03 19:33:19",0.28173,1,moki2911
2902,968483,chaos,"2017-10-05 18:49:41",0.28173,2,blackarrow3542
2903,961276,"Tommy Chen","2017-10-07 02:50:40",0.28173,15,tommychen
2904,962394,"Thomas Whitehead","2017-10-03 17:05:59",0.28173,1,tommywhitehead
2905,999574,cJahns,"2017-10-24 07:00:24",0.28172,4,cjahns
2906,984742,"Vitaly Bondar","2017-10-10 12:55:07",0.28172,4,johngull
2907,955038,tomfischer,"2017-10-29 17:30:24",0.28170,3,tomfischer
2908,967673,bssasikanth,"2017-11-10 10:41:41",0.28170,5,bssasikanth
2909,1070717,ytustc,"2017-11-29 04:05:31",0.28169,16,"guichuan,ytustc"
2910,1086486,wendyyu708,"2017-11-14 16:53:01",0.28169,10,wendyyu708
2911,962503,"Alan Thomas","2017-10-10 02:31:24",0.28169,5,alanthomas
2912,962926,"James Gilbert","2017-10-04 02:09:00",0.28168,4,jgilbert2
2913,995925,captainpete,"2017-10-19 03:11:28",0.28168,8,captainpete
2914,956558,MalikDiarra,"2017-10-29 20:48:38",0.28167,1,malikdiarra
2915,1060525,"René Scheibe","2017-11-06 08:05:00",0.28167,12,renescheibe
2916,965905,MH,"2017-10-15 09:24:42",0.28167,1,mhyodo
2917,966398,ML_Pearl,"2017-11-06 04:13:45",0.28164,14,"anurajkr,pranavv18"
2918,1062673,"Saurabh Bhandari","2017-11-03 15:29:14",0.28164,1,saurabhbhandari
2919,969801,"Pablo Araya-Melo","2017-10-17 15:38:04",0.28164,6,pabloarayamelo
2920,987107,ObserverL,"2017-10-10 12:18:04",0.28163,2,jiaqiangbandongg
2921,966679,X-GiraffE,"2017-10-03 15:26:52",0.28160,5,xxxwang
2922,954063,vindows,"2017-10-01 16:22:14",0.28160,2,vindows
2923,963038,BowenFan,"2017-10-12 04:09:17",0.28159,3,bowenfan32
2924,1073050,"Hugo Dobbelaere","2017-11-29 20:47:15",0.28159,4,hugodob
2925,965557,"Maximilian Kapsecker","2017-10-13 11:18:31",0.28157,7,maxkapsecker
2926,1052946,Horus,"2017-11-20 15:25:48",0.28156,10,hathor
2927,953610,PauloAzevedo,"2017-10-08 22:02:06",0.28156,12,paulojrbr
2928,954864,GaoYL,"2017-10-13 10:01:57",0.28153,3,kqdmqx
2929,1093128,JohnDee3960,"2017-11-19 10:36:09",0.28151,16,johndee3960
2930,1076209,Mwaniki,"2017-11-29 22:18:15",0.28150,13,pmwaniki
2931,953516,jeethu,"2017-10-01 20:46:14",0.28149,7,jeethu
2932,1012624,zionCheng,"2017-11-24 09:58:12",0.28149,4,zioncheng
2933,971780,chipsloveR,"2017-10-22 16:04:40",0.28148,1,chipslover
2934,1121538,"Gerard Meester","2017-11-22 18:45:36",0.28148,5,gerardmeester
2935,973080,"Dmitry Storozhenko","2017-10-13 09:07:03",0.28147,2,dbs800
2936,962316,"KK Leung","2017-10-28 17:26:27",0.28144,8,kkerlkonig
2937,999636,freamon,"2017-10-15 13:18:55",0.28144,2,freamon
2938,1040197,JoséIgnacioLarghi,"2017-11-17 23:13:03",0.28144,5,jlarghi
2939,955049,joice,"2017-10-17 03:38:20",0.28144,2,joicema
2940,962361,emptyewer,"2017-10-27 02:01:31",0.28141,10,venkykrishna
2941,1045633,Adrien910,"2017-11-26 22:18:48",0.28140,6,adrien910
2942,1096298,ayan,"2017-11-15 18:57:25",0.28139,3,ayan1984
2943,990235,Kamlesh,"2017-11-20 16:25:09",0.28139,3,kamleshabak
2944,1051832,loupiac,"2017-11-29 16:00:18",0.28139,27,loupiac
2945,961511,"Jiexin Lin","2017-10-07 11:25:26",0.28139,1,linjiexin
2946,991996,Darnal,"2017-10-14 10:20:58",0.28138,6,arnaldcat
2947,999031,"Vasily Ryazanov","2017-10-17 20:05:35",0.28136,3,ryazanoff
2948,963150,SeaGoat,"2017-10-12 13:36:04",0.28136,19,vbandaru
2949,998741,"Jayanth Rasamsetti","2017-10-23 08:17:30",0.28134,2,jaysetty
2950,954705,Morris,"2017-09-30 07:22:00",0.28134,1,diaper151
2951,953085,"Kienka Cromwell KIO","2017-10-03 13:28:06",0.28134,12,kienka
2952,1013233,Wallsmi,"2017-10-19 18:07:04",0.28134,1,wallsmi
2953,1089817,"Sagar Moharir","2017-11-23 12:58:55",0.28134,1,sagarmoharir
2954,953853,BernoulliBagels3,"2017-11-05 00:55:33",0.28133,5,jessiecarnegie7777
2955,955234,Arges,"2017-10-24 14:14:47",0.28133,4,arges42
2956,975974,Bogdanovist,"2017-11-05 22:46:27",0.28133,4,mattfrancis
2957,1013631,AzAkhtyamov,"2017-10-19 21:23:45",0.28133,5,azakhtyamov
2958,967731,"Romain Picon","2017-11-28 19:53:31",0.28130,4,dokteurwho
2959,964852,Valeros,"2017-11-10 01:56:30",0.28128,51,valeros
2960,1050503,"David Sola","2017-11-01 11:02:40",0.28128,1,davidsl83
2961,971183,"Truong Le","2017-11-08 17:05:19",0.28126,4,truongle
2962,960453,"YouHan Lee","2017-11-29 11:02:05",0.28126,52,youhanlee
2963,979166,ArneDraeger,"2017-11-10 22:55:36",0.28125,21,ardraeger
2964,1028677,"Maxim Olifirenko","2017-10-26 21:20:45",0.28125,11,maxolif
2965,964472,"Anupam Mohanty","2017-10-03 10:07:21",0.28125,1,anupam002
2966,958326,"[Deleted] 13bcb8a9-9783-4ef0-8f38-ee8af23830d9","2017-10-04 14:54:11",0.28125,1,del=7a2bfb4ce0041754
2967,996090,OYchen,"2017-10-14 07:36:03",0.28125,1,oychen
2968,953839,fiamonci,"2017-10-17 16:56:58",0.28125,1,fiamonci
2969,1012446,samanthreddy,"2017-11-05 08:37:52",0.28125,1,samanthreddy
2970,1100119,JunhuiYu,"2017-11-22 08:56:05",0.28125,7,yujunhui
2971,954523,"Om Prakash","2017-09-30 06:35:13",0.28124,1,iamprakashom
2972,966270,"Tal Levy","2017-10-10 08:13:57",0.28124,8,talush85
2973,1052315,AaluuMian,"2017-11-29 11:16:47",0.28124,12,aaluumian
2974,980654,BagOfWords,"2017-10-16 01:51:19",0.28122,27,bagofwords
2975,954197,"Naoki Maejima","2017-09-30 05:20:30",0.28122,5,malimo1024
2976,1073904,SFU_MLearners,"2017-11-29 17:21:54",0.28121,12,"aringhosh,gman300,gusfelhberg"
2977,955062,Enrico,"2017-11-29 22:51:32",0.28120,5,enricol
2978,964801,broundal,"2017-10-09 05:40:06",0.28120,7,broundal
2979,1021257,AndreyAlexeev,"2017-10-29 06:22:07",0.28117,23,andreyalexeev
2980,1078669,"Jiayi Hu","2017-11-28 07:56:07",0.28116,17,qianggenxiadeshuihu
2981,965658,prajjwaljaiswal,"2017-10-10 09:17:58",0.28116,14,prajju
2982,954530,timeray,"2017-10-07 13:09:55",0.28115,1,timeray
2983,966327,"Aleksey Kulikov","2017-10-04 10:22:10",0.28114,2,gnilly
2984,981707,RobertMroczkowski,"2017-11-26 13:38:15",0.28114,15,dexchannel
2985,962245,Avkash,"2017-10-04 14:12:55",0.28114,7,avkash
2986,1002304,DavidGhan,"2017-10-22 23:15:40",0.28113,3,dpghan
2987,1108116,sumvo,"2017-11-21 11:29:59",0.28112,10,sanbongawa
2988,986685,"João Mateus Emílio","2017-10-12 04:42:37",0.28112,4,ajmemilio
2989,1026001,iberia,"2017-11-28 19:35:49",0.28110,35,"matesico,ruiprodrigues"
2990,1061292,savannahlogan,"2017-11-25 03:20:04",0.28110,18,savannahvi
2991,1027732,y-ksk,"2017-11-29 12:52:59",0.28109,24,yoshik
2992,962530,"Paul Schale","2017-10-04 21:57:08",0.28109,7,pschale
2993,953552,"Michael Levinson","2017-10-01 00:25:48",0.28108,6,mal000
2994,969036,lhx2016,"2017-10-04 07:25:46",0.28107,3,lhxytht25
2995,972407,"Damola Adepetu","2017-10-12 17:36:42",0.28107,1,"lathgaurav,mansamusa"
2996,1014177,"Soufiane Fhiyil","2017-10-20 00:29:31",0.28107,1,soufianefhy95
2997,964250,"Nikolay Trukhtanov","2017-10-18 18:23:22",0.28107,6,ntrukhtanov
2998,1038416,"Mike Zhang","2017-10-27 02:18:40",0.28103,2,zionic
2999,1036096,"Steve Majou","2017-10-27 14:12:54",0.28101,5,stevemju
3000,972214,vwvolodya,"2017-11-10 09:38:24",0.28100,19,vwvolodya
3001,971547,Winners,"2017-11-15 16:31:05",0.28096,26,"akshayjhawar,headliner"
3002,1104812,liyanda,"2017-11-26 08:43:46",0.28095,18,liyanda
3003,1084268,"Nie Wenjun","2017-11-28 04:29:32",0.28094,11,joker111
3004,985253,aku,"2017-10-12 17:11:21",0.28093,1,gesche
3005,1109728,usmeng,"2017-11-26 20:39:52",0.28092,1,usmeng
3006,958424,"Terkel Bo Olsen","2017-10-21 15:43:26",0.28090,4,terkelbo
3007,962163,"Сергей Чу","2017-10-26 16:52:37",0.28090,17,lklipl
3008,1015499,ACPR,"2017-11-27 22:09:00",0.28089,27,"arthurlpgc,carnero,crepe3,plal17"
3009,1076120,"Giorgos Aristomenopoulos","2017-11-09 15:46:16",0.28089,3,bagioris
3010,1034869,UTATeam2,"2017-11-29 20:57:08",0.28088,31,"eve6363,inftex"
3011,976996,Kent,"2017-10-25 08:44:19",0.28085,7,kent483583
3012,966016,HarnickKhera,"2017-10-09 21:03:12",0.28084,14,del=d6867309dd53a06d
3013,957102,"The 17th Shard","2017-10-07 16:42:29",0.28084,5,kingnesh
3014,979474,rajpur,"2017-10-13 13:31:23",0.28083,12,rajpur
3015,969365,MithileshGupta,"2017-10-23 05:28:46",0.28081,21,mithileshg
3016,971545,KBanalytics,"2017-10-15 17:56:36",0.28080,2,us3819
3017,990424,Meumy,"2017-11-28 08:26:07",0.28079,3,atospl
3018,963178,"Jacob Igono","2017-11-18 18:44:28",0.28076,36,igono1
3019,963839,"B Bray","2017-11-20 19:47:26",0.28076,4,ghabbit
3020,967822,dilettante,"2017-10-06 13:00:46",0.28075,10,robertogiura
3021,1000155,"Heng Ji","2017-10-22 03:50:36",0.28075,14,jiheng
3022,982065,bb,"2017-10-13 19:58:00",0.28074,4,benb111
3023,967876,"Vinita Phadke","2017-10-23 12:01:39",0.28073,2,apica12
3024,954458,XiaoWan,"2017-11-29 23:32:41",0.28073,1,xiaowan2016
3025,972567,"First Blood","2017-11-29 23:44:05",0.28073,1,yddadruoysohw
3026,961920,BenjPjl,"2017-10-15 19:56:13",0.28072,6,benjaminpujol
3027,1063429,tttkkk,"2017-11-05 19:16:01",0.28072,1,tttkkk
3028,1011174,"Rushil Sheth","2017-10-25 01:37:21",0.28072,4,rushilsheth
3029,966068,ТатьянаКиреева,"2017-11-27 12:08:13",0.28071,3,tatakir
3030,974803,JohanGunnarsson,"2017-10-09 21:17:06",0.28070,4,johaneg
3031,965112,M3K,"2017-10-14 03:08:32",0.28069,5,munikumar
3032,1020332,LuizGentil,"2017-11-27 00:56:36",0.28069,41,luizgentil
3033,966692,JT,"2017-10-03 18:45:29",0.28068,5,monkeyorman
3034,981381,"Tapio Räsänen","2017-10-08 10:52:37",0.28067,2,mestari
3035,1002890,"should it matter","2017-10-18 03:30:00",0.28066,6,timebistro
3036,986566,long,"2017-11-29 04:00:23",0.28065,6,longjiemin11
3037,955437,"Riyaj Shaikh","2017-10-02 04:12:22",0.28064,5,riyajj
3038,975767,"Polina Polunina","2017-10-12 07:16:13",0.28061,7,polinaps
3039,966501,manishameena,"2017-10-03 13:15:12",0.28061,5,manisha12
3040,963004,"Jayme Anchante","2017-10-19 01:03:13",0.28060,5,del=7af742afb384d546
3041,955132,BlackTower,"2017-09-30 09:44:50",0.28059,1,bratuionut
3042,979260,/S/M,"2017-11-13 16:28:30",0.28059,8,dipkaggle
3043,1088276,"Youmei Cui","2017-11-17 01:41:22",0.28059,10,youmeicui
3044,1067574,potluck,"2017-11-15 02:18:05",0.28058,11,"asthascientist,sidd2006"
3045,1023051,"Sylvia Rao","2017-11-06 23:33:39",0.28058,3,sylviarao
3046,1025992,"Topological Learners","2017-11-23 22:46:04",0.28058,64,"jachlo,mizioan"
3047,955148,AndrewMarsden,"2017-10-01 20:42:57",0.28057,7,andymarsden100
3048,988134,matthieu,"2017-11-10 18:51:39",0.28057,23,matthieucutivet
3049,1106417,"Elena Sannikova","2017-11-26 22:21:51",0.28056,3,"helensunny,kotolotto,ktanya,noborkin,whindwhisper"
3050,1030490,"Data is Bæ","2017-11-20 23:38:57",0.28055,13,"karthikeya254,nilima89,shreyasrewagad"
3051,982899,"Mike Darques","2017-11-29 21:59:18",0.28054,20,darquesm
3052,964194,Aymericr,"2017-10-03 17:41:04",0.28054,3,aymericr
3053,1087593,"Vitor Meriat","2017-11-17 03:22:42",0.28053,3,vitormeriat
3054,964392,"Nick Husek","2017-10-18 11:12:18",0.28052,3,nickhusek
3055,1024356,wqaqa,"2017-11-05 06:01:34",0.28052,3,wqaqaqa
3056,1003500,N0rdIC,"2017-11-08 08:18:42",0.28051,21,n0rdic
3057,1011422,"Joseph Judge","2017-11-09 01:38:46",0.28050,31,jjudge
3058,1063290,Hatseflats,"2017-11-04 18:17:09",0.28049,2,hatseflats
3059,977194,"Swaminathan Aiyer","2017-10-06 17:17:09",0.28047,3,swamiaiyer
3060,962718,ngopal,"2017-11-03 18:06:20",0.28047,20,ngopal
3061,966686,Divya,"2017-10-24 10:39:38",0.28043,1,sdivyamit
3062,977891,Clément,"2017-10-31 17:35:30",0.28043,6,cperrais
3063,1116024,Joce,"2017-11-29 01:11:07",0.28040,11,jocelynlc
3064,997400,"[Deleted] ba51094a-6572-4299-827e-6aa749c604fd","2017-10-28 16:15:54",0.28040,6,del=35a6b479d4f5b35f
3065,1059323,johndh,"2017-11-29 15:37:45",0.28040,12,johndh
3066,954250,Drendar,"2017-10-22 12:18:49",0.28039,2,kgilpas
3067,988761,"Evander Nyoni","2017-11-28 22:12:22",0.28037,9,evander
3068,1003687,VJain,"2017-11-13 12:09:27",0.28037,4,vjain300879
3069,955371,Olga,"2017-10-23 09:49:19",0.28036,105,belkina
3070,1095370,hang.tammy,"2017-11-26 21:00:08",0.28036,3,thang0001
3071,985919,FractaL,"2017-10-10 14:51:16",0.28034,9,"alexstr,stasvr"
3072,1011574,"Victor Jiang","2017-11-22 01:13:20",0.28033,49,victorjiang
3073,957203,lh_teh,"2017-11-12 04:16:51",0.28033,2,loohai
3074,982468,"Vlad Vaduva","2017-10-28 14:43:59",0.28032,14,vladvaduva
3075,969029,"RAJESH PURWAR","2017-10-16 07:37:08",0.28032,13,rajeshpurwar
3076,955502,bellum,"2017-10-07 11:49:24",0.28031,7,zhangxiao001
3077,1032954,Masha,"2017-11-23 05:31:01",0.28031,14,mashavasilenko
3078,955306,AbhijeetUpadhyay,"2017-11-28 07:59:48",0.28030,4,abhijeetupadhyay
3079,953241,"Vishnu Subramanian","2017-09-30 08:06:20",0.28028,2,vishnus
3080,956680,"[Deleted] 82e8764a-61fe-4019-8fe3-1678d3282c39","2017-10-01 15:13:57",0.28028,7,del=6f7fb370f1ce003d
3081,958328,"James Sargeant","2017-10-01 17:07:12",0.28028,1,jamessargeant
3082,960459,akashdeepjassal,"2017-10-02 10:55:11",0.28028,1,akashdeepjassal
3083,955515,Abstractuary,"2017-10-02 18:55:59",0.28028,1,jessesealand
3084,962771,"Kailan Shang","2017-10-03 03:01:57",0.28028,2,klshang81
3085,965221,CupiDio,"2017-10-03 07:54:06",0.28028,1,cupidio
3086,964316,"Yusuke Yamamoto","2017-10-04 00:29:00",0.28028,2,stubz1
3087,965424,dsodor,"2017-10-03 09:54:30",0.28028,2,davidsodor
3088,961381,RRKC,"2017-10-03 13:25:00",0.28028,1,rrkc00
3089,962757,"Sine O.","2017-10-03 19:28:36",0.28028,1,dcarnino
3090,962644,"Rafael Pierre","2017-10-04 19:50:13",0.28028,5,rafaelpierre
3091,972184,"Jerry V","2017-10-04 22:16:32",0.28028,1,gvaugha
3092,968054,SamS,"2017-11-15 15:00:37",0.28028,13,ssanders82
3093,956651,"Wudi Wang","2017-10-09 22:07:44",0.28028,1,woodywang
3094,957053,Abraham,"2017-10-10 08:04:57",0.28028,3,abrahamhan
3095,976651,FMG,"2017-10-19 15:05:08",0.28028,2,femagr
3096,988927,Svetlana,"2017-10-11 11:42:39",0.28028,2,etcamen
3097,967261,"Jeff Tweed","2017-10-15 17:58:08",0.28028,2,tweeder
3098,998649,guozhenfang,"2017-10-16 13:53:33",0.28028,1,guozhenfang
3099,997652,"Ramanshu Dixit","2017-10-17 00:27:39",0.28028,1,ramanshudixit
3100,1013328,xueguoqing01,"2017-10-19 15:50:02",0.28028,1,xueguoqing01
3101,1022802,MahirKukreja,"2017-10-22 19:58:49",0.28028,2,mahirkukreja
3102,1029150,Sudhanshu_Singh,"2017-10-24 17:32:05",0.28028,1,sudhanshusks
3103,1028733,"David Havera","2017-11-14 13:15:53",0.28028,8,djhavera
3104,1053790,EricGuo,"2017-11-07 15:18:35",0.28028,1,erickwok
3105,1066931,"[Deleted] 41097b83-4543-4302-954a-cfe916dd7347","2017-11-09 07:34:28",0.28028,1,del=3e8df6d8f5505f0b
3106,989917,festa78,"2017-11-10 07:22:14",0.28026,24,festa78
3107,965849,davebel,"2017-10-07 21:51:20",0.28026,2,davebel
3108,974356,VenkateshGopalarathnam,"2017-11-21 15:16:14",0.28025,90,venkeeg
3109,958233,"Sabharish Murali","2017-11-17 03:56:26",0.28024,13,sabharish
3110,954470,Anirudh,"2017-10-09 04:56:26",0.28022,6,anirudhjay
3111,962405,"João Santos","2017-10-28 16:21:09",0.28020,2,blewyt
3112,954202,jscharbach,"2017-10-23 15:08:54",0.28019,2,jscharbach
3113,967413,"Julio Barros","2017-11-26 17:21:13",0.28017,14,juliobarros
3114,1041797,transplanted_tree,"2017-10-29 22:44:51",0.28017,5,transplanted
3115,1063351,АлександрГончаров,"2017-11-10 07:16:50",0.28015,8,aleks2k
3116,990295,大白醋奶糖,"2017-11-01 02:35:34",0.28014,1,wwk666
3117,1072516,"Chester Liew","2017-11-17 01:56:46",0.28014,20,chesterliew
3118,1123338,Chotch,"2017-11-29 22:47:31",0.28012,6,chotch
3119,971565,"Fausto GC","2017-10-23 16:02:21",0.28011,3,faustogc
3120,1010195,richardvo,"2017-11-26 18:43:15",0.28010,21,rvo9175
3121,966512,leaf,"2017-10-28 02:49:35",0.28009,16,aibert
3122,1006743,丹尼韦德,"2017-11-17 11:54:47",0.28008,1,deniedreality
3123,989810,RemmyGuo,"2017-10-29 10:52:34",0.28008,6,remmyguo
3124,970560,AyushThakur,"2017-10-25 13:43:02",0.28007,13,ayushthakur
3125,1081855,santhoshou,"2017-11-10 14:23:46",0.28005,2,santhoshkk
3126,961490,Prabhakar,"2017-10-04 00:16:29",0.28004,5,prabhakar9
3127,975336,"Pavel K","2017-10-17 12:39:40",0.28003,1,pkosukhin
3128,1085291,mndrake,"2017-11-12 16:01:37",0.28003,2,mndrake
3129,963284,ClaimPredictors,"2017-11-16 04:01:12",0.28002,14,roopesh
3130,977004,"Rachel Hassall","2017-10-11 11:50:34",0.28001,5,r4ch45
3131,975853,AduraX,"2017-10-20 04:29:02",0.27997,2,adurax
3132,963630,Shelby/Kennedy,"2017-11-29 18:35:55",0.27995,6,"cshelby,jonkennedy"
3133,1054664,"Ernest K","2017-11-29 07:02:17",0.27995,33,ernestkaggle
3134,954322,Yichen,"2017-10-17 14:51:51",0.27995,2,zhouyichen
3135,957261,White,"2017-11-27 13:59:56",0.27993,7,zhanyingbo
3136,965752,lxonline,"2017-11-20 15:18:00",0.27993,8,lxonline
3137,962828,brai,"2017-11-11 04:01:17",0.27992,29,bharatrai
3138,996316,ViktorSnag,"2017-11-23 15:21:14",0.27991,2,snagvik
3139,963665,zsharpm,"2017-11-27 04:03:33",0.27988,12,zsharpm
3140,1041133,vAbadR,"2017-11-13 20:34:00",0.27984,10,vabadr
3141,1073015,"Nika Ioramishvili","2017-11-11 11:36:44",0.27983,5,ioramishvili
3142,963609,YichenGao,"2017-10-10 08:21:54",0.27981,4,newpiegyc
3143,977619,UmeshSati,"2017-11-22 15:30:10",0.27974,5,umeshsati
3144,976697,"Chintamani Joshi","2017-11-29 21:25:01",0.27974,6,cvjoshi876
3145,991257,Magic,"2017-10-31 09:37:00",0.27973,4,androidhk
3146,1013965,"Mike Jiang","2017-11-12 05:51:55",0.27973,6,mikejiang
3147,1119292,PPE_CDG,"2017-11-29 23:24:43",0.27972,7,"del=bc440c7864129a69,emmanuelgoutierre,poupalov"
3148,962940,НадеждаПоляковская,"2017-11-25 06:00:20",0.27972,42,nadiiap
3149,985808,"Deep Frying","2017-11-29 23:52:05",0.27970,36,"faridg,gcervantes8,hardriemann"
3150,965567,onepiecehoki,"2017-10-04 13:25:31",0.27970,6,onepiecehoki
3151,995502,"Rhaissa Araujo","2017-11-29 02:44:33",0.27969,10,rlorrany
3152,1051820,"Emeka Onwukwe","2017-11-12 09:35:35",0.27969,2,cmbonu
3153,1025988,"Noah L","2017-10-25 21:35:22",0.27968,5,noahksl
3154,1011977,ChNaveen,"2017-10-28 02:33:04",0.27964,9,navinch
3155,982582,dmancevo,"2017-10-15 07:38:51",0.27964,8,del=e892e8b55e7c8494
3156,955508,Nagarjuna,"2017-10-05 16:29:23",0.27962,1,nagarjunakumar
3157,1095514,"Pradyumn Singh","2017-11-28 00:10:20",0.27961,8,pradyumndoomski
3158,955614,blizzard,"2017-10-06 10:49:01",0.27961,6,puffin
3159,978676,Daiju,"2017-10-09 02:52:58",0.27959,6,dzdaiju
3160,965149,the_boogeyman,"2017-10-05 09:26:48",0.27954,9,dikshant2210
3161,984648,ngjn,"2017-10-10 00:20:38",0.27954,5,tinhb92
3162,976106,Nadim_Ul_Abrar,"2017-11-18 10:56:38",0.27948,9,noodim
3163,964198,"Count of Monte Carlo","2017-10-28 04:09:28",0.27948,3,jm5521
3164,1020374,Team2017,"2017-11-21 04:27:06",0.27947,8,"ahariharan8,jessicahonbarger"
3165,968611,"does not","2017-10-11 00:34:48",0.27947,7,vaziozio
3166,1043457,"Luca Caniparoli","2017-11-03 17:59:31",0.27946,10,del=df2bf7db97254ef0
3167,954850,darthTC,"2017-10-02 07:04:35",0.27944,1,darthtc
3168,1006646,Nilesh,"2017-11-13 14:37:45",0.27944,1,nileshagarwal
3169,960632,"[Deleted] cecd20cc-af9c-43d4-976f-037fa4895175","2017-10-31 07:37:24",0.27942,12,del=f35bb37fcf66ea18
3170,1005202,Matthew,"2017-11-27 00:27:49",0.27941,8,mdavis29
3171,962167,Mitch,"2017-11-04 22:16:23",0.27940,2,mnaylor5
3172,984175,houssamberkia,"2017-10-30 13:13:02",0.27939,9,hberkia
3173,970180,Razy,"2017-10-12 07:24:53",0.27938,3,imamrazi
3174,1095128,AlanPinheiro,"2017-11-28 20:59:41",0.27937,7,vpalvesalan
3175,974150,"Jean Pierre Rukundo","2017-11-12 00:29:58",0.27936,95,jprukundo
3176,982226,LucasSchanner,"2017-11-10 01:04:06",0.27936,5,lsschanner
3177,964995,"[Deleted] 681ea905-690e-4ca9-a79f-6cc4827d3779","2017-10-04 12:37:16",0.27935,2,del=16330380c7cafaf2
3178,994088,uwpz,"2017-11-16 20:13:49",0.27935,3,uwepritzsche
3179,1012080,"Ishant Bhawsar","2017-10-21 05:56:54",0.27934,2,ishant15
3180,1074236,WilliamBuck,"2017-11-25 01:26:27",0.27931,15,wsbuck
3181,1060585,TheKai,"2017-11-03 04:48:53",0.27929,1,larsenk
3182,1077420,MauriceKETEVI,"2017-11-24 12:37:25",0.27929,2,mauriceket
3183,960929,"Eliezer Bourchardt","2017-11-25 22:45:20",0.27929,3,eliezerfb
3184,988121,blindshooter,"2017-10-11 08:39:12",0.27929,1,blindshooter
3185,967363,"arjun nagal","2017-11-14 18:42:26",0.27928,6,galacticinfernoma
3186,1019647,Ferdi,"2017-11-29 13:12:29",0.27928,2,ferdih
3187,1031165,"Steve Kim","2017-10-27 02:44:53",0.27926,5,luxjy86
3188,972520,"Charlotte Bourne","2017-10-05 01:10:35",0.27926,1,cbourne
3189,985496,"Rodrigo Hernández Mota","2017-10-23 20:12:44",0.27926,12,rhdzmota
3190,960433,"Kerenza Deo","2017-10-03 05:45:42",0.27920,4,realdeo
3191,1011440,wasatch,"2017-10-19 17:45:50",0.27919,5,wasatch
3192,966061,SRucl,"2017-10-05 09:36:48",0.27917,9,srteam
3193,1082926,gdlm,"2017-11-12 01:57:03",0.27917,6,del=327c231aed5604e9
3194,996331,Vaibs,"2017-11-14 11:39:10",0.27914,32,vaibhao
3195,1122346,lbtouda,"2017-11-29 01:38:32",0.27914,11,lbtouda
3196,1104608,"Subhra Datta","2017-11-29 23:31:05",0.27912,10,subhradatta
3197,955362,Sinatail,"2017-10-01 10:16:26",0.27911,3,jmzamora
3198,1062065,"Bibin Paul","2017-11-03 13:11:06",0.27911,5,bibinpaul
3199,1007702,MELIODAS,"2017-11-21 00:55:53",0.27909,4,ayoublabibi
3200,971609,tuptuptup,"2017-10-10 06:33:42",0.27908,1,tuptuptup
3201,982324,Luke,"2017-10-19 19:49:14",0.27902,6,masterluke
3202,967978,Skeyrd,"2017-10-16 20:46:37",0.27900,27,skeyrd
3203,1095725,"Karanjeet Singh","2017-11-22 03:23:29",0.27898,22,singhkaranjeet
3204,977575,Dsaf,"2017-10-19 09:16:23",0.27896,4,danielsafai
3205,967089,"Heriberto Felizzola","2017-10-05 22:52:45",0.27896,6,hfelizzola
3206,992108,"Valera Mishin","2017-11-09 15:24:59",0.27895,25,"mishadvornikov,rostigor"
3207,1010322,"Ali T","2017-11-29 11:14:46",0.27895,9,alit10
3208,956205,"Jo Chuang","2017-10-02 13:35:07",0.27893,1,josephch405
3209,1109852,"Kirill Vlasov","2017-11-19 18:30:48",0.27889,5,vlasoff
3210,1035999,Mario,"2017-10-28 10:56:44",0.27886,5,mariolp
3211,963151,Flo,"2017-10-07 19:33:05",0.27886,6,hmdeepdream
3212,963605,BenKalegin,"2017-10-10 14:31:09",0.27886,11,ben32768
3213,973408,ravi,"2017-10-25 12:08:59",0.27883,5,ravi12344
3214,978396,PaulK,"2017-11-14 20:20:30",0.27883,2,pkavan1000
3215,967411,ML_guru_2,"2017-10-20 11:24:23",0.27880,5,"asdf1234asdf1234,feri17,katarinakatka"
3216,997622,XiangLi,"2017-10-14 13:27:34",0.27878,1,rockit
3217,975098,jzzcutler,"2017-11-29 23:56:58",0.27876,8,jzzcutler
3218,972458,"Gregory Olson","2017-10-12 17:50:14",0.27871,7,gregolson
3219,993667,"Mingjun Sun","2017-10-12 13:28:03",0.27871,3,del=7a19adf07e8065f7
3220,965995,RayGarraty,"2017-10-03 14:21:55",0.27869,1,raygarraty
3221,968987,Pan666,"2017-10-08 10:27:02",0.27869,1,o0helloworld0o
3222,984691,spedygiorgio,"2017-11-14 09:23:59",0.27866,2,spedygiorgio
3223,965987,"Colm Ferrari","2017-10-03 14:14:06",0.27864,1,ferrari
3224,979997,Kelver,"2017-10-14 00:57:16",0.27863,4,klc123
3225,1031522,lzl,"2017-10-27 03:30:53",0.27862,6,lizhili
3226,957504,"[Deleted] 87808bca-da7b-4c94-8e6f-8fa70b5792f2","2017-10-27 15:10:13",0.27860,12,del=baba67b57ee7a7b7
3227,966925,maximilian114,"2017-11-03 19:27:59",0.27858,4,maximilian114
3228,953970,"Romero Barata","2017-10-31 02:46:48",0.27856,6,romerobarata
3229,1090477,Saru,"2017-11-13 16:35:38",0.27855,3,del=62982fa7fc8007e3
3230,968684,"AKBAR ESFAHANI","2017-11-05 23:17:04",0.27855,9,akbaresfahani
3231,1095029,Leeds_002_FakeIID,"2017-11-29 23:53:38",0.27855,19,"alwa1676,leeds001eclipsestars,mrchessmanj"
3232,987189,klubow,"2017-10-24 11:24:22",0.27854,27,klubow
3233,962040,GG,"2017-10-13 21:25:47",0.27853,19,gggursoy
3234,1082735,"Jeremy Voisey","2017-11-29 21:56:28",0.27853,14,jvoisey
3235,965660,RomainD,"2017-10-03 12:32:49",0.27853,1,romaindy
3236,1085695,janice3,"2017-11-19 18:46:55",0.27850,22,janice3
3237,965410,TahirRabbani,"2017-10-09 08:47:02",0.27849,11,tahirrabbani
3238,974632,martinpoc,"2017-10-06 16:09:31",0.27848,6,martinpoc
3239,969379,wuha,"2017-11-15 15:43:33",0.27846,20,wuhao1542
3240,964148,"Mikhail Lara","2017-10-22 20:34:22",0.27844,8,tahuichimiguel
3241,1032130,"Jean-Claude JCR","2017-10-25 14:17:25",0.27840,1,jclemur
3242,1060494,Jullum,"2017-11-03 22:23:28",0.27840,1,jullum
3243,1113679,sumipan,"2017-11-29 23:18:41",0.27836,9,kogepan
3244,956496,Cong,"2017-09-30 23:27:30",0.27836,4,xiaoxiong
3245,1054123,karan,"2017-11-27 19:43:38",0.27836,3,karandeepakkanwar
3246,1024442,"Sivaram L","2017-10-31 04:10:21",0.27833,12,sivaraml
3247,1090965,Leeds_001_AsliceOfKai,"2017-11-29 20:07:07",0.27831,12,joco9224
3248,956687,"Harbet Fastro","2017-09-30 21:51:06",0.27830,1,abhijitk
3249,1091027,"leeds_001_ aflac","2017-11-29 03:07:46",0.27829,9,tyler745
3250,963444,"Unni Vellani","2017-10-15 02:05:15",0.27829,2,uvellani
3251,1003832,Dimance,"2017-11-11 19:27:59",0.27829,16,dimance75
3252,988998,sidhant,"2017-11-27 11:20:16",0.27827,4,sidhantsrivastava
3253,1080214,"Kathan Sheth","2017-11-28 18:41:40",0.27824,10,kathansheth
3254,1014412,Preyu,"2017-11-29 20:47:06",0.27824,19,preyasshah9
3255,1018412,"Srinandaka Yashaswi","2017-11-24 14:58:31",0.27824,22,srinand19
3256,980794,think,"2017-10-08 01:42:08",0.27820,2,mario56865
3257,977325,AdamShafiBaig,"2017-11-24 04:36:36",0.27820,4,adamshafi
3258,966275,"Alexey Raspopov","2017-10-03 14:27:09",0.27820,1,alexeyraspopov
3259,1083188,"Tyler Byers","2017-11-14 12:41:07",0.27820,16,tylerbyers
3260,975788,"DS JV Kaggle Team","2017-10-30 08:43:59",0.27818,1,"divyanshaga,howardx,kensentan,leoli3024,maranake,mujahidzaman"
3261,966852,"Pau Sempere","2017-10-10 23:29:41",0.27817,6,pausempere
3262,987052,"Sumit Sengupta","2017-10-22 14:06:29",0.27817,2,sumitsengupta
3263,969371,mohitpmathur,"2017-10-27 11:51:37",0.27816,5,mohitpmathur
3264,1032309,"Alexey Zakharenkov","2017-11-24 14:21:48",0.27815,3,alexeyzakharenkov
3265,1081059,NithinJPathalil,"2017-11-29 02:44:40",0.27815,2,nithinjpathalil
3266,1044311,Goalminer,"2017-11-21 15:40:39",0.27814,1,goalminer
3267,1091355,Leeds_002_team1_AlteryxAreForKids,"2017-11-29 08:34:53",0.27813,30,"brennaoconnor,calliefelder,vade8067"
3268,965060,"Le Anh Tuan","2017-11-01 04:45:33",0.27813,38,latuannetnam
3269,961858,"John B","2017-10-04 16:14:35",0.27812,5,jbencina
3270,1000472,Jiml,"2017-11-29 23:12:39",0.27808,49,jimlargon
3271,981407,"Yu Wan, Au Yang","2017-10-22 04:50:22",0.27808,4,minnieay
3272,991464,syamsruthin.k,"2017-10-22 06:12:07",0.27806,4,syamsruthin
3273,1009226,j_scheibel,"2017-11-26 23:20:33",0.27806,19,jscheibel
3274,969711,SureshReddy,"2017-10-13 15:11:50",0.27805,4,reddysuresh78
3275,967587,"peter shih","2017-10-05 01:38:38",0.27805,3,pshih6
3276,1066088,chenweiyi0817,"2017-11-07 04:15:00",0.27805,1,chenweiyi0817
3277,1004476,"Phoebe Ho","2017-11-05 04:02:09",0.27804,17,phoebe0904
3278,970508,GaryBake,"2017-11-11 22:10:01",0.27801,18,garybake
3279,1006236,DavidSimon,"2017-10-23 17:39:25",0.27799,13,davidsimon
3280,997125,"Kushal Sharma","2017-10-18 16:26:36",0.27798,5,sharmakushal2015
3281,1116574,echoyinlu,"2017-11-22 22:41:05",0.27795,7,echoyinlu
3282,964927,fantax,"2017-11-02 23:04:43",0.27794,4,fantax016
3283,1094192,yaelanya,"2017-11-14 15:36:33",0.27793,1,yaelanya
3284,957834,Firestarter,"2017-10-10 14:15:24",0.27793,3,firestarter
3285,986744,senlanxu,"2017-10-10 05:59:55",0.27789,1,del=a9fe209848478eee
3286,954885,ave999,"2017-10-17 16:43:29",0.27789,6,ave999
3287,953856,"I have no mouth and I must predict","2017-10-11 05:44:35",0.27789,10,sudodoki
3288,962538,Cumbaya,"2017-10-10 23:24:56",0.27789,7,paulopontesm
3289,1000808,ShivamAgarwal,"2017-10-15 07:58:48",0.27789,1,shivam96
3290,1011470,"FSBDS Raquel Deneige","2017-10-18 22:31:55",0.27789,2,raqueldeneige
3291,977223,"Teruo Morimoto","2017-11-18 13:23:27",0.27789,62,teru03
3292,1004821,Akshit,"2017-10-20 22:35:09",0.27787,1,bhatnagarakshit10
3293,1003972,KarthickVadivel,"2017-11-28 12:05:25",0.27786,38,karthickvadivel
3294,1064470,clwkct,"2017-11-15 12:33:48",0.27786,3,clwkct
3295,971310,"El Totterino","2017-11-19 10:02:41",0.27783,2,eltotterino
3296,1010005,teresarao,"2017-10-23 13:36:29",0.27782,9,teresarao528
3297,962533,naut1lus,"2017-10-04 00:41:32",0.27782,2,naut1lus
3298,967600,RomainV,"2017-10-20 13:39:35",0.27778,11,romainv
3299,953669,"Aleksandr Galukhin","2017-09-29 21:02:40",0.27776,1,agalukhin
3300,962861,DanielFeeney,"2017-10-12 21:10:04",0.27775,4,danfeeney
3301,1014952,weeyu,"2017-11-06 08:12:34",0.27772,5,wangyup
3302,972402,AntônioFilho,"2017-11-19 14:49:35",0.27771,29,antoniofilho
3303,967126,tatsuya,"2017-11-03 12:43:19",0.27771,28,taadaa
3304,967353,Xtreme,"2017-10-08 12:57:35",0.27770,6,xtreme
3305,963346,Abhay,"2017-10-10 18:52:24",0.27768,4,abhayspawar
3306,960730,gosh76,"2017-10-03 10:18:16",0.27765,2,gosh76
3307,967659,Magnus,"2017-10-13 19:23:48",0.27764,4,praktiskt
3308,1097821,"Andrzej Pyskir","2017-11-29 17:06:28",0.27763,12,dzem90
3309,968137,ABE_,"2017-10-17 23:55:16",0.27762,8,jfr311
3310,990449,"Pedro M","2017-10-12 12:51:43",0.27760,1,pedromg
3311,1015769,agishevruslan,"2017-10-26 20:59:33",0.27754,6,agishevruslan
3312,967701,"Jorge Vásquez","2017-11-15 13:31:16",0.27754,12,jv2301
3313,963107,"fabien chevallier","2017-10-05 21:36:45",0.27752,9,fabienchevallier
3314,970607,EricJeans,"2017-10-08 11:47:55",0.27750,8,ericjeans
3315,1011529,"Mansour Saffar M.","2017-10-28 18:36:04",0.27747,4,msaffarm
3316,974904,"Alexander Firsov","2017-11-22 21:03:22",0.27746,15,alexfir
3317,969731,maab,"2017-11-29 22:09:50",0.27743,11,mariaable
3318,1118096,TheNotoriousML,"2017-11-24 23:38:15",0.27742,1,thenotoriousml
3319,1118901,"Gerold Busch","2017-11-28 09:24:01",0.27741,6,gbusch
3320,1001827,"Richard Hughes","2017-11-28 17:25:34",0.27740,19,richardhughes1
3321,994724,guptas,"2017-10-28 04:52:46",0.27739,14,guptashail
3322,984208,[Deleted],"2017-10-29 15:03:26",0.27739,15,del=42bf42f562193081
3323,953967,majorminor,"2017-10-07 22:59:51",0.27738,7,majorminor
3324,964051,Juanu,"2017-10-11 22:02:41",0.27738,1,juanumusic
3325,1060521,OlaV,"2017-11-03 03:39:10",0.27737,1,voitka
3326,1009380,anonemaus,"2017-11-06 23:37:52",0.27732,6,anonemaus
3327,1011020,MangWu,"2017-10-20 03:39:14",0.27728,5,mangwu
3328,962534,"Benjamin Maréchal","2017-10-15 15:23:02",0.27725,5,irmo322
3329,962365,"Christopher Risi","2017-10-10 20:23:18",0.27725,6,christopherrisi
3330,1015135,kimitake,"2017-11-28 14:20:11",0.27724,17,kimitake
3331,1112886,Tinku,"2017-11-29 15:10:53",0.27722,10,arihantkumarjain
3332,964119,"Albert Cheng","2017-10-16 09:37:32",0.27721,2,alberthkcheng
3333,988524,Srihita,"2017-10-11 18:47:00",0.27720,1,srihita1991
3334,1000823,"Ben Perdriau","2017-10-17 10:02:32",0.27717,5,benperd
3335,961931,ZachW.,"2017-10-04 16:59:32",0.27717,3,datawiener
3336,1011523,rowout,"2017-11-28 23:10:10",0.27717,4,okadarowout
3337,1077153,Bill,"2017-11-18 08:15:32",0.27713,25,billboy1433
3338,968455,"Matt Bass","2017-10-04 02:28:52",0.27713,2,mattbass
3339,1061864,"Konstantin Knauf","2017-11-04 09:56:42",0.27712,5,knaufk
3340,954535,直到世界尽头,"2017-10-19 05:01:22",0.27710,9,zxx901221
3341,1028598,"Shubham Gupta","2017-11-12 07:29:49",0.27708,4,itsshubham
3342,954385,nav_data,"2017-09-30 02:52:37",0.27707,1,navinn
3343,955033,wrzto,"2017-09-30 10:18:23",0.27707,1,wrztodl
3344,1099646,AkshayKarangale,"2017-11-22 09:37:46",0.27707,3,akki13119011
3345,1040541,"Stoopid Monkey","2017-10-27 14:07:22",0.27706,1,triumfrus
3346,1025623,"Alberto Seabra","2017-10-24 18:56:02",0.27705,2,albertosea
3347,974656,"Jungkyu Park","2017-10-08 03:25:26",0.27705,4,jpatrickpark
3348,962063,jth,"2017-10-07 23:45:47",0.27705,1,halstead
3349,968551,PaTeTuts,"2017-11-13 12:51:50",0.27704,2,"arturlacerda,estevao"
3350,1007460,SeongJinKim,"2017-10-24 14:17:47",0.27703,6,lancifollia
3351,965526,Vadi,"2017-11-17 08:48:04",0.27701,9,amitvadiraj
3352,1041851,"Jay Bektasevic","2017-11-27 00:02:29",0.27694,15,j0bekt01
3353,1003459,DimitriF,"2017-10-19 07:22:53",0.27686,8,dimitrif
3354,1113254,kamesh,"2017-11-23 10:02:24",0.27684,11,kameshviru
3355,972516,RaviM,"2017-10-19 02:24:47",0.27683,14,mantriv
3356,968156,lincoln2491,"2017-11-09 21:32:34",0.27680,23,lincoln2491
3357,1013697,dhivyar,"2017-10-19 21:34:04",0.27680,3,dhivyar
3358,953874,"Pedro Bernardo","2017-10-10 14:44:16",0.27678,1,pedromb
3359,966819,GautamKarn,"2017-10-22 19:23:18",0.27673,1,gkumar7
3360,965786,fly_er,"2017-11-28 10:25:11",0.27673,2,yerzhan
3361,1054748,"Charles Zhu","2017-11-01 14:42:14",0.27667,1,zhuyuanshen16
3362,1025676,"[Deleted] 904797e0-d10d-4e71-92f8-fd21e0ee9f4b","2017-11-15 20:46:43",0.27665,9,del=52d87230dda8d5f6
3363,967364,IntelliLED,"2017-11-26 19:01:26",0.27664,30,intelliled
3364,1009658,SpqceD,"2017-10-20 11:52:35",0.27664,14,spqced
3365,962820,blackbird71,"2017-11-13 04:56:44",0.27662,11,blackbird71
3366,984964,Sidetrade,"2017-10-30 08:52:36",0.27661,15,"foulp38,philippevery"
3367,961660,svnitianamit,"2017-10-17 20:27:54",0.27659,15,svnitianamit
3368,1003858,ramgct20,"2017-11-29 19:47:08",0.27656,41,ramgct20
3369,1019077,ricardoCSAG,"2017-11-25 08:10:39",0.27652,4,ricardocsag
3370,978206,Eisenbach-Rai,"2017-10-29 03:13:01",0.27650,6,"chinki,meisenbach"
3371,954390,user324u923,"2017-11-29 14:46:22",0.27646,6,jputila
3372,969873,Team_SG,"2017-10-24 12:23:14",0.27645,17,"sauravghosh,sidhantgupta2"
3373,1003594,ThibaultDaly,"2017-11-16 09:36:23",0.27642,7,lekeyboard
3374,966806,"Diego Nieves","2017-10-11 13:06:04",0.27638,5,giezzy
3375,1043086,beta_kaggler,"2017-11-12 20:07:50",0.27637,30,betakaggler
3376,1063888,xiaoxiao,"2017-11-09 02:33:19",0.27635,10,pkuxiaoxiao
3377,1008013,Jekyll,"2017-11-19 17:10:15",0.27634,6,jekyllsmith
3378,994763,"R. C. Ehemann","2017-10-18 00:55:17",0.27632,9,rcehemann
3379,980351,RomanChernenko,"2017-10-24 11:47:11",0.27628,3,ramzes2
3380,1081735,SeemantNaik,"2017-11-16 11:11:00",0.27628,1,seemant86
3381,1005302,[Deleted],"2017-11-29 23:48:03",0.27627,6,del=2fd6adcf52c88c93
3382,975463,Nussbaum,"2017-11-08 00:55:04",0.27626,1,nussbaum
3383,1062396,"Diego Siebra Ferreira","2017-11-03 18:01:25",0.27626,2,diegosiebra
3384,962963,"Hannah K","2017-11-09 22:55:23",0.27624,16,hannahk
3385,1023500,liba,"2017-11-27 23:27:06",0.27621,3,cherry86222
3386,1070549,anniechen,"2017-11-25 06:40:02",0.27619,1,tzutingchen
3387,965684,"Simon G","2017-10-03 15:09:05",0.27619,1,simongrest
3388,965991,mario_flw,"2017-11-14 10:12:40",0.27618,1,marionaia
3389,990873,"[Deleted] f797cc59-d27d-4b0d-91e9-7665fffb060c","2017-10-13 11:33:26",0.27616,2,del=7394f27170732a54
3390,1031187,"Davi Schumacher","2017-11-12 23:19:04",0.27614,18,davischumacher
3391,1030201,"Guilherme Domingues","2017-11-16 14:09:44",0.27613,1,guidomin
3392,1072079,Tianyu,"2017-11-11 00:00:08",0.27613,9,newhardwarefound
3393,957125,"Matt Ahrens","2017-10-27 17:24:25",0.27610,3,mattahrens
3394,996247,steven.macaigne,"2017-10-13 10:36:01",0.27610,1,stevenmac
3395,1025133,"mr chipstick","2017-10-24 12:59:53",0.27608,4,chipsticks
3396,962707,"Pradeep Sundaram","2017-11-08 18:21:11",0.27607,10,pradeepssundaram
3397,968559,Currie32,"2017-11-12 21:53:25",0.27607,7,currie32
3398,1090607,"Justin Rogers","2017-11-27 15:34:34",0.27606,7,justinusjr
3399,970120,PN,"2017-10-25 17:10:42",0.27605,1,prashant04
3400,981649,JunYitt,"2017-11-27 15:41:41",0.27603,9,junyitt
3401,969738,u_kag,"2017-10-28 08:04:42",0.27600,18,utkarshasthana
3402,1029467,Inception,"2017-11-19 09:20:41",0.27600,17,"manekbahl,manoj13691,sohanrai"
3403,1089399,ЕвгенийПопович,"2017-11-21 12:21:01",0.27599,10,a00920
3404,955926,"Florian Priebe","2017-10-09 19:42:35",0.27598,14,shaltugul
3405,1054110,"Oleksandr Zaytsev","2017-11-06 20:27:25",0.27598,5,dataoleks
3406,1075597,vijaybhaskar9999,"2017-11-29 12:04:29",0.27596,16,vijaybhaskar9999
3407,981414,Elderion,"2017-10-09 19:53:03",0.27593,1,elderion
3408,1112286,"[Deleted] 51567077-b51e-4791-8555-105082972c9f","2017-11-19 23:19:53",0.27591,2,del=ee7d24013c93b7f3
3409,971604,Gmase,"2017-11-19 15:36:56",0.27591,68,gmase1
3410,962475,Stephan,"2017-10-02 23:47:46",0.27587,5,steeve1995
3411,1115213,"Weslley Moura","2017-11-22 09:54:16",0.27586,8,weslleymoura
3412,1087543,"Eduardo Armelin","2017-11-22 23:27:07",0.27586,4,eduardoarmelin
3413,1050813,SergeyHusnetdinov,"2017-11-02 21:40:57",0.27586,5,husnetdinov
3414,1088342,Meriem,"2017-11-29 23:58:57",0.27586,17,meriemb
3415,994321,GhostW,"2017-11-28 09:48:09",0.27586,5,keywgh
3416,974159,HAbdulla,"2017-11-10 18:16:44",0.27586,10,habdulla
3417,1065869,STrivedi,"2017-11-28 02:12:54",0.27586,3,strivedi
3418,1032306,"Alexej Lapotko","2017-10-25 15:07:47",0.27586,2,alexlap
3419,973744,"Bhuvaneshwaran K","2017-10-06 10:54:15",0.27586,2,bhuvaneshwaran
3420,1029334,mattlewissf,"2017-11-13 19:58:54",0.27585,1,mattlewissf
3421,1094155,"Andua Julian","2017-11-28 23:40:43",0.27581,13,"anduajulian,hafizhaabm,wiwijuwita,yousya"
3422,974473,ilikeyouyouyou,"2017-10-05 17:34:46",0.27580,2,shenweichen
3423,982401,Hatim,"2017-11-01 18:17:36",0.27578,7,masterofpuppets
3424,1064226,"Sean K","2017-11-10 18:52:11",0.27578,1,skatty
3425,966004,Panayo,"2017-10-17 16:48:22",0.27577,6,panayo
3426,1017051,"Flavio Mac Knight","2017-11-02 14:40:14",0.27577,8,fmkp90
3427,1082771,"Lufei Wang","2017-11-10 18:51:40",0.27577,2,lwang58
3428,967555,"Rajiv Iyer","2017-10-26 15:44:28",0.27577,5,rajiviyer
3429,1050665,"Jason Sumpter","2017-11-29 03:40:16",0.27575,4,jasonsumpter
3430,964958,kymhorsell,"2017-10-20 06:58:23",0.27574,22,kymhorsell1
3431,965049,DocAl,"2017-11-25 10:36:41",0.27574,98,docalex
3432,1005118,datapug,"2017-10-20 19:40:02",0.27573,7,datapug
3433,968341,majikthise,"2017-10-12 00:07:30",0.27573,6,majikthise
3434,982795,Yellowduck,"2017-10-15 03:04:42",0.27567,3,kiwikly
3435,1111774,YingzhouHe,"2017-11-22 02:06:03",0.27566,1,hyz401
3436,996169,Bhavin,"2017-10-26 12:29:08",0.27565,6,bhavinnagda
3437,1074232,Cagayan,"2017-11-10 14:30:30",0.27565,5,"jcollingosch,marto32"
3438,965153,"Uklid Yeesarapat","2017-10-12 13:15:27",0.27565,5,uklidyeesarapat
3439,968264,davidbabu,"2017-10-03 20:41:29",0.27564,1,davidacad10
3440,972142,"Marco O.P. Sampaio","2017-11-29 23:27:03",0.27564,5,marcoopsampaio
3441,1010387,mikeo'malley,"2017-10-18 14:14:11",0.27560,1,michaelo
3442,962038,Beta_Max,"2017-11-27 00:10:05",0.27558,41,theperk
3443,962037,"Ramon Pereira Lopes","2017-10-30 20:46:19",0.27558,4,rplope
3444,1005957,"Robert Marshall","2017-10-28 09:56:44",0.27557,3,robertgjmarshall
3445,971713,"challenge: just automl h2o","2017-11-04 12:35:17",0.27556,13,jbm1966
3446,1000591,RishabhSinha,"2017-11-10 12:08:29",0.27551,5,rishabhs526
3447,990026,"Michael Justice","2017-10-13 03:47:16",0.27551,1,mrjustic
3448,965908,glx11,"2017-10-09 07:48:08",0.27550,8,glaux1126
3449,980476,"Enrico Spataro","2017-11-06 22:19:42",0.27549,8,enricospataro
3450,976554,"Heain Lee","2017-10-10 05:46:17",0.27545,4,heainlee
3451,1033135,"Rostislav Izimov","2017-10-27 13:00:17",0.27543,7,rostislavizimov
3452,1115463,"Azoacha Forcheh","2017-11-28 04:02:06",0.27540,9,azoacha
3453,967416,Hyx,"2017-11-03 20:58:27",0.27538,3,"xiexinyls,yingjiehu,youwen"
3454,977450,Gunner4Life,"2017-10-14 05:27:59",0.27537,12,harshavardhan189
3455,953828,"Alex Sologub","2017-11-29 20:41:03",0.27534,4,marvelousninja
3456,975405,jwang98,"2017-10-06 04:10:12",0.27534,6,jwang98
3457,971610,"Aleksei Efremov","2017-10-06 10:32:54",0.27534,1,alekseiefremov
3458,973294,"Abdelhak Lemkhenter","2017-10-07 15:08:20",0.27534,2,abdelhak
3459,970510,bhupendrathore,"2017-10-11 20:55:41",0.27534,4,bhupendrathore
3460,963925,cgrinaldi,"2017-10-08 01:39:02",0.27534,4,cgrinaldi
3461,966728,ChristopheS,"2017-10-11 09:57:24",0.27534,7,christophes
3462,985348,"Anurag Singh","2017-10-26 06:08:54",0.27534,7,anuragsingh1996
3463,1031507,AlessandroBregoli,"2017-11-24 10:15:21",0.27534,16,alessandrobregoli
3464,1075643,"Raj Shukla","2017-11-28 13:18:23",0.27534,9,manturaj
3465,1058715,Kossi,"2017-11-08 12:19:49",0.27534,1,kossidoulabe
3466,1087739,YoloSong,"2017-11-13 04:42:29",0.27534,2,"songyl1991,yumengliu"
3467,956211,Jashan,"2017-10-23 02:17:58",0.27533,9,jashanjeet
3468,1101101,Rauno,"2017-11-19 11:25:31",0.27530,10,raunoviin
3469,967496,"Arpit Patel","2017-10-03 20:46:20",0.27530,4,c0672908
3470,1025660,LeviWaddingham,"2017-11-13 20:26:38",0.27530,3,levi93
3471,993205,airbourne,"2017-11-25 18:07:23",0.27528,8,airbourne
3472,977383,Medinacus,"2017-11-06 17:31:35",0.27527,6,medinacus
3473,966644,Danijel,"2017-10-26 09:01:23",0.27525,40,dkopcino
3474,1026790,gustavohas,"2017-11-11 20:05:14",0.27521,2,gustavohas
3475,995706,Craw-Berry,"2017-10-13 15:06:02",0.27520,2,"amycrawford,berryni"
3476,967627,RicardoPereira,"2017-10-13 19:34:09",0.27520,12,rgpereira
3477,994704,"Chris X","2017-10-29 22:27:14",0.27520,9,docxian
3478,957682,dbftdiyoeywga,"2017-10-05 04:08:49",0.27517,1,dbftdiyoeywga
3479,1099589,knighters,"2017-11-22 10:14:32",0.27515,5,"sugh93,theknight"
3480,1022331,threecourse,"2017-10-25 15:47:03",0.27511,4,threecourse
3481,1081822,justasimulation,"2017-11-13 21:38:31",0.27509,1,justasimulation
3482,1021099,qexhft,"2017-10-28 01:57:20",0.27508,21,qexhft
3483,1119207,PasettoD,"2017-11-28 22:26:35",0.27507,3,dpasett
3484,998836,miles777,"2017-10-16 23:45:43",0.27505,1,miles777
3485,1065388,"Florian Müller","2017-11-05 13:16:23",0.27504,2,florianmueller
3486,976694,RafałProńko,"2017-11-21 20:56:27",0.27502,14,rafalpronko
3487,982498,[Deleted],"2017-10-16 20:38:43",0.27502,4,del=29acf7d1807fa6e3
3488,966981,"Yuxiao Luo","2017-10-24 21:01:35",0.27499,12,yuxiaoluo
3489,962270,CarlosKobayashi,"2017-10-24 19:07:17",0.27498,43,ckobayashi
3490,996143,Gourds,"2017-10-18 07:13:28",0.27496,6,mojotintin
3491,960216,kazutak,"2017-11-18 03:15:26",0.27495,2,kazutak
3492,1091182,"Daria Bocharova","2017-11-16 20:35:36",0.27491,3,dbocharova
3493,1110821,"Tan Hong Ming","2017-11-22 19:54:42",0.27491,7,tanhm07
3494,1121669,nocky83,"2017-11-27 11:59:05",0.27490,7,nocky83
3495,1007391,"Lars Erlend Leganger","2017-11-01 08:21:34",0.27489,2,larserlendleganger
3496,964603,Precog,"2017-11-04 20:27:41",0.27487,14,chris0
3497,1017267,"Arthas Menethil","2017-10-20 21:57:06",0.27483,3,arthasmenetil
3498,961497,ИгорьАлексеев,"2017-10-13 15:04:46",0.27482,17,algor1
3499,971803,"Team P3","2017-11-29 23:14:49",0.27480,10,dbiddy44
3500,1111466,pavelerm,"2017-11-19 20:03:22",0.27478,2,pavelerm
3501,953945,Deepak,"2017-09-30 17:12:15",0.27475,4,deepak9001
3502,1077737,"[Deleted] 7a3f3ba2-d782-4065-ad34-03804dcd4f18","2017-11-26 08:46:29",0.27473,55,del=a849a999a515b3be
3503,975301,"Удимов Даниил АД","2017-10-12 22:48:20",0.27472,6,udimus
3504,963635,Rhostam,"2017-10-21 20:51:03",0.27468,19,rhostam
3505,1010057,zunda3,"2017-11-02 09:54:52",0.27467,2,zunda3
3506,1064225,"Xiaoyu Wu","2017-11-22 04:03:33",0.27464,2,realxiaoyuwu
3507,995010,"Mike C","2017-10-31 23:45:32",0.27463,9,mcarrie30
3508,962368,Hacker_007,"2017-11-20 00:39:35",0.27463,3,spanny
3509,964629,"Sumit Chokhra","2017-10-10 09:57:55",0.27462,1,sumchokhra
3510,1067136,MahdiMohammadi,"2017-11-21 17:29:03",0.27462,26,mahdimohammadi80
3511,1006358,"Marie Douriez","2017-10-18 06:11:38",0.27462,3,mariedouriez
3512,1005236,P&F,"2017-10-25 03:11:03",0.27458,6,"jameschaves,pedroaqchaves"
3513,967676,Carvalho,"2017-10-08 21:47:08",0.27457,16,nmcarvalho7
3514,965357,IvanTsekot,"2017-11-29 12:31:43",0.27457,10,itsekot
3515,955469,mtshadow,"2017-10-15 16:40:53",0.27454,8,mtshadow
3516,966393,François,"2017-10-04 07:49:20",0.27454,1,sanfrancesc
3517,965139,"Martin Høy","2017-10-09 11:09:43",0.27444,13,marhoy
3518,956199,kilian,"2017-10-07 20:55:45",0.27444,2,batzner
3519,967554,pawel,"2017-10-31 20:10:40",0.27444,14,pr3kaggle
3520,1011282,Meryem,"2017-10-26 09:43:02",0.27440,1,meryemschalck
3521,987773,DomjanBarić,"2017-10-11 08:16:19",0.27440,1,dbaric
3522,974816,elaeon,"2017-11-13 20:24:12",0.27438,5,elaeon
3523,966371,"Roman Lunev","2017-10-04 12:45:06",0.27438,1,lunathirteen
3524,1002874,"🍏 Stanislav Ermolov","2017-10-16 19:24:15",0.27434,2,pacifik80
3525,1019679,garylai,"2017-10-22 14:41:36",0.27434,5,garylai91
3526,964265,"Vyacheslav Khvan","2017-10-16 05:05:33",0.27433,2,del=7da12a633bbaf716
3527,1090971,"Leeds_001_team9_early birds","2017-11-29 22:50:02",0.27433,18,"carlosl,marinnr"
3528,967393,snibol,"2017-10-03 19:49:03",0.27429,3,tatooaz
3529,1077160,"Jas Sahota","2017-11-14 21:21:45",0.27423,8,sahotaj1
3530,1019674,"Ryan Bales","2017-10-23 03:46:53",0.27418,2,rbales
3531,967072,NicoLadi,"2017-10-04 04:05:34",0.27412,1,nik2olas
3532,1083111,"Jimmy Koyan","2017-11-27 03:35:54",0.27411,16,datalabs
3533,965775,[Deleted],"2017-10-12 04:12:49",0.27409,13,del=fa6e7f81933c1ea4
3534,954968,Diogo,"2017-10-01 06:40:41",0.27404,8,diogoff
3535,953805,"Olli Rummukainen","2017-10-07 07:24:21",0.27398,4,olleet
3536,1040778,"Leandro Machado","2017-11-29 02:54:09",0.27398,1,ljmachado
3537,959806,FelixZhao,"2017-10-09 00:21:18",0.27396,6,felixzhao
3538,985733,LeiZ,"2017-10-16 04:22:04",0.27396,5,andysdu
3539,953321,PZ,"2017-10-18 16:31:42",0.27394,7,lukaslegerer
3540,967383,salmonlover,"2017-10-04 03:32:44",0.27394,1,salmonlover
3541,1038506,DNO,"2017-11-29 18:05:07",0.27390,42,"akutasame,del=3423ca9a195e17db,nidhi325"
3542,996627,"Pulkit Jha","2017-10-22 10:40:25",0.27389,4,pappukrjha
3543,970330,Ricardus,"2017-11-29 23:53:13",0.27388,10,rikhard
3544,974490,"Paul Lefkopoulos","2017-10-08 16:47:34",0.27385,2,lefko2000
3545,990362,"Maryna Kalmetieva","2017-10-12 21:10:48",0.27384,1,mkalmetieva
3546,963752,"Kevin Chacon","2017-10-03 20:49:21",0.27382,1,kchacon
3547,1015785,ssaisushanth45,"2017-11-08 06:11:47",0.27382,19,ssaisushanth45
3548,1003351,M.Momo,"2017-11-03 09:16:04",0.27381,30,mmuvyeyi
3549,1059487,GuyINCA,"2017-11-20 04:26:01",0.27381,2,rcinca
3550,1057376,"Lynton Morgan","2017-11-29 04:02:21",0.27380,45,lyntonmorgan
3551,989299,twoapple,"2017-11-28 22:36:34",0.27378,2,twoapple
3552,1116070,"Alexander Bartel","2017-11-22 12:37:34",0.27376,10,ndevln
3553,989514,SebasK,"2017-10-13 14:35:49",0.27376,2,sebask
3554,964279,seroppi,"2017-10-17 11:47:46",0.27369,11,seroppi
3555,1058056,sumit2k15,"2017-11-02 07:24:24",0.27367,3,sumit2k15
3556,1072878,"Nisanth MP","2017-11-27 06:38:41",0.27367,5,nisanth
3557,979382,stuartyates,"2017-11-19 16:49:06",0.27367,17,stuartyates
3558,966849,songyuquan,"2017-10-09 16:22:43",0.27367,7,songyuquan
3559,973463,Alpha,"2017-10-12 07:58:03",0.27366,3,arpangupta87
3560,957528,"Giuseppe Canonaco","2017-10-05 21:40:45",0.27363,5,gcanonaco
3561,1077023,SheetalJoshi,"2017-11-29 03:54:38",0.27361,2,sheetalbios05
3562,1102766,"[Deleted] 83459553-5598-4d40-8e08-ed66eef511b9","2017-11-29 22:21:31",0.27360,5,del=d8f19067d3f3fdec
3563,1051216,Prady,"2017-11-19 04:09:37",0.27360,3,pradeepsathyamurthy
3564,973182,"Tianyi Lu","2017-11-20 08:08:55",0.27360,2,nathanlu17
3565,1116701,YuYan,"2017-11-28 11:40:54",0.27358,5,yuyan666
3566,1013044,"Adam Piotrowski","2017-10-21 21:21:18",0.27358,2,collider
3567,984912,Gahuga,"2017-11-29 21:26:28",0.27356,3,gahuga
3568,962623,lizzzi1,"2017-10-08 17:15:08",0.27354,8,lizzzi1
3569,997850,"Augusto Torres Bozzi","2017-10-15 00:33:57",0.27351,7,augustotorresb
3570,1006858,SandySpitfire,"2017-11-01 10:53:10",0.27349,8,sandyspitfire2016
3571,958822,MensaDropout,"2017-11-28 00:47:19",0.27346,36,mensadropout
3572,1069507,deep_learning_w,"2017-11-17 04:01:03",0.27344,8,wang4959520
3573,977770,ISMAX,"2017-11-02 17:30:09",0.27343,13,datanewb
3574,1010131,QualityExcellence,"2017-11-05 10:27:31",0.27340,30,cofito
3575,966028,QiMingZheng,"2017-10-08 13:17:23",0.27340,6,mingqi
3576,966293,Vortex,"2017-10-11 19:17:13",0.27338,1,czanchetta
3577,966207,DanielAC,"2017-10-23 12:06:02",0.27333,7,danielac
3578,974120,[Deleted],"2017-10-20 00:28:17",0.27330,2,del=75c8cac59a10435c
3579,964493,"Meo ","2017-10-09 11:25:46",0.27324,3,nguyenhoanghai
3580,1044113,"David Veitch","2017-10-29 05:10:12",0.27323,2,dcv100
3581,995107,~TSS~,"2017-11-01 04:56:40",0.27308,21,timssweeney
3582,1076977,MohitBharti5,"2017-11-17 03:47:09",0.27300,13,mohitbharti5
3583,980643,"Andrés Huertas","2017-10-15 02:58:49",0.27300,5,hsanalytics
3584,977313,AlexanderZ,"2017-11-14 10:35:51",0.27299,6,alexanderzv
3585,970828,sinhaujj,"2017-11-22 21:41:55",0.27293,59,usinha
3586,1033826,Romsyd,"2017-11-20 03:29:00",0.27284,1,romara
3587,982800,dice,"2017-10-08 20:42:13",0.27283,4,bradyadice
3588,1004124,Best_Friends,"2017-10-25 09:47:49",0.27281,2,"aogonic,hesenwei"
3589,967368,lapalap,"2017-10-05 16:04:52",0.27280,1,lapalap
3590,981373,passenger,"2017-10-31 01:45:14",0.27272,1,casscw
3591,990937,Centaurcolony,"2017-10-11 12:07:51",0.27271,1,centaurcolony
3592,966027,jpljpl,"2017-10-03 12:03:26",0.27269,1,jpljpl
3593,989655,"Gates Jr","2017-11-21 12:47:01",0.27266,12,gatesjr
3594,1076542,"Marcos Coque Jr","2017-11-28 23:54:39",0.27259,1,mcoque
3595,953193,"Daniel Moller","2017-11-12 15:04:46",0.27258,59,danmoller
3596,991392,fisher,"2017-11-18 14:00:07",0.27258,8,lihappy999
3597,1003132,"Yury Kravchenko","2017-11-29 09:11:46",0.27255,16,yurykrav
3598,977088,"Tushar Singh","2017-10-13 19:00:18",0.27254,5,tusharsingh62
3599,1081250,"Varun Vyas","2017-11-10 12:51:17",0.27250,3,varunvyas
3600,983863,KunyangJia,"2017-10-10 07:56:24",0.27246,1,kunyangjia
3601,1011021,"Alex Nakhleh","2017-11-29 05:15:32",0.27245,17,wispio
3602,966608,KSN,"2017-10-29 17:29:33",0.27238,16,"calandiel,nieznany"
3603,971321,"saurabh kumar","2017-10-31 07:28:58",0.27237,1,saurabh502
3604,960098,yag_ays,"2017-10-02 10:13:21",0.27236,1,yagays
3605,992557,"Casey Jue","2017-10-12 03:40:48",0.27230,1,caseyjue
3606,986113,Velikan,"2017-10-20 22:58:16",0.27230,1,velikan
3607,966448,Nihil,"2017-10-15 14:44:59",0.27216,2,yaskyj
3608,966778,akki0206,"2017-10-05 20:33:44",0.27214,2,akki0206
3609,1101203,"Chris Nobblitt","2017-11-23 13:11:57",0.27211,1,nobblitt
3610,1086113,JWil,"2017-11-17 20:47:43",0.27208,22,jkwilso42
3611,1073831,"Mohammad Khorami","2017-11-17 07:50:37",0.27206,17,mkhorami
3612,986961,CassMeyer,"2017-11-09 04:23:10",0.27202,1,geonorman
3613,1031007,"Hossein chegini","2017-11-29 23:34:20",0.27201,6,hosseinpink
3614,1076693,"Kumar Sirugudi","2017-11-18 04:04:06",0.27199,15,kumarsirugudi
3615,968022,Fast_NU,"2017-10-30 17:10:02",0.27197,14,ahmedsaeed
3616,1052892,MaxWarburg,"2017-11-15 17:59:23",0.27185,21,mowtis
3617,1011677,nickcica,"2017-10-24 15:31:59",0.27183,2,nickcica
3618,966674,"Cédric Miachon","2017-10-10 14:12:22",0.27181,5,cedricmiachon
3619,1069639,Kapilgoyal,"2017-11-08 13:56:22",0.27180,5,kapilgoyal
3620,997426,"Competition 4-11_","2017-11-03 23:56:56",0.27179,4,"isabelleliu,myronchang"
3621,962254,Lars,"2017-10-30 20:50:09",0.27177,3,larsertoff
3622,1060135,"Yuqing Xue","2017-11-02 19:02:38",0.27177,1,yuqingxue
3623,1058115,ZekaLuo,"2017-11-03 10:34:26",0.27177,1,zekasama
3624,963194,Chennai_Boy,"2017-11-12 19:59:12",0.27177,1,rksriram312
3625,1088893,"Naida Dzhavadova","2017-11-14 11:44:38",0.27177,2,naidadz
3626,1098875,"Sandeep Suhag","2017-11-16 00:02:55",0.27177,2,sandy1811
3627,1087385,"Pragmatic Realtor","2017-11-29 22:35:14",0.27171,9,jileo1
3628,974447,Maxime,"2017-10-08 22:48:59",0.27170,3,maxeconometrics
3629,963809,"mattia ciollaro","2017-10-17 22:27:51",0.27169,15,mattiaciollaro
3630,977501,"Kulpinov Vladimir","2017-10-08 00:15:25",0.27164,3,vlkulpinov
3631,968620,Eduardo,"2017-11-24 22:32:07",0.27161,23,edumucelli
3632,1080397,Wei-Shan,"2017-11-18 00:08:04",0.27160,12,wlee78
3633,965468,Mundos,"2017-11-14 09:00:12",0.27157,3,mundos
3634,1032206,AnkitPaliwal,"2017-11-29 05:14:04",0.27155,18,anktplwl91
3635,1025974,"Andrey Erofeev","2017-10-25 23:45:42",0.27150,5,andreyerofeev
3636,1079964,PetrT,"2017-11-26 20:57:53",0.27148,6,shauty10
3637,1038924,ASH-TRAY,"2017-11-18 03:54:28",0.27145,2,"ashays,soutri"
3638,970501,Pramod,"2017-10-12 13:45:10",0.27143,15,pramodgupta
3639,976673,"Billy Bonaros","2017-11-03 16:33:55",0.27139,13,billybonaros
3640,1015969,geka095,"2017-10-29 18:13:02",0.27137,21,geka095
3641,1095702,"Jack Letcher","2017-11-27 03:23:27",0.27135,2,jletcher
3642,1024664,"Huang, Peng-Hsuan","2017-10-23 14:16:17",0.27134,3,randyrose2017
3643,1119129,Maltinho,"2017-11-22 12:18:10",0.27130,4,maltinho0
3644,966569,GilbertHendry,"2017-11-18 19:46:53",0.27121,19,gihendrymsft
3645,960006,"José A. Guerrero","2017-11-28 19:53:24",0.27119,2,blindape
3646,962743,Tauranis,"2017-10-07 12:49:50",0.27103,1,tauranis
3647,1090763,MohitBharti,"2017-11-18 03:35:29",0.27101,13,mohitbharti
3648,956753,EZ,"2017-10-14 19:44:47",0.27099,16,ezietsman
3649,962827,Matfyzak,"2017-10-17 13:19:21",0.27099,2,lukasdrapal
3650,1081167,"Ajai Sharma","2017-11-12 00:10:08",0.27099,1,uptownfunk
3651,967349,Dellier,"2017-11-05 18:29:53",0.27098,1,sotheros
3652,988234,"Surya De","2017-10-29 09:05:04",0.27091,10,suryade92
3653,1070018,"Dukh Dmytro","2017-11-09 01:40:22",0.27087,15,madhoney
3654,963325,"Calcamp Team","2017-11-26 07:10:52",0.27081,5,"deangelogn,marianapbento,voltoline,wallaceloos"
3655,1034513,jasonsedai,"2017-11-15 03:19:06",0.27080,9,jasonsedai
3656,1019347,"Alexander Anokhin","2017-11-11 12:40:15",0.27078,6,alexanderanokhin
3657,1071897,"Bai Li","2017-11-29 07:39:10",0.27075,9,luckyt
3658,1071695,"WeiChih Hu","2017-11-17 17:25:51",0.27072,37,weichihhu
3659,964058,"John Holt","2017-10-09 18:49:41",0.27062,5,jholtorama
3660,1062011,"Anastasia Biryukova","2017-11-21 15:24:42",0.27058,8,emeraldic
3661,985758,reillym,"2017-10-12 15:04:40",0.27054,7,reillym
3662,1082059,Prooffreader,"2017-11-15 17:28:12",0.27051,10,prooffreader
3663,958009,MJeremy,"2017-11-01 06:12:42",0.27050,3,zhangyue199
3664,981597,PAMDirac,"2017-10-08 15:23:05",0.27050,2,pamdirac
3665,958333,"Syed Saad","2017-10-15 17:37:28",0.27048,5,syedsaad786
3666,1025942,"Sundar Krishnan","2017-10-30 14:22:37",0.27048,2,sundarkrishnan
3667,1006849,MarcelFlygare,"2017-10-26 15:58:48",0.27045,16,flygare
3668,1021017,Adeshina,"2017-11-10 00:42:15",0.27043,5,alaniadeshina
3669,956783,affemitwaffel,"2017-10-13 12:41:27",0.27041,4,affemitwaffel
3670,965322,Jaidev,"2017-10-23 05:27:08",0.27039,9,jaidevd
3671,1004068,"Igor Enyukov","2017-11-25 20:44:09",0.27030,5,igensem
3672,965333,mcasotto,"2017-10-03 11:22:05",0.27023,4,mcasotto
3673,1001202,"Salahi Halil Altıncı","2017-11-04 08:15:17",0.27020,1,salahihalilaltinci
3674,1099894,akkishah0112,"2017-11-18 02:29:56",0.27020,7,akkishah0112
3675,954153,Triskelion,"2017-11-22 20:11:26",0.27015,1,triskelion
3676,975068,"Diana Liu","2017-10-09 15:39:06",0.27014,2,dianaliu0
3677,1038740,"CUZ Analytics","2017-10-30 21:09:56",0.27014,3,cuzanalytics
3678,983594,sangsom,"2017-11-13 06:28:23",0.27011,8,sangsom
3679,1069487,Edge,"2017-11-11 07:57:40",0.27007,6,cfchan
3680,991817,JianweiBao,"2017-10-23 14:43:55",0.27002,10,jianweibao
3681,1021301,chrisiew,"2017-11-11 14:42:50",0.27000,35,chrisiew
3682,988816,"Chuan-Neng Sun","2017-10-20 06:12:24",0.27000,6,alleniversunn
3683,1009893,"Dmitrii Prokazov","2017-10-20 13:22:23",0.26997,2,dprokazov
3684,972978,woosterbosch,"2017-10-10 20:01:57",0.26988,2,woosterbosch
3685,968355,acc,"2017-10-23 13:28:37",0.26985,26,pceccon
3686,964812,datalover,"2017-11-21 03:42:38",0.26983,2,kaggledmimi
3687,1087522,stormcloudy,"2017-11-12 19:54:13",0.26972,5,stormcloudy
3688,954446,||==random==||==forest==||,"2017-11-13 00:26:33",0.26972,26,zeus75
3689,967738,Antonio,"2017-11-29 04:56:00",0.26969,24,luisantonio
3690,970111,knchan,"2017-10-15 08:56:59",0.26966,3,knchan
3691,971765,Kiko,"2017-10-22 11:37:18",0.26966,2,kikokiko
3692,1054241,"Hussain Shahbaz Khawaja","2017-11-25 12:49:07",0.26965,3,hskhawaja
3693,1006328,"Abhinav Sharma ","2017-11-02 09:16:53",0.26965,1,abhinavs01858
3694,954773,Venkatesh,"2017-11-05 13:30:52",0.26965,1,venkatesht
3695,996958,"I Discreti","2017-10-16 14:16:05",0.26962,12,"carloventura,del=263e32ac06ee96ee"
3696,1071846,FrancisMendoza,"2017-11-12 18:46:49",0.26960,18,francis16
3697,1003827,"Clion Teng","2017-10-18 00:31:28",0.26951,6,clionv
3698,1096360,mohitbharti31,"2017-11-16 02:28:05",0.26950,9,mohitbharti31
3699,973210,Keerthi,"2017-11-29 17:14:41",0.26949,3,keerthip
3700,967872,kengow,"2017-10-21 19:57:48",0.26947,3,kengow
3701,991555,Telcontar120,"2017-10-11 16:43:09",0.26946,4,telcontar120
3702,1106345,"Winnie Shui","2017-11-17 18:25:46",0.26946,1,winnieshui
3703,1068861,ScottMerritt,"2017-11-08 07:55:39",0.26942,11,scottcm
3704,963292,KyleWadeGrove,"2017-11-17 13:09:02",0.26942,9,kylewadegrove
3705,959083,akurmukov,"2017-10-06 18:16:33",0.26936,1,akurmukov
3706,954110,MrBennett,"2017-09-30 20:23:05",0.26929,1,bbennett36
3707,1081709,ImbrigliaF,"2017-11-29 17:07:31",0.26928,12,francescoimbriglia
3708,967689,"Haritha Elango","2017-10-15 16:23:53",0.26920,6,haritha96
3709,1079023,"Aimen EH","2017-11-10 13:35:32",0.26920,10,aymeneh
3710,999173,Pranay,"2017-11-03 04:35:36",0.26920,1,pranaytiwari
3711,985577,"Avinash Kadimisetty","2017-10-11 11:11:48",0.26915,5,kavinash366
3712,967796,BeaSM,"2017-10-25 18:15:55",0.26914,33,beadatascience
3713,962200,TeamOneyFR_DataScience,"2017-11-21 17:52:19",0.26913,7,"fred0715,thxdata"
3714,1081748,"Akbar Hidayatuloh","2017-11-29 01:23:07",0.26911,6,akbarh
3715,1017481,"Dex Brady","2017-10-22 23:57:18",0.26907,6,dexbrady
3716,962463,"Rodrigo Salas","2017-10-02 21:51:30",0.26902,1,rsalaschile
3717,962979,tumbzilla,"2017-10-08 22:37:52",0.26901,5,tumbzilla
3718,969902,wallyholly1,"2017-11-29 11:46:40",0.26899,25,wallyholly
3719,963517,Suboptimal,"2017-10-08 18:45:40",0.26899,11,ntavoul
3720,1087810,DCDelich,"2017-11-18 00:48:17",0.26886,4,dcdelich
3721,965261,"Michael Markzon","2017-10-19 11:32:20",0.26886,16,miguel777
3722,972445,"Ricardo M Messias","2017-10-10 02:59:31",0.26885,5,rickrock89
3723,976409,extronomers,"2017-11-28 21:49:26",0.26876,8,"d3pl0y,macs28"
3724,966459,myinsight,"2017-10-06 10:25:25",0.26875,4,myinsight
3725,994828,"Competition 4-4","2017-11-04 01:17:26",0.26873,13,"adriown,caitdreis,sallygao"
3726,994606,McSnappy,"2017-11-29 23:52:14",0.26868,2,mcsnappy
3727,980543,daywednes,"2017-11-01 17:47:14",0.26859,7,daywednes
3728,1113833,teflonlon,"2017-11-29 23:58:04",0.26857,12,teflonlon
3729,962761,"Kunal Deshmukh","2017-11-23 18:39:42",0.26856,3,kunalrdeshmukh
3730,1047647,zimy,"2017-11-22 12:07:15",0.26856,5,zimygogo
3731,972372,Jeremy,"2017-10-19 16:11:47",0.26845,18,namingwaysway
3732,982700,asindico,"2017-11-16 20:41:31",0.26843,43,asindico
3733,1015007,ChristosGlymidakis,"2017-11-23 14:01:48",0.26842,16,chrisglym
3734,1070663,Hendricks,"2017-11-19 14:23:19",0.26839,11,"gopherecon,michaelhendricks"
3735,1116057,JT3577,"2017-11-23 18:28:49",0.26835,1,jrthurman01
3736,962895,"Ray V","2017-10-05 03:07:35",0.26827,11,rvernagus
3737,998890,"Florian Born","2017-10-29 23:29:50",0.26823,1,florianborn
3738,963024,LearnFromData,"2017-11-20 19:26:43",0.26822,16,namonara
3739,1085865,"Old Port Consulting","2017-11-27 19:17:57",0.26809,23,oldportconsulting
3740,983209,"Anton Poznyakovskiy","2017-11-29 23:49:41",0.26802,18,poznyakovskiy
3741,1120196,hfayed,"2017-11-29 23:06:30",0.26799,17,hfayed1
3742,986787,"Sam Park","2017-10-14 06:51:36",0.26785,2,spark5186
3743,973816,"Andrew Karpovych","2017-10-13 16:15:05",0.26783,13,andrewkarpovych
3744,1047217,PauloSalem,"2017-11-01 10:20:26",0.26782,10,paulosalem
3745,1003222,"Stefano Brunelli","2017-11-29 06:29:28",0.26778,15,brunellistefano
3746,993605,"[Deleted] 2292fad7-1cd1-45a7-b963-1fd754f7f3e3","2017-11-10 10:46:53",0.26777,4,del=4c7e724e262ff0e3
3747,975229,"Cameron Reid","2017-10-17 18:11:06",0.26774,15,csreid
3748,1005956,RenanXavier,"2017-11-03 20:27:03",0.26772,5,renanxcortes
3749,1082599,shashank1991,"2017-11-18 06:39:54",0.26769,15,shashank1991
3750,988497,"[Deleted] 01502a41-a3a3-4104-8b29-256b91c8bd09","2017-10-12 15:11:30",0.26766,7,del=92ef500ab9ecc127
3751,977954,"Rodrigo Bicalho","2017-11-17 21:15:16",0.26761,15,rbicalho
3752,963792,"Lucas Venezian Povoa","2017-11-29 17:11:32",0.26757,58,lucasvenez
3753,994037,BálintKubik,"2017-11-17 16:45:54",0.26750,11,kubikb
3754,1074220,VeselinIvanov,"2017-11-12 09:37:02",0.26750,9,veselinivanov
3755,1038101,"Karen Lowe","2017-11-14 15:47:19",0.26747,22,ksquared92
3756,983980,DarkerBlack,"2017-11-17 08:56:37",0.26746,1,d15811358735
3757,1056548,ethanohuango,"2017-11-27 06:58:07",0.26745,10,ethanferminhuang
3758,962315,Trigidi,"2017-10-06 23:30:27",0.26738,1,godosgg
3759,1022678,Chip,"2017-10-23 00:25:09",0.26738,4,chippp
3760,989395,"Davi Sales Barreira","2017-11-20 17:50:22",0.26731,4,davibarreira
3761,1061344,reeekwo,"2017-11-29 23:25:30",0.26727,10,reeekwo
3762,976084,kai,"2017-10-12 03:43:56",0.26721,2,"deepakmahapatra,nimishamlathe"
3763,1091045,"Dr Kal-ko","2017-11-29 23:06:38",0.26716,30,drkalko
3764,1023947,PredNet,"2017-10-23 21:33:44",0.26713,5,vipulpatel
3765,1077619,MCA,"2017-11-21 01:09:44",0.26710,1,malves
3766,962622,"Sridhar Palle","2017-10-30 02:37:31",0.26706,31,drpalle
3767,977068,"Dmytro Sytro","2017-10-18 17:18:06",0.26699,1,dmytrosytro
3768,1112639,"Kevin Fan","2017-11-21 02:05:23",0.26699,2,kevin0228ca
3769,967542,"Daniel Resende","2017-11-03 13:18:06",0.26698,11,danielresende
3770,1069417,aboul,"2017-11-29 10:35:25",0.26697,2,gelanbou
3771,971705,Mistral,"2017-10-12 20:43:30",0.26694,8,tgenin
3772,963853,"The Chinese Pharaoh","2017-11-16 02:53:14",0.26690,6,"hsalama,iring024081"
3773,997554,"Alexis Reymann","2017-10-21 20:17:30",0.26690,1,ioctoo
3774,1115708,foutakaggle,"2017-11-28 16:19:09",0.26686,10,"samuelcolin,sapriel"
3775,1049778,"Christian Albers","2017-11-05 18:12:37",0.26684,9,chralbers
3776,1021182,"Arpit Aggarwal","2017-10-28 04:26:48",0.26676,26,arpitdec5
3777,1058781,"Tapan Shah","2017-11-10 05:44:04",0.26675,16,tapan1
3778,1067091,r+o,"2017-11-17 19:18:46",0.26671,4,rmasoc
3779,1072013,"Emmanuel Sam Whitchurch","2017-11-14 02:29:22",0.26670,11,emmanuelsamw
3780,996394,"Tarams Labs","2017-11-10 09:49:01",0.26668,2,jsvidyad
3781,1086141,"The Bear","2017-11-12 03:59:44",0.26663,1,saramahar
3782,1082984,"Antoine Cuer","2017-11-11 10:53:44",0.26663,1,binback
3783,1039743,"Wesley Jackson","2017-11-15 17:09:18",0.26662,7,startatnoon
3784,1081237,Kaiser,"2017-11-10 09:01:01",0.26662,1,wenkai
3785,1048624,"Aamir M. Khan","2017-11-11 21:59:33",0.26662,1,aamirmkhan
3786,1088627,"Siti Bati'ah Balqis","2017-11-22 11:03:29",0.26662,2,fadhilaulva
3787,969043,VivekSinha,"2017-10-11 20:09:23",0.26661,7,insightanalytics
3788,1022611,oxta,"2017-11-26 22:53:15",0.26660,3,oxta28
3789,1074910,ayush7,"2017-11-17 01:18:36",0.26659,12,ayush7
3790,1019861,"Ridhwanul Haque","2017-11-29 05:23:28",0.26655,65,rhemon
3791,964681,claudiu,"2017-10-11 05:39:50",0.26655,9,casras
3792,965505,ValerioZZZ,"2017-10-17 14:40:23",0.26642,9,valeriozzz
3793,1033117,"Kshitiz Sharma","2017-10-27 19:47:13",0.26638,3,zitihsk
3794,977066,sagar,"2017-10-14 07:09:36",0.26637,2,sagar35
3795,962339,"Devin Shanahan","2017-11-16 00:25:42",0.26635,14,devinshanahan
3796,1054507,"Yusuf Fakhri","2017-11-29 23:23:28",0.26634,14,yusufari58
3797,1112472,lrmmaris,"2017-11-29 20:37:51",0.26633,16,lrmmaris
3798,1066327,"Raphael Coelho","2017-11-21 20:22:05",0.26631,4,raphaelrrcoelho
3799,989028,KaranDesai,"2017-10-12 14:49:27",0.26629,4,karandesai16
3800,969293,"Janson Hendryli","2017-10-04 04:18:23",0.26628,1,jansonh
3801,967652,Aaron,"2017-10-10 00:10:14",0.26627,7,abrady
3802,1056797,IvanKoomson,"2017-11-27 03:14:37",0.26626,13,ivankk7
3803,1087254,skcary,"2017-11-12 16:40:10",0.26626,1,skcary
3804,1041855,"Idaho Jones","2017-11-18 15:10:02",0.26626,1,potionsandthings
3805,997339,"Markus Huber","2017-11-29 09:06:54",0.26626,2,excuesee
3806,1073430,"anuradha govindan","2017-11-16 15:53:07",0.26626,13,anuradhag23
3807,1038794,holmesxiao,"2017-11-13 06:21:16",0.26620,2,holmesxiao
3808,962823,"Daniel Viegas","2017-10-07 13:19:13",0.26619,2,dviegas
3809,995466,SmileGT,"2017-10-15 21:04:29",0.26618,8,"lillywang1126,yiconggong"
3810,965462,Aemsk,"2017-10-19 20:39:03",0.26614,8,aelmsk
3811,954462,"David Arlund","2017-11-29 22:47:44",0.26610,32,darlund
3812,956444,mrpantherson,"2017-10-06 17:49:05",0.26610,12,mrpantherson
3813,986314,"Frankie Liuzzi","2017-10-09 23:47:31",0.26607,1,frankieliuzzi
3814,976477,RitaChen,"2017-10-14 16:06:35",0.26605,1,ritachen
3815,978795,"878 kms","2017-10-27 10:34:31",0.26600,9,del=0471cc86724f8742
3816,965833,PeterSzucs,"2017-10-26 09:46:27",0.26591,11,fulltextinc
3817,964409,Sushrut,"2017-10-03 19:59:38",0.26590,3,sushrutk1
3818,1067141,Nachiappan,"2017-11-17 10:26:16",0.26587,1,nachiappanpl
3819,970266,BotchaDileepKumar,"2017-10-05 17:26:28",0.26582,3,dileep207
3820,965547,Ned,"2017-10-14 09:16:37",0.26580,21,nedtahir
3821,968186,MarcvanderZon,"2017-10-04 19:29:47",0.26573,1,marcvanderzon
3822,1085598,SergeyBaranov,"2017-11-20 05:03:30",0.26565,10,serega1112
3823,965486,"Ivan Keller","2017-10-04 14:53:10",0.26559,1,ivankeller
3824,1024662,xxnole,"2017-11-02 10:58:33",0.26553,6,xxnole
3825,1050222,"Ricardo Herrmann","2017-11-07 09:24:57",0.26553,10,herrmann
3826,963092,fry1231,"2017-10-25 23:31:58",0.26545,8,fry1231
3827,965662,wintersw,"2017-11-11 22:08:35",0.26534,47,wintersw
3828,953248,"John Bray","2017-10-07 19:26:04",0.26533,2,johnedwinbray
3829,963470,"Baurjan Safi","2017-11-29 16:46:12",0.26527,29,baursafi
3830,964884,NHHIMV,"2017-11-26 14:20:52",0.26522,15,"bekeandras83,milanredele"
3831,1071156,GaganThakkar,"2017-11-16 06:16:21",0.26521,17,gagan1494
3832,971182,carlosmunoz,"2017-10-19 11:28:40",0.26519,1,carlosmunoz
3833,996678,"Competition 4-10","2017-11-04 01:08:22",0.26510,21,"bgreenawald,gregwert,uynamihba"
3834,1122431,"Alessandro Blanda","2017-11-29 23:49:21",0.26500,3,ablanda
3835,978722,"Steve Davies","2017-10-30 23:26:55",0.26495,43,hisnibs
3836,1002331,MSUTPMontesMCarlosAriel,"2017-11-25 15:53:28",0.26493,2,msutpmontesmcarlosa
3837,960111,Chris94,"2017-10-19 10:32:39",0.26490,1,"chrishennie,christian94"
3838,1060230,"Fabian Kneissl","2017-11-19 19:30:33",0.26482,5,catchin
3839,961245,emerita,"2017-11-22 15:06:07",0.26479,10,emerita
3840,953573,"Sandeep Devagiri","2017-10-04 04:47:50",0.26477,2,sandeepdevagiri
3841,969734,Huan_L,"2017-10-04 14:43:34",0.26473,1,axawhuanliu
3842,980451,"Georgios Pierris","2017-10-24 14:05:50",0.26471,23,protagoras0
3843,1038459,Praveen_Dubba,"2017-11-29 09:49:14",0.26470,7,praveendubba
3844,965045,ShaowenLin,"2017-10-03 06:56:26",0.26469,1,wenlin
3845,964521,adlo,"2017-10-16 17:46:25",0.26469,8,adiell
3846,1025533,RuMuR,"2017-11-28 23:29:46",0.26462,1,ruedika0815
3847,969507,"Anvesh VNMSK","2017-10-28 09:28:55",0.26461,11,swapnatejav
3848,1065212,EugTsa,"2017-11-05 01:32:52",0.26459,3,eugene46
3849,1046978,LAMS,"2017-11-11 16:05:20",0.26455,3,lukasmack
3850,969026,"Valter Eduardo","2017-10-04 03:33:45",0.26453,1,valteresj
3851,1079760,SamyakMajumder,"2017-11-22 10:14:22",0.26451,32,samyak01
3852,1020211,DEEPAKKANTNETAM,"2017-11-16 16:02:48",0.26450,7,deepakkantnetam
3853,1004172,FrancoisMeunier,"2017-10-16 15:53:30",0.26428,3,fm9491
3854,959351,"Leonardo Dos Santos Pinheiro","2017-11-02 10:06:17",0.26422,3,lspinheiro2
3855,1033035,Sindi,"2017-11-29 18:36:36",0.26419,17,sindi112709
3856,989146,PSThorbell,"2017-11-29 22:16:31",0.26418,17,jenderle
3857,964599,"Subramanian Iyer","2017-10-03 09:30:37",0.26418,5,subu411
3858,977602,CameronYoung,"2017-10-07 02:59:33",0.26417,2,camyoung
3859,1010945,"[Deleted] 8a247f61-1da2-4c05-b455-30559d44bb42","2017-11-29 22:18:22",0.26417,23,del=0bf692ba9e565ed2
3860,971870,"ALBEN MERT","2017-10-14 09:45:30",0.26399,5,albenk
3861,958750,Andreas,"2017-10-04 20:53:32",0.26395,4,andee2
3862,1019808,PredicSF,"2017-10-22 15:45:48",0.26394,5,del=407d359ca2b5eae2
3863,982631,JustinR,"2017-10-08 21:58:36",0.26385,1,jrobischon
3864,1001055,"Yudi Wibisono","2017-11-28 15:13:58",0.26379,11,yudiwbs
3865,965292,Honza,"2017-10-27 12:35:59",0.26378,1,janwalach
3866,966160,Rockettes,"2017-11-26 17:26:30",0.26376,2,brunoroquette
3867,1085594,"Ancient One","2017-11-12 20:45:26",0.26373,2,dominhtuan
3868,969790,ГригорьеваАлександра,"2017-11-16 12:57:30",0.26371,8,leksagrigoreva
3869,964276,sayali,"2017-11-05 07:41:42",0.26369,6,sayalikadam
3870,958036,mabelvj,"2017-10-16 00:43:03",0.26368,19,mabelvj
3871,968190,"Andrea Riva ","2017-11-09 21:24:03",0.26367,12,andreariva91
3872,1066866,mlrose,"2017-11-11 14:25:12",0.26365,4,mlrose
3873,965980,"Fabricio Olivetti de Franca","2017-10-07 11:57:53",0.26357,3,olivetti
3874,1075125,"Lan J","2017-11-18 17:32:19",0.26344,11,jianglan2017
3875,1069764,"VISHAL MODAGEKAR","2017-11-29 22:45:36",0.26340,3,vishalmodagekar
3876,1067625,"[Deleted] #20","2017-11-28 04:41:02",0.26335,10,del=c6a8c53f76ed1dd9
3877,972834,"Kunjun Song","2017-11-12 09:00:47",0.26311,20,skjmom
3878,1071366,"Landon P.","2017-11-17 22:35:41",0.26304,18,ldparke
3879,1090520,yossy5439,"2017-11-19 15:59:18",0.26298,2,yossy5439
3880,969194,foolofgod,"2017-10-04 23:27:24",0.26293,1,foolofgod
3881,990286,"YongKai Wong","2017-10-15 06:20:09",0.26287,10,yongkai
3882,1122584,johannesgh,"2017-11-28 14:30:45",0.26281,6,johannesgh
3883,959415,ponpon,"2017-10-12 08:44:55",0.26274,5,ponpon914
3884,964832,"Luckshan Sivakumar","2017-10-03 16:34:40",0.26270,3,luckshan
3885,1009878,jlandaet,"2017-10-19 06:55:37",0.26264,1,jlandaet
3886,1050628,"Tony Anfield","2017-11-10 23:45:43",0.26264,5,dreamerconglin
3887,971162,"Sheldon BBT","2017-10-04 23:06:43",0.26252,4,enescva
3888,1066424,"[Deleted] ade5ee68-c5f0-415e-bab3-b5332d18895e","2017-11-16 13:16:56",0.26240,7,del=555165c9f8c7de0b
3889,971779,FedericoSarrocco,"2017-11-21 20:42:06",0.26234,43,fede2000
3890,1087850,JP,"2017-11-12 20:13:47",0.26227,1,julian3833
3891,1060784,"Markus S.","2017-11-03 16:27:49",0.26223,3,stupidquaker
3892,963500,RajDS,"2017-11-17 03:25:49",0.26222,21,vinurajd
3893,965042,NunoCarvalhoDosSantos,"2017-10-07 20:45:04",0.26221,4,nuniemsis
3894,977206,usul,"2017-11-29 22:35:44",0.26215,5,usul16
3895,1071395,gpellis,"2017-11-29 22:17:00",0.26212,1,gpellis
3896,1074489,HeidiC,"2017-11-15 16:45:34",0.26209,8,heidic20
3897,982221,KanishkPratapSingh,"2017-10-09 21:30:21",0.26206,2,kanishkapsingh
3898,1020020,"Pink Nose","2017-10-25 15:17:19",0.26203,14,"clairewangwang,daniel666"
3899,955386,nikhil11,"2017-10-06 17:40:44",0.26201,9,nikhil11
3900,1041505,Mercenary,"2017-10-27 23:43:48",0.26198,3,mercenary
3901,1048709,NoTeam,"2017-11-07 09:54:42",0.26197,9,"ajithvajrala,amoslayola"
3902,964791,NupurKamble,"2017-10-05 18:53:28",0.26181,2,nupurkamble
3903,960440,"Jelmer Krauwer","2017-10-04 09:29:22",0.26178,5,jkrauwer
3904,971915,"Disruptivos Team","2017-11-13 01:21:09",0.26172,8,"luizkauffmann,megaconde,teocalvo"
3905,955791,sb,"2017-11-05 02:05:38",0.26172,11,sabhalod
3906,963048,"[Deleted] #10","2017-10-05 16:26:39",0.26151,10,del=949ab7e4187bdbb2
3907,994056,weijun,"2017-11-29 07:38:47",0.26150,12,wangweijun
3908,1074548,"Jeffrey Papali","2017-11-16 17:31:52",0.26149,12,jeffreypapali
3909,1043417,"Mike B","2017-11-27 00:14:53",0.26142,5,miketb
3910,1100726,"NITUL WORA","2017-11-29 15:41:35",0.26137,6,nitulkaggle
3911,1076644,PoojaKarande,"2017-11-17 22:59:52",0.26132,27,poojaakaraande
3912,966630,Steven,"2017-10-30 10:43:43",0.26131,5,smaikim
3913,1038221,"Norman Thomas","2017-10-27 14:01:13",0.26126,2,northomas
3914,990189,"Yogi Dhiman","2017-11-29 05:59:15",0.26120,23,ydhiman
3915,965803,"Elizabeth Sam","2017-10-07 20:20:32",0.26116,3,elizabethsam
3916,1085254,"John Malik","2017-11-15 19:55:09",0.26111,5,equivariance
3917,977156,"Alexander Kirichkov","2017-11-08 09:28:58",0.26110,3,akirichkov
3918,954043,"Bruno Nunes","2017-11-06 00:42:51",0.26107,4,bgmnunes
3919,1016720,"Andrei Ivanov","2017-10-20 23:57:51",0.26101,2,andreiivanov
3920,975058,WhyMe,"2017-10-31 19:07:52",0.26100,6,whyme5800
3921,982828,"[Deleted] bd44f55b-b041-4805-81a5-66165573c3bd","2017-10-12 18:56:01",0.26097,1,del=479e3f2486ad8ed6
3922,964451,"Johann Myburgh","2017-10-28 16:47:25",0.26096,4,johannmyburgh
3923,963260,kevingriest,"2017-11-29 23:26:09",0.26093,2,kevingriest
3924,975811,patience,"2017-11-21 14:26:23",0.26093,9,metatron
3925,962695,MoFunt,"2017-10-10 23:28:30",0.26091,5,funtowiczmo
3926,955720,DhruvGuliani,"2017-10-09 22:03:34",0.26088,19,dguliani
3927,975138,"Maria Wellen","2017-10-12 18:16:16",0.26088,4,msmelguizo
3928,1008366,divby0,"2017-11-18 11:54:11",0.26085,3,divby0
3929,965066,VaibhavM,"2017-11-17 11:44:55",0.26082,3,vaibhavm
3930,983418,"Thomas Vetterli","2017-10-11 06:39:20",0.26081,2,thomvett
3931,966998,"Didarul Islam","2017-10-25 16:34:09",0.26076,10,didar1993
3932,991393,"Renan Hidani","2017-11-09 18:01:13",0.26071,38,reyuhi
3933,968462,"Egor Malykh","2017-10-09 00:11:30",0.26069,6,meownoid
3934,1015743,Ekaterina,"2017-10-25 21:53:43",0.26066,1,katerinagurina1995
3935,953148,"Melwin Jose","2017-10-11 02:45:46",0.26064,8,melwinjose
3936,953935,TarekSalhi,"2017-10-23 12:37:29",0.26060,1,tareksalhi
3937,1028376,"shweta agrawal","2017-11-09 08:38:42",0.26054,4,shweta26
3938,1092493,ppassafiume,"2017-11-24 20:24:23",0.26052,10,ppassafiume
3939,991120,hengping,"2017-10-16 13:58:43",0.26050,1,pingheng
3940,956077,Ankush,"2017-10-07 18:42:19",0.26050,5,guniram
3941,1038746,shelleychen,"2017-11-23 20:19:45",0.26049,13,shelleyc
3942,1037072,"Zack Korman","2017-10-27 15:03:10",0.26047,4,zackkorman
3943,975315,"Alexander Nikolin ","2017-11-26 09:23:58",0.26045,6,howuhh
3944,973379,"Vikas Kumar","2017-10-14 08:23:22",0.26033,1,vikas15
3945,1103972,Amby,"2017-11-18 00:56:34",0.26033,6,amberdeep09
3946,1106625,"Patrick Thompson","2017-11-17 21:14:22",0.26030,2,patrickthompson
3947,1067133,inphime,"2017-11-29 22:42:27",0.26028,14,inphime
3948,968515,"Daniele Lubrano","2017-10-11 13:04:38",0.26020,1,lubrano93
3949,979578,"Who's there? O_o","2017-10-13 14:57:08",0.26018,3,asxiii
3950,1034781,"Artem Larionov","2017-11-01 02:47:58",0.26011,7,alarionov
3951,1047971,A-Run,"2017-11-22 05:45:11",0.26003,2,arunnekkalapudi
3952,962437,chylek,"2017-10-06 10:41:14",0.25998,2,chylek
3953,1000004,Tiago,"2017-10-15 00:45:22",0.25997,1,tiagosn
3954,1100268,"xiaoqian yang","2017-11-18 01:15:14",0.25992,7,xyang106
3955,982869,"Team Buckwheat","2017-10-26 23:52:49",0.25986,5,rbovard
3956,1085759,"Siddharth Paryani","2017-11-17 20:58:46",0.25986,6,isidparyani
3957,1057220,jh_cz_ucb207,"2017-11-21 05:14:07",0.25980,4,justineheritage
3958,1001474,Following,"2017-10-21 06:22:00",0.25978,1,following
3959,1063948,"Anton Zal","2017-11-22 01:33:54",0.25974,2,antonzal
3960,999697,"Khari Jarrett","2017-10-22 15:03:01",0.25969,2,kharijarrett
3961,1051464,MetricEntropy,"2017-11-29 23:39:34",0.25968,32,metricentropy
3962,1005192,"Alex Yang","2017-10-16 20:19:17",0.25967,1,alexanderyang
3963,980812,VinceTan,"2017-11-19 15:43:07",0.25967,1,vincetan
3964,994072,"Angel Martinez-Tenor","2017-10-31 10:50:54",0.25965,27,del=0e1b3294464c3687
3965,1012848,Wolverine,"2017-10-19 11:33:56",0.25965,1,deepspacelearning
3966,953408,Cheeyau,"2017-10-31 12:18:50",0.25956,9,cheeyau
3967,956313,"[Deleted] ce87b085-5552-43c3-b3a7-9f34bb893515","2017-11-22 01:09:44",0.25952,17,del=c1f1c0baff372607
3968,1010680,"DataHub MU","2017-11-23 17:34:40",0.25942,4,"bootcha,davidtinka,kubocery"
3969,956810,data-ion,"2017-11-05 10:36:54",0.25938,7,dataion
3970,967219,"Vladyslav Shmyhlo ","2017-10-04 11:31:53",0.25936,4,vshmyhlo
3971,975418,Codename:Duchess,"2017-11-29 06:01:28",0.25934,8,johngiglio
3972,961164,ILYAZhara,"2017-10-04 08:35:39",0.25927,3,del=cca562cfde267e57
3973,1089651,"Tirmidzi Aflahi","2017-11-13 13:23:30",0.25923,4,kuzuryu71
3974,954953,NicolaPivaro,"2017-10-19 10:13:15",0.25915,2,nicolapivaro
3975,968212,"Aditya Thakur","2017-10-05 02:11:14",0.25914,9,del=e5b2d413be97b471
3976,1002380,"Iris Stark","2017-10-21 17:58:38",0.25907,2,irisstark
3977,1087458,"Matt B","2017-11-21 17:18:06",0.25905,3,mcb345
3978,1080656,AkankshaChaudhary,"2017-11-18 03:19:55",0.25904,30,achaud
3979,1038679,PaulF,"2017-11-23 01:22:24",0.25901,6,paulfky
3980,1064458,"It matters...!","2017-11-27 10:48:31",0.25899,39,vishnueaswar2792
3981,965628,nickel,"2017-10-04 17:23:59",0.25894,8,andrey136
3982,1020601,carmelo,"2017-11-10 09:16:55",0.25894,4,theaiacademy
3983,991764,buddi0007,"2017-11-20 20:25:15",0.25893,3,buddi0007
3984,1070785,Akanksha,"2017-11-25 03:21:42",0.25885,20,aks0389
3985,991328,dfgckpsk,"2017-10-11 18:12:01",0.25883,2,dfgckpsk
3986,1106500,ОльгаСилютина,"2017-11-24 13:12:33",0.25883,1,oyasilyutina
3987,989285,AmazonCobras,"2017-11-14 20:06:19",0.25868,11,"arunvadivelu,renatoroschel"
3988,1080426,"Michał Borowiecki","2017-11-10 00:08:22",0.25863,5,mihbor
3989,1110419,notom234,"2017-11-19 12:24:29",0.25856,1,notom234
3990,1041411,"Abelardo Vieira","2017-11-20 02:15:06",0.25854,22,abevieiramota
3991,1063671,"Matt MacLean","2017-11-07 20:14:00",0.25852,4,maclema
3992,972907,locks,"2017-10-25 16:18:46",0.25841,10,locksi
3993,969621,ReidarStrandHagen,"2017-10-08 12:04:01",0.25823,4,reidar
3994,974679,"Ken Norris","2017-10-16 15:36:41",0.25813,11,kjnorris
3995,1057094,"Data Monks","2017-11-17 20:27:08",0.25790,2,"asinghvi,hemanthsharma,vinitachakilam"
3996,989160,"Competition 4-3","2017-11-04 03:10:43",0.25779,6,"duncanrule,rlm4bj,yhao123"
3997,972674,"Shum Pathy","2017-11-08 06:20:07",0.25773,10,shumpathy
3998,967609,"Carson McManus","2017-10-05 19:15:40",0.25764,11,rollthedyc3
3999,1145297,"Ricardo Primi","2017-11-29 20:53:56",0.25748,3,rprimi
4000,969880,cdel,"2017-10-22 14:08:49",0.25747,2,cdelabre
4001,973853,"Michael Hsieh","2017-10-15 14:46:50",0.25739,6,twmicrosheep
4002,1091270,rkopecky,"2017-11-26 23:59:33",0.25738,6,rkopecky
4003,1091890,"Daniel Sharp","2017-11-15 22:41:36",0.25736,2,dsharpc
4004,1036791,RSolaire,"2017-11-24 15:09:45",0.25733,8,flzieg
4005,1076955,"YuTing Huang","2017-11-17 16:49:12",0.25730,4,tammish
4006,994647,"Competition 4-8","2017-11-02 18:46:25",0.25729,8,"eih2nn,elaineliuyj"
4007,975106,sandoronodi,"2017-10-19 22:08:42",0.25717,2,sandoronodi
4008,968920,Sbspat,"2017-11-22 13:17:16",0.25716,6,sbspat
4009,984474,ParthaTalukder,"2017-11-14 04:53:06",0.25715,2,partha1234
4010,1008399,kaushikishar,"2017-11-29 19:15:03",0.25705,7,kaushikishar
4011,956520,"Marcin Pionnier","2017-10-06 13:54:34",0.25704,6,mpionnier
4012,985566,JørgenGrav,"2017-10-17 23:34:38",0.25702,4,jorgengrav
4013,960561,"Radim Sykora","2017-10-08 21:15:57",0.25702,3,radim04
4014,982045,KosukeKurihara,"2017-10-17 22:20:04",0.25699,12,kskkrhr
4015,1085112,"Esha Deshpande","2017-11-18 00:28:35",0.25698,9,eshadeshpande23
4016,1072966,"IMT - Fouille de données","2017-11-29 03:18:52",0.25693,15,"deriyaki,eagmunoz,leonardoregino"
4017,1051661,HarshitMehta,"2017-11-28 03:21:58",0.25676,15,harshit92
4018,1090222,Viator,"2017-11-14 12:01:28",0.25676,3,viator
4019,1009864,"Steven Mark Ford","2017-10-22 15:09:38",0.25675,12,stevenmarkford
4020,1044285,"Michael Ye","2017-11-16 10:56:19",0.25671,2,y46yeh
4021,1081187,RosalieYu,"2017-11-18 04:28:58",0.25663,5,rosalieyu
4022,975132,Cyrilus,"2017-11-27 06:56:28",0.25663,18,cyrilus
4023,999296,"Mintae Kim","2017-11-13 09:32:34",0.25656,4,kimmintae
4024,1024402,"Dmitrii Datsenko","2017-10-23 19:57:30",0.25653,4,dmitriidatsenko
4025,1026023,dataWayne,"2017-11-09 15:37:01",0.25637,17,waynezh
4026,964753,AbhishekAgrawal,"2017-11-01 19:21:27",0.25633,15,agrawalabhi
4027,1077710,ChanatipSaetia,"2017-11-27 21:56:39",0.25632,14,chanatiptia
4028,987694,santab,"2017-11-29 12:53:15",0.25619,1,sayantanb
4029,1005809,queirozfcom,"2017-10-29 03:42:11",0.25611,34,queirozfcom
4030,984499,Artemida,"2017-10-12 13:53:29",0.25602,1,artemida
4031,965903,andreybulezyuk,"2017-11-05 21:19:51",0.25597,17,andreybulezyuk
4032,1098839,"Chandrakanth Saravanan","2017-11-18 00:38:03",0.25596,11,chandra180266
4033,1004464,Nelson,"2017-10-31 02:35:09",0.25596,1,nrsalinas
4034,1074852,"[Deleted] 4dec6486-bedb-4150-91f9-5be34a6035ac","2017-11-27 03:14:29",0.25569,7,del=aaa374c43575999a
4035,970758,PetriROI,"2017-11-17 22:04:14",0.25569,4,petriroi
4036,1052379,"Murong He","2017-11-18 04:59:57",0.25563,13,minnymate
4037,974885,HDT,"2017-11-21 06:14:19",0.25554,18,"rahulbajaj83,singhdev"
4038,1107240,houdini72,"2017-11-18 02:12:37",0.25553,5,houdini72
4039,988645,balleand,"2017-10-13 10:09:48",0.25546,1,balleand
4040,964967,tbond007,"2017-10-26 09:33:02",0.25544,3,tejaswibonde
4041,970127,DaveZahedi,"2017-10-12 09:10:22",0.25540,32,dzahedia
4042,1061155,"Etu E","2017-11-29 02:02:54",0.25534,2,etujnr
4043,971438,FranciscoLima,"2017-10-22 06:31:32",0.25530,6,monogenea
4044,1000707,Sniper,"2017-11-04 19:42:31",0.25525,5,sreekantht
4045,964659,"[Deleted] ddb00a1f-93bd-4fa4-899d-d69f91380747","2017-10-07 18:05:01",0.25515,10,del=135c718326c7bab7
4046,1007398,patsyuck,"2017-10-23 13:35:35",0.25512,13,patsyuck
4047,964284,"Safe Drivers?","2017-11-24 05:22:31",0.25511,10,armanjupriya
4048,1077742,"Anoop Thirthahalli Sundaresh","2017-11-18 18:39:31",0.25506,6,anoopsundaresh
4049,1104648,Manas,"2017-11-18 00:04:41",0.25501,5,manasrmishra
4050,1010653,ChipMonkey,"2017-10-25 20:16:33",0.25498,2,chipmonkey
4051,955690,taindow,"2017-10-24 07:00:05",0.25491,11,taindow
4052,1083323,"zimo liu","2017-11-17 00:38:08",0.25485,11,zliu157
4053,968814,"Sriramjee Singh","2017-11-17 06:54:34",0.25483,2,sriramjee
4054,1091048,Lotus,"2017-11-14 13:23:53",0.25479,3,vikash
4055,994370,"AMDA Jaspers","2017-11-29 22:08:57",0.25477,29,"angelpineda,gregzajac,roccoapascale,tkalden99,tsalk13"
4056,1083171,"Matt Gardner","2017-11-17 22:15:42",0.25473,4,mattgardner
4057,1076895,kritikatyagi,"2017-11-17 23:03:41",0.25458,9,kritikatyagi
4058,960695,Nikolay,"2017-10-03 01:09:02",0.25453,1,dorgun
4059,1046934,"Mauricio Zambon","2017-11-12 18:33:26",0.25453,10,harken
4060,996412,Calvin,"2017-10-14 05:34:19",0.25433,4,cspng1
4061,990518,"Sunny Lam","2017-11-08 08:11:19",0.25426,1,slamnz
4062,1045340,k1414st,"2017-11-08 22:18:38",0.25423,2,k1414st
4063,962197,"Jose Martinez","2017-10-02 22:12:08",0.25420,3,josemartinez
4064,979413,"Yurii Rebryk","2017-10-07 13:08:49",0.25418,3,rebryk
4065,990818,Abolfazl,"2017-11-09 14:46:44",0.25417,5,abolfazl
4066,961140,小数,"2017-10-08 04:01:26",0.25408,16,xiaoshubangni
4067,1021884,"Adriano Bonacin","2017-10-24 02:08:30",0.25408,3,abonacin
4068,976986,shanaka,"2017-10-19 02:45:37",0.25408,7,shanaka
4069,1049118,"Andrey Ivanov","2017-11-04 12:58:36",0.25405,1,amivanov
4070,1030231,"Valentin Tisseyre","2017-11-28 22:12:04",0.25397,3,vtisseyre
4071,1118570,"Ryo Sakamoto","2017-11-29 13:04:52",0.25395,14,mocchan
4072,1023711,zizhazhu,"2017-10-23 11:21:49",0.25393,1,zizhazhu
4073,970027,"Arunava Deb","2017-11-23 08:09:33",0.25363,1,debarunava
4074,981773,SaurabhPriya,"2017-10-08 21:54:14",0.25362,3,saurabh167
4075,967915,"Rashmi Ranjan Bhuyan","2017-10-04 15:52:45",0.25361,1,rrbhuyan
4076,1023457,BenjaminLucier,"2017-10-29 20:51:45",0.25356,13,benjaminlucier
4077,1014446,kaggleishard,"2017-10-28 02:33:26",0.25354,2,triast
4078,1006990,"Naoki Shibuya","2017-11-20 07:21:44",0.25351,3,naokishibuya
4079,971493,Gullfaxi,"2017-11-08 23:35:14",0.25348,3,gullfaxi
4080,1012806,OneOneZero,"2017-11-07 11:59:34",0.25344,7,oneonezero
4081,976549,Amalraj,"2017-11-27 08:49:17",0.25337,6,amalrajmorais
4082,962604,"David Anderson","2017-10-11 13:46:28",0.25337,5,davidranderson
4083,975020,"Tanuj Jain","2017-10-14 17:18:25",0.25335,9,tanujjain
4084,1078143,Amber,"2017-11-16 14:43:49",0.25334,16,adeep2
4085,963177,jburbridge,"2017-10-06 03:49:40",0.25334,20,jburbridge
4086,973275,anirudhkunte,"2017-11-14 06:33:44",0.25331,3,anirudhkunte
4087,1026832,"Lisa KH","2017-11-27 03:04:05",0.25327,13,lisakh
4088,990594,cbuser,"2017-10-12 06:03:58",0.25325,3,cbuser
4089,994809,"Competition 4 team 2","2017-11-03 14:12:25",0.25320,19,"jimx19,schoolam6ku,tal3fj"
4090,1024744,datadavis,"2017-11-19 12:55:37",0.25300,13,chris42
4091,1003037,pastmaster,"2017-10-25 07:42:44",0.25300,1,pastmaster
4092,999710,АлексейЧудинов,"2017-10-20 21:33:39",0.25298,8,iskees
4093,972968,ank25,"2017-10-28 12:02:44",0.25289,2,ankit25
4094,963496,Richardlin,"2017-10-05 06:58:27",0.25287,1,richardlin
4095,1071885,jzhang,"2017-11-08 13:34:58",0.25279,1,jzhangcloud
4096,963335,slartibartfast71,"2017-10-03 02:14:53",0.25277,2,slartibartfast71
4097,962511,"Gustavo Bernardo","2017-10-04 04:19:06",0.25265,1,gustavodgbernardo
4098,980167,m120092,"2017-10-11 17:15:02",0.25261,5,m120092
4099,981313,ankitdhiman,"2017-10-08 18:37:31",0.25258,2,ankitdhiman
4100,966872,euklid,"2017-11-01 10:59:56",0.25258,2,euklid
4101,957492,"Renjie Qian","2017-10-04 08:35:43",0.25257,2,rjqian
4102,962487,"Maksym Kysylov","2017-11-07 07:49:23",0.25256,1,maxk22
4103,1078925,kreshnaaraam_sb,"2017-11-09 14:05:35",0.25253,3,kreshraam
4104,985634,"Kyryl Ielizarov","2017-10-20 10:52:51",0.25250,5,kyrylielizarov
4105,1010149,"Andrew Chisholm","2017-10-22 12:36:49",0.25248,3,awchisholm
4106,977732,vreyesos,"2017-11-09 12:38:57",0.25246,1,vreyesos
4107,1019285,Katka,"2017-10-21 16:55:49",0.25238,5,katka189494
4108,989770,brunopauka,"2017-10-22 15:21:48",0.25223,4,brunopauka
4109,992700,"Jae-Hyuck Park","2017-10-26 07:33:47",0.25218,1,jaehyuck0103
4110,998580,"Asetti Veera Naga Sri Harsha","2017-10-26 14:26:34",0.25218,3,avnsharsha
4111,1077145,Hicham,"2017-11-23 15:46:44",0.25213,5,ashoffire
4112,954109,claudiosantos,"2017-09-30 22:31:53",0.25212,2,cfsantos
4113,1013754,"Harie Srinivasa B R","2017-10-20 22:31:17",0.25208,4,hariebr
4114,1113153,amit50,"2017-11-21 00:14:29",0.25205,4,amit50
4115,1078824,"Haziq Ali","2017-11-17 15:01:53",0.25198,5,haziqali
4116,1008011,"Ivan Marevic","2017-10-18 23:26:41",0.25190,3,imarevic
4117,1052039,Triturus,"2017-11-27 21:00:32",0.25185,7,triturus
4118,963010,"Tim Retout","2017-10-05 21:10:59",0.25185,2,timretout
4119,1061907,"A Hille","2017-11-04 10:33:03",0.25175,7,ahille
4120,1041589,"Anastasia Vishnyakova","2017-11-07 23:27:10",0.25171,2,anastasiavishnyakova
4121,1077093,vivekvs,"2017-11-15 18:41:12",0.25162,14,vivekvs
4122,1078146,Yu-Ting,"2017-11-15 05:19:44",0.25155,14,yutingchang
4123,973635,"Max K","2017-11-14 12:33:35",0.25149,7,kma504
4124,953824,Madriss,"2017-09-29 22:31:52",0.25143,1,madriss
4125,955685,"Shubham Agrawal","2017-09-30 15:44:33",0.25143,1,shubhamagrawal
4126,1047375,"Joey Lafleur","2017-11-13 20:08:04",0.25140,13,rjock77
4127,1056545,takkii,"2017-11-20 13:53:12",0.25138,3,takizawa
4128,977006,rwf2992,"2017-10-11 20:33:50",0.25137,2,rwf2992
4129,997407,Competition4-9,"2017-11-03 00:28:08",0.25131,13,"jcruser,kiaduan"
4130,960833,"Lyes Khalil","2017-10-17 13:44:29",0.25130,11,lyeskhalil
4131,965913,Soroush,"2017-10-10 08:32:34",0.25123,3,soroush361
4132,992628,final,"2017-10-30 10:00:32",0.25115,1,langjingxiang99
4133,1123442,emli00,"2017-11-28 03:32:23",0.25115,2,emli00
4134,1047139,mouse1231,"2017-10-31 23:13:02",0.25114,1,mouse1231
4135,1096904,OpGo,"2017-11-15 18:03:24",0.25113,2,mtdp2017
4136,1019789,ArthurPASTEL,"2017-10-21 17:52:28",0.25112,1,rocket420
4137,967633,xinyu,"2017-10-19 16:57:19",0.25111,2,xinyu941
4138,991342,varg54,"2017-10-23 13:33:25",0.25110,23,varg54
4139,1005685,zhanyi658657,"2017-10-23 09:23:13",0.25105,4,zhanyi658657
4140,959079,"Olivier Chadenat","2017-10-04 20:00:03",0.25104,4,chadenat
4141,1057250,JamesDiotte,"2017-11-01 23:18:59",0.25103,3,jad2192
4142,1029728,"Ashish Sehgal","2017-11-20 12:44:56",0.25103,2,ashishsehgal
4143,972464,TerryDuan,"2017-11-10 05:22:32",0.25098,3,terryduan
4144,1083199,"Tony Yam","2017-11-17 22:47:42",0.25096,7,tony6767100
4145,989317,Jawad,"2017-10-10 21:25:32",0.25094,1,mjawad
4146,1013569,Convalytics,"2017-10-23 15:53:19",0.25094,4,convalytics
4147,967304,onepau,"2017-10-16 11:59:39",0.25094,4,onepau
4148,981610,"Ahmet Burkay KIRNIK","2017-10-22 14:46:23",0.25093,1,burkaykirnik
4149,1065940,"Luis Alberto Carranza Cobeñas","2017-11-06 14:12:50",0.25093,3,locoxsoco
4150,1043708,JoshuaEmakhu,"2017-11-29 20:38:04",0.25093,4,emjosh13
4151,1099743,jhcxy1911,"2017-11-17 03:16:37",0.25093,9,jhcxy1911
4152,969842,"Jonathan Callan","2017-11-20 12:33:25",0.25093,8,kalmerrick
4153,1047367,"Franco Palomino","2017-10-30 03:32:26",0.25093,1,francopalomino
4154,1114382,"David Veiga","2017-11-21 17:18:10",0.25093,4,davidveiga
4155,1110429,"Matt Millican","2017-11-26 20:15:24",0.25091,6,millimat
4156,967149,vladkha,"2017-10-06 15:26:40",0.25091,2,vladyslavkha
4157,959766,"Steve George","2017-10-03 16:49:36",0.25091,7,iamstevegeorge
4158,1061929,ManuelM,"2017-11-03 13:49:38",0.25089,3,manuelme
4159,969990,vijaykumar,"2017-10-04 15:08:54",0.25085,2,vijaykumar123
4160,1126344,yuya178,"2017-11-24 15:51:19",0.25079,6,yuya178
4161,976949,SafilPM,"2017-10-10 08:07:51",0.25073,3,safilpm
4162,1038889,FelipeZschornackRSaraiva,"2017-11-27 01:14:21",0.25065,5,fzschornack
4163,963134,"Bill CX","2017-10-05 15:56:17",0.25060,1,billchenxi
4164,979409,VitaliyPoletaev,"2017-10-07 12:50:34",0.25058,1,del=4f04394f882d7953
4165,977511,"Vladimir Yashin","2017-10-07 11:01:50",0.25047,2,vdyashin
4166,969989,maverick16,"2017-11-12 23:25:17",0.25043,3,maverick16
4167,985445,"Wong Chi Hang Fan Club","2017-11-01 08:46:12",0.25041,2,"ben181231,benho15027668g"
4168,1012245,d-h-e,"2017-10-23 04:47:22",0.25032,4,dh2016
4169,970640,Jida,"2017-11-21 18:16:19",0.25030,3,jidathada
4170,967235,Thuat-PavenDo,"2017-10-06 17:09:02",0.25020,6,thuat86
4171,996797,Adam69,"2017-10-13 19:54:17",0.25019,2,rastignac6969
4172,965402,arpitg91,"2017-11-23 01:11:07",0.25015,5,"arpitg91,shubham01"
4173,970623,EnderWiggin,"2017-11-01 13:56:35",0.25014,2,ausden321
4174,1013532,"Charles Rickard","2017-10-20 21:43:08",0.25009,2,rickac
4175,1095127,"Bharat Sharma","2017-11-18 06:01:45",0.25009,10,bsharm14
4176,969075,Datalove,"2017-10-17 03:42:50",0.25006,3,purushottamsinha
4177,1071055,"Data analysis","2017-11-14 00:58:04",0.25006,4,"lakshmidurga62,roobiya16"
4178,1077707,"jay patel","2017-11-16 00:15:38",0.24998,10,jayspatel95
4179,964908,Tunthey,"2017-10-14 21:19:00",0.24998,21,tunthey
4180,1106385,sushantk,"2017-11-17 18:52:39",0.24996,5,sushantk
4181,968806,"Francisco Mendez","2017-10-11 05:19:21",0.24995,4,fcostartistican
4182,985642,vksah32,"2017-10-18 01:33:49",0.24980,2,vksah32
4183,1019798,"Gilberto Kaihami","2017-10-21 22:31:40",0.24970,4,gilbertokaihami
4184,1002477,DD,"2017-11-26 12:21:15",0.24963,9,dmitry2015
4185,964009,mrod117,"2017-10-09 05:34:37",0.24961,1,mrodda117
4186,1077250,"Ankur M","2017-11-17 00:46:54",0.24958,12,ankurmittal13
4187,1049960,"Abdul Rehman","2017-10-30 19:10:19",0.24954,1,arusmani
4188,971157,"Chris Reiner","2017-10-05 03:06:36",0.24952,3,cjreiner
4189,985529,JasonWei,"2017-10-17 22:15:51",0.24942,3,jwei20
4190,1000586,Ecsys,"2017-10-22 22:24:23",0.24938,5,ecsysio
4191,1026904,"Arkham Analytics","2017-11-08 03:00:04",0.24937,12,skloese
4192,966859,Pedrop,"2017-10-07 17:58:08",0.24929,3,pedrop
4193,969595,SteveKane,"2017-10-14 18:52:33",0.24928,1,abednadir
4194,1058711,"James R.","2017-11-28 06:10:39",0.24920,13,jamesrak
4195,1000499,JanuaryJune,"2017-10-16 12:26:46",0.24917,4,januaryjune
4196,972541,HuwCampbell,"2017-10-06 02:34:08",0.24912,1,huwcampbell
4197,1017179,Lyth,"2017-10-26 15:52:08",0.24907,5,"cloudly,zeenzuft"
4198,965041,VigneshwarThiyagarajan,"2017-10-10 05:18:13",0.24900,7,vigneshwart
4199,1003854,VickyMA,"2017-10-23 02:35:50",0.24900,7,yujingma
4200,970130,VivekSharma,"2017-10-16 08:00:02",0.24900,10,viveksharmasjr
4201,968254,mda,"2017-10-22 20:39:52",0.24898,2,mda2015
4202,1095054,"Dhruv Sharma","2017-11-17 21:59:55",0.24890,5,dsharm26
4203,1083451,"Naveen Maharshi","2017-11-16 05:54:21",0.24887,7,naveenmaharshi
4204,1017308,"Jianqiu Kong","2017-11-04 19:37:08",0.24884,2,kongjianqiu
4205,1065939,Lbit,"2017-11-07 02:02:05",0.24884,4,lbitphantom
4206,1013537,"J.Y. Chen","2017-10-19 18:00:27",0.24883,1,juaychen2016
4207,1025277,"Álvaro Silva","2017-10-30 17:42:11",0.24882,2,ricostynha
4208,1006479,"[Deleted] 59c32bb7-6426-447e-a8bf-04568e0a53ae","2017-11-13 04:31:19",0.24882,3,del=341231985486173e
4209,1054281,"Kevin Wong","2017-11-04 05:40:46",0.24880,1,kevinwong
4210,1021106,"Lynn Cheng","2017-10-22 06:10:52",0.24878,5,lynncheng
4211,1017569,"[Deleted] dc3eed59-6b28-4df8-90fd-b45f719db117","2017-10-22 13:52:36",0.24876,9,del=1c60b9c2760c234d
4212,977866,Haloom,"2017-10-24 19:00:27",0.24875,1,shohkhan
4213,1024806,"David Wagner","2017-10-26 13:05:40",0.24872,3,waldenandberry
4214,1010752,"Ben C","2017-10-19 20:55:25",0.24872,2,del=e0c442d82a7c4e8d
4215,1049165,"Lukanin Artem","2017-11-14 14:55:36",0.24870,14,artemipt
4216,1021081,"Shirley Wang","2017-10-22 07:00:13",0.24870,2,shirleywang27
4217,958137,Pratik,"2017-10-03 23:25:37",0.24870,6,pratik
4218,981861,alch84,"2017-10-08 23:58:42",0.24870,1,alch84
4219,970514,Karthikeyan,"2017-11-09 15:15:45",0.24870,3,krkarthikeyan
4220,1101970,"Matthew Sisco","2017-11-24 03:40:43",0.24870,13,matthewsisco
4221,1103959,"Ian Flores","2017-11-17 05:58:18",0.24870,3,ianflores
4222,977606,irina.b,"2017-10-06 16:54:38",0.24870,1,barbuirina19
4223,1049707,"Kishore Kumar","2017-11-04 11:44:17",0.24870,1,kishore6157
4224,1074264,"3 Idiots","2017-11-28 21:34:26",0.24870,1,rayan1212
4225,963701,Flatball,"2017-10-03 12:11:32",0.24869,1,flatball
4226,1038274,amitagni,"2017-11-29 11:42:47",0.24869,5,amitagni
4227,1008717,DKG,"2017-11-14 20:57:41",0.24869,6,"ivendatsci,junwenhuang"
4228,1067873,"Liz Chen","2017-11-13 05:11:27",0.24869,2,lizchenyimei
4229,962330,"Adam Kruchten","2017-10-13 03:05:32",0.24869,2,thekrouton
4230,967696,BrunoDaniel,"2017-10-03 18:17:12",0.24869,1,brunodaniel
4231,967634,vastav009,"2017-10-17 21:59:44",0.24869,1,sri009
4232,1014450,Rafael_Rodrigues_Troiani,"2017-11-03 02:02:06",0.24869,2,rafatro
4233,1086422,"Anis Shaikh","2017-11-12 07:36:46",0.24869,1,ashaik65
4234,978618,"Vinicius Alves","2017-10-07 03:14:04",0.24868,1,viniva
4235,1059178,Falktan,"2017-11-03 14:42:56",0.24864,1,falktan
4236,969413,agRAWal,"2017-10-19 08:31:37",0.24861,1,sagwl96
4237,977741,gracelena,"2017-11-25 13:34:09",0.24854,7,gracelena
4238,966172,Rakesh,"2017-10-06 12:28:49",0.24847,2,rakeshbhat9
4239,1060262,"Remko Weijers","2017-11-06 20:36:43",0.24846,5,remkow
4240,1123579,rpuma,"2017-11-29 20:16:09",0.24846,1,rpuma125006
4241,1079724,StevenMa,"2017-11-18 00:23:23",0.24835,15,stevenma
4242,1091468,SergLerK,"2017-11-29 23:55:57",0.24826,5,serg333
4243,986795,ShudharsananMuthuraj,"2017-10-16 16:25:41",0.24825,2,shudharsanan
4244,968779,TIL,"2017-10-21 18:48:39",0.24820,4,tomlim
4245,969597,RodrigoMurillo,"2017-10-16 03:48:38",0.24817,1,rodrigomurillo
4246,966208,EdEastwood,"2017-10-08 17:57:16",0.24814,1,edeastwood
4247,1003786,PEISHANLYU,"2017-10-18 13:14:47",0.24811,6,peishanlyu
4248,1013363,"ML Kids","2017-11-29 17:48:04",0.24805,40,mlkids
4249,1021983,The_Man,"2017-11-22 16:42:17",0.24800,6,user001
4250,1060712,JakubKoubele,"2017-11-03 14:51:09",0.24795,2,jkoubele
4251,953635,"Alvin Au","2017-10-05 19:34:44",0.24785,1,asau91
4252,994402,AbhayChaudhary,"2017-10-16 16:08:05",0.24784,5,bluemachine
4253,973991,PYensin,"2017-10-05 12:15:33",0.24770,1,pyensin
4254,968143,"Michael Morrow","2017-10-14 15:56:39",0.24769,4,michaelmorrow
4255,953959,"Terry Verner","2017-11-20 02:54:00",0.24766,2,tverner40
4256,1036168,ebdd0304e745872f59bc5597a2f20fb9f7a5a8a704098a5aedbb0bcefc24d11b,"2017-10-27 19:33:22",0.24753,2,lifepreserver
4257,962387,RichardLuo,"2017-10-14 04:44:54",0.24748,2,madcarrot
4258,1046207,MSUTP_PAchonMateus,"2017-11-29 05:44:45",0.24747,6,camilomateus
4259,979254,ごらたけ,"2017-11-03 03:01:00",0.24730,20,graythunder
4260,979928,"Muhammed Buyukkinaci","2017-10-29 20:41:14",0.24729,3,mbkinaci
4261,963298,Chanah,"2017-11-02 00:46:36",0.24716,5,chanah
4262,1106890,dhruvsharma3110,"2017-11-18 06:27:55",0.24711,4,dhruvsharma3110
4263,975266,SebastianJoseTeranHidalgo,"2017-10-12 21:52:43",0.24693,7,seborinos
4264,965633,ywx_,"2017-11-04 18:48:52",0.24692,9,yuanwxu
4265,1086762,PoojaNagaraj,"2017-11-18 00:08:11",0.24685,7,poojanagaraj
4266,1121261,theDodd,"2017-11-29 08:28:40",0.24681,1,briandodd
4267,994325,DhanushanthPushparajah,"2017-10-15 15:06:27",0.24679,2,dhanushanth
4268,964617,"Ashutosh Sanzgiri","2017-10-11 06:59:19",0.24672,6,sanzgiri
4269,969220,"Janardhana Punuru","2017-10-17 23:34:00",0.24659,12,jpunuru
4270,954235,oyamat,"2017-11-21 04:04:59",0.24653,2,oyamat
4271,1091112,"Giana Ludovico","2017-11-17 09:50:01",0.24648,5,gludovico
4272,1085527,"Wendy He","2017-11-17 21:32:51",0.24643,15,wenxuan1
4273,1095180,"Muning Li","2017-11-18 00:49:13",0.24640,7,muningmor
4274,1088217,Naren,"2017-11-22 03:33:46",0.24637,18,meetnaren
4275,1025792,"Ricardo Alves","2017-11-24 14:25:49",0.24630,3,ricardoalves
4276,1094741,tangeloliang,"2017-11-18 01:00:56",0.24626,21,tangeloliang
4277,1008034,ruiboshang,"2017-10-17 20:21:23",0.24621,3,ruiboshang
4278,970150,omaths,"2017-10-13 08:27:06",0.24621,3,omaths
4279,980240,GregTreleaven,"2017-11-22 15:53:29",0.24607,8,gdtree
4280,1089473,"Rupesh Prasad","2017-11-14 12:39:41",0.24602,4,rp8081
4281,1072888,TenYun,"2017-11-07 13:02:42",0.24593,1,landuy
4282,993919,"Chandra Bhanu Jha","2017-11-03 15:29:08",0.24588,2,chandrajha
4283,975347,ClevelandDataScience,"2017-10-21 15:26:13",0.24585,3,takuyasakaguchi
4284,993557,"Paolo Graniero","2017-10-13 18:26:02",0.24547,2,polkox928
4285,1004544,"Fabio Grassi","2017-10-17 12:44:59",0.24547,2,fg1983
4286,1092000,ziyangqiu,"2017-11-17 21:25:24",0.24544,5,ziyangqiu
4287,1007447,Viyaleta,"2017-10-25 18:26:50",0.24537,6,viyaleta
4288,973499,birolkuyumcu,"2017-10-05 11:25:16",0.24537,3,birolkuyumcu
4289,1088142,"Eileen J","2017-11-15 06:39:25",0.24532,10,xjiang33
4290,1103067,dkopeck24,"2017-11-27 00:26:56",0.24529,3,dkopeck24
0,886330,"Random Forest Benchmark","2017-08-31 18:56:56",0.24529,1,inversion
4291,1001639,uudd,"2017-10-22 19:41:29",0.24518,1,daredavil
4292,1030544,huwalaumba,"2017-11-01 17:17:47",0.24511,2,ranggarmaste
4293,974623,Evgeny,"2017-11-06 09:22:35",0.24502,14,del=3b2fa0c1b0169fb1
4294,988863,"Shaun Sengupta","2017-10-17 22:13:50",0.24502,2,shaunsengupta
4295,967997,JLacko,"2017-10-24 18:16:16",0.24496,5,jlacko
4296,1017523,Cheslav,"2017-11-06 17:25:50",0.24487,1,cheslav
4297,1082891,"Michael Ward","2017-11-17 21:01:38",0.24485,1,mrward5
4298,1010719,GD9878,"2017-11-29 05:37:14",0.24467,7,gavindias7
4299,954869,Vibhatsu,"2017-11-22 06:40:32",0.24466,6,vibhatsu
4300,992739,"Rob D","2017-11-25 02:06:34",0.24465,1,elcocodrilo
4301,1027304,SatoshiK,"2017-10-31 04:45:22",0.24460,1,satoshik
4302,1112995,Emily,"2017-11-24 03:18:45",0.24447,2,anthree
4303,1089359,Aakanksha,"2017-11-18 03:05:11",0.24439,1,aajha1
4304,1008290,"Matteo Pelagatti","2017-11-03 16:01:11",0.24420,1,matteopelagatti
4305,983665,Sid,"2017-10-17 22:03:07",0.24394,3,sjandhy
4306,1054795,"Gregorius Edward","2017-11-16 03:48:33",0.24380,11,egregori
4307,1009955,emmmm,"2017-10-19 08:44:03",0.24359,3,emmmme
4308,955868,AdamBailey,"2017-10-08 22:13:24",0.24358,6,adamb91
4309,967469,Bisil,"2017-10-10 10:49:49",0.24342,5,bisili
4310,1020735,"Shijia Hu","2017-10-22 23:12:02",0.24339,5,mccourt
4311,970225,Rudyar,"2017-10-04 15:29:02",0.24334,1,rudyar
4312,970876,GeorgeAbouKassm,"2017-10-15 20:57:28",0.24331,6,georgegak
4313,1007743,"Steve Liu","2017-10-22 23:05:51",0.24327,4,steveliu
4314,1092766,"Tae Min Kwak","2017-11-14 06:08:24",0.24321,1,kwak914
4315,971084,NeverWalkAlone,"2017-10-09 17:37:58",0.24320,7,ysebiat
4316,980888,MSUTPACardozoOscar,"2017-11-29 17:38:47",0.24308,4,msutpacardozooscar
4317,1059310,"Pedro Ivo Braun","2017-11-12 22:09:45",0.24297,5,pivobraun
4318,965847,JohnsonV,"2017-10-12 13:46:37",0.24293,7,mailjohnsonv
4319,1052429,"Ivan Trusov","2017-11-13 15:44:32",0.24287,1,renardeinside
4320,1011740,"Yi Zhou","2017-10-23 00:08:31",0.24284,2,jozy0123
4321,993413,Aprameya,"2017-11-29 10:33:37",0.24284,15,datalordz
4322,1091981,"Paresh Saxena","2017-11-21 01:55:20",0.24279,2,saxenaparesh
4323,996889,"Cameron Planck","2017-10-20 21:12:25",0.24274,10,planckc
4324,1024321,mkgrei,"2017-10-24 15:26:05",0.24265,1,mkgrei
4325,985653,"Stereo Bagels","2017-10-17 22:49:19",0.24265,2,jordant
4326,962116,mrnaught,"2017-10-23 01:48:42",0.24260,8,mrnaught
4327,1053334,"Mike Liu","2017-11-29 23:11:28",0.24250,5,mikealive
4328,1018145,KaggleKrows,"2017-11-04 20:14:24",0.24227,2,"cchrysosostomou,myz540,tpatch"
4329,966481,iteglas,"2017-10-28 20:07:45",0.24221,15,iteglas
4330,970535,Lasmali,"2017-10-06 08:35:08",0.24219,2,lasmali
4331,988650,"David Clemens-Sewall","2017-10-17 20:47:50",0.24215,2,davidclemenssewall
4332,1099602,kkkkkk,"2017-11-16 04:38:34",0.24211,1,kkkkkkkkkkkkkkkk
4333,969225,"Holger Paas","2017-11-20 20:15:26",0.24189,4,del=9a20f344425f0fbf
4334,963846,"Naveen Kumar","2017-10-04 17:51:33",0.24146,4,naveenbanda
4335,990930,"Yassine AMALIKI","2017-10-11 13:29:28",0.24141,1,yassineam
4336,981015,"Ahiale Darlington","2017-11-26 17:54:57",0.24117,1,elikplim
4337,955656,YuriyAP,"2017-10-09 01:42:37",0.24103,1,yuriyap
4338,973547,dineshram,"2017-10-06 05:03:22",0.24063,1,dineshram
4339,989932,sylviabbbear,"2017-10-11 04:48:03",0.24053,1,xiongj22
4340,963770,"Praneet Marathe","2017-11-16 01:33:39",0.24051,2,praneetmarathe
4341,993775,aminos,"2017-11-23 15:22:23",0.24045,15,amineteffal
4342,963483,drewdollas,"2017-10-03 02:08:48",0.24044,1,drewdollas
4343,983611,kimnewzealand,"2017-11-12 22:12:36",0.24040,8,kimnewzealand
4344,1026728,"James Cann","2017-11-18 19:02:24",0.24011,36,darkredhorse
4345,988088,"Shaun Loong","2017-11-23 03:43:24",0.23998,8,slmf1995
4346,956799,Kotomord,"2017-10-30 02:21:29",0.23991,4,kotomord
4347,966022,"Gokul Krishnaa","2017-10-20 07:14:23",0.23989,1,gokulkrish
4348,1090712,"Samyuktha Balaji","2017-11-20 15:50:38",0.23976,11,samyukthabalaji
4349,964606,"Alok Kumar","2017-10-27 19:50:39",0.23974,21,clair513
4350,1067484,krishnakalyan3,"2017-11-26 11:03:24",0.23967,1,krishnakalyan3
4351,999864,"fafafa fafafafa","2017-10-14 21:55:17",0.23957,5,abendorf
4352,1089632,Deva,"2017-11-19 09:13:11",0.23935,1,devarajan
4353,983185,"Pedro Buarque","2017-10-15 05:59:11",0.23894,9,pedrojbl
4354,964610,Chathuranga,"2017-10-07 21:29:22",0.23888,3,chathurangac
4355,967267,drcdh,"2017-10-04 18:08:29",0.23882,3,drhunter
4356,1083693,adeline991,"2017-11-18 03:09:42",0.23864,7,adeline991
4357,966530,"Kevin Garnett","2017-10-03 14:08:54",0.23864,1,kevingarnett
4358,975008,JackGang,"2017-10-06 18:28:17",0.23863,6,peyo212
4359,978463,"LSC Pupils","2017-11-07 15:30:28",0.23849,27,"gabrielmaidl,jpierezan"
4360,1110873,ksb209755,"2017-11-20 17:46:09",0.23849,8,ksb209755
4361,970189,"Buddhika H. Kasthuriarachchy","2017-11-09 06:31:38",0.23845,21,kasthuribh
4362,960979,Dilyara,"2017-10-02 15:41:40",0.23844,4,dilyara
4363,996647,"Nate Damm","2017-11-29 12:37:38",0.23803,12,natedamm
4364,1071803,"Aniket Shirsat","2017-11-12 10:39:57",0.23783,13,anidroid2
4365,1039163,"Qualco IDD","2017-11-29 12:30:44",0.23775,4,qfp10286600
4366,1021171,"[Deleted] c1ef1697-21ea-4080-91e3-38b721b3bd02","2017-11-23 12:39:54",0.23773,1,del=f3df30e323c46b4b
4367,971392,rapaio,"2017-10-10 12:07:45",0.23769,6,rapaio
4368,985722,treelinemike,"2017-10-12 14:45:50",0.23761,3,mkokko
4369,1097762,"José Gregorio Gutiérrez Pabón","2017-11-22 02:20:54",0.23736,1,msutpjoseggutierrez
4370,1107128,IamMaverick,"2017-11-18 04:57:46",0.23731,4,iammaverick
4371,984436,S.B.,"2017-10-26 18:19:34",0.23723,3,sebastiaanbroekema
4372,964010,DarrinThomas,"2017-10-04 00:37:34",0.23715,6,sac18803
4373,968294,"Mike Cui","2017-11-29 21:56:35",0.23713,8,mikecui33
4374,957357,RyoOgata,"2017-10-02 15:35:32",0.23711,2,ryoogata
4375,993938,"G. N. ","2017-10-18 09:49:48",0.23689,6,galozaurus
4376,1070635,bandits,"2017-11-12 14:16:07",0.23683,9,bandits
4377,980632,EdwardLiu,"2017-10-07 23:56:03",0.23674,1,edwardliu573
4378,988815,SagarRastogi,"2017-10-18 01:13:29",0.23673,4,sagarastogi
4379,974021,Manigandanv,"2017-10-05 17:48:45",0.23663,1,manigandanv
4380,1107014,ziyangqiu2,"2017-11-18 01:23:30",0.23643,5,ziyangqiu2
4381,964501,"Prarthana Bhat","2017-11-23 09:55:50",0.23637,2,bhatprarthana
4382,1000743,D_Yordanov,"2017-11-22 11:23:44",0.23623,2,danniy
4383,964969,ASUSA,"2017-10-30 04:56:52",0.23610,4,"ctyeong,xiushuang"
4384,1074089,VishnuWarrier,"2017-11-18 03:16:45",0.23610,7,vishnuwarrier
4385,953314,"Emre YAZICI","2017-11-14 11:23:08",0.23593,5,yaziciemre84
4386,1046945,Sepheroni,"2017-11-08 16:59:59",0.23571,13,wmsouza
4387,1076738,"Jenna M.","2017-11-18 05:20:47",0.23562,7,jkmyers3
4388,1031594,"Definitely Not Cyberdyne","2017-10-25 09:18:32",0.23558,2,notcyberdyne
4389,991033,"Brent Crossman","2017-10-24 12:59:20",0.23552,2,bcrossman
4390,1038702,"Adam Sampson","2017-11-27 02:19:22",0.23541,6,adamsampson
4391,960379,"Igor Lakoza","2017-10-30 17:42:02",0.23536,1,igorlakoza
4392,972785,kanshu0924,"2017-11-14 15:34:47",0.23536,1,kanshu0924
4393,1094748,VineelYatham,"2017-11-17 06:13:35",0.23534,5,vyatham
4394,1042733,masayu,"2017-10-28 10:26:53",0.23515,1,masayulk
4395,1111428,"Troy Fadiga","2017-11-26 17:58:33",0.23509,2,troyfadiga
4396,965439,"Yuqi ","2017-11-01 14:54:22",0.23509,6,wangyuq89
4397,1063342,"Azhar Ahmed Mohammed","2017-11-03 20:34:29",0.23509,3,mohammedazharahmed
4398,969523,pavan,"2017-11-02 20:05:40",0.23509,4,pawangkulkarni
4399,1073968,aqInfo,"2017-11-29 23:33:23",0.23508,3,el8550
4400,980504,"Bartek Szpak","2017-10-07 20:36:18",0.23507,1,szpaku
4401,1027986,AlMl2018,"2017-11-14 10:05:24",0.23507,1,alml2018
4402,965123,"Stav Data","2017-11-23 16:25:40",0.23506,4,ytokmakov
4403,985167,"Nick Pentreath","2017-10-09 18:41:42",0.23482,1,mlnick
4404,1075266,"Facundo Santiago","2017-11-29 01:27:24",0.23480,6,santiaxf
4405,986612,cccsss,"2017-10-13 02:23:31",0.23480,3,cccsss
4406,998756,"Gleb Kuznetsov","2017-10-14 09:58:18",0.23460,1,ins1ght
4407,973755,"David Kazaryan","2017-10-19 14:09:04",0.23460,3,david101
4408,993939,MANOJKUMAR,"2017-10-22 07:32:53",0.23457,3,manojk15
4409,991839,MatejPavlović,"2017-10-13 15:47:07",0.23425,6,matej1408
4410,974249,kingwhatiii,"2017-11-28 21:29:19",0.23407,2,kingwhatiii
4411,1071386,Meduse,"2017-11-29 21:40:23",0.23398,3,meduse
4412,960999,Martin@hhl,"2017-10-24 14:52:12",0.23394,9,martinhhl
4413,1085599,koharu,"2017-11-18 03:11:24",0.23387,6,koharuyu
4414,1022605,tR@veller,"2017-11-05 17:08:35",0.23375,3,traveller
4415,965121,AdityaV,"2017-10-04 12:01:23",0.23354,3,adityavcse
4416,990227,"Competition 4-7","2017-11-03 03:27:22",0.23349,8,"banpoduck,morgwall,zhuangni"
4417,1072464,AleksandraRousi,"2017-11-29 23:10:13",0.23333,1,aleksandrarousi
4418,973312,Chimere,"2017-10-09 14:51:13",0.23317,1,chimere
4419,1038625,ClebesonCanuto,"2017-10-30 02:06:10",0.23305,10,clebeson
4420,1089737,kahannfong,"2017-11-28 12:24:11",0.23302,6,kahannfong
4421,1024256,"Natalia Pavlovskaia","2017-10-28 18:44:31",0.23276,4,nebo86
4422,963525,Ricardo,"2017-10-12 11:40:06",0.23276,3,ricardoh
4423,1085339,"Javad Hajizadeh","2017-11-28 09:44:08",0.23267,8,javadj
4424,1077767,"QIAN LIN","2017-11-18 01:35:24",0.23262,11,qlin21
4425,964168,Sonetta,"2017-10-18 02:50:40",0.23230,12,ksooklall
4426,963583,"[Deleted] 8c4efa3d-b9d1-4b3d-92f4-b5015dac45a0","2017-10-03 02:38:23",0.23227,4,del=b485a5c4837c28af
4427,961894,Clare,"2017-10-16 18:33:17",0.23191,3,csyhuang
4428,1091822,"Ajeeth Rajesh","2017-11-27 19:36:19",0.23184,8,ajeeth23
4429,1083011,gangaprasadkoturwar,"2017-11-28 13:31:04",0.23165,7,gangak2
4430,969884,"tejas patel","2017-10-06 10:11:57",0.23161,4,patelt
4431,956432,TimothyWilliams,"2017-10-01 11:13:34",0.23127,1,williams224
4432,999584,MSUTPGómez-Sanjuanelo,"2017-11-29 23:55:43",0.23115,3,johnjgp
4433,961992,Niranjan,"2017-10-15 22:54:58",0.23091,1,del=3cac853076700241
4434,1117625,hsuri9,"2017-11-21 18:50:29",0.23089,2,hsuri9
4435,954165,"[Deleted] d4e2fc54-93f0-49de-a10e-69f75571b7b1","2017-09-30 01:03:01",0.23080,1,del=cffb3c2721adda74
4436,1055937,eggcom,"2017-11-14 04:06:18",0.23076,5,eggcom
4437,965711,team,"2017-10-12 08:18:31",0.23060,10,pama328
4438,1038703,NathanThomas,"2017-11-27 04:00:55",0.23049,1,ndthomas78
4439,962661,Sodamin,"2017-10-04 01:28:58",0.23026,2,msodamin
4440,962619,AndreaAriani,"2017-11-08 22:29:02",0.23023,39,aariani
4441,1072425,"smitashinde 2","2017-11-07 09:40:26",0.23018,2,smitashinde
4442,1002541,"Clement Nyanhongo","2017-10-20 04:51:27",0.23011,2,clemnyan
4443,1078248,AroonKumar,"2017-11-13 23:14:14",0.23008,6,akuma176
4444,981150,"Bipedal Ape","2017-11-25 03:30:58",0.22997,10,bipedalape
4445,963786,"Thalles Domician [BCC]","2017-10-04 01:14:36",0.22983,3,thallesdomician
4446,956889,Blastophe,"2017-10-01 19:17:39",0.22982,4,chunt1
4447,969900,VarunRajan,"2017-10-06 22:41:42",0.22980,1,jordanrex
4448,994681,"Ali Nasseh","2017-11-11 17:44:42",0.22980,5,alin96
4449,970453,"Himanshu ","2017-11-09 06:27:53",0.22977,30,babbar11
4450,1004931,MSUTPALARCON-MUNOZ,"2017-11-29 11:28:34",0.22957,19,msutpalarconwilmer
4451,1070511,swhoos,"2017-11-29 18:26:13",0.22954,1,swhoos
4452,1113247,"MSDS (17012 & 17054)","2017-11-27 15:45:26",0.22945,6,"kashif060452,syedaliabbas"
4453,1043376,vincentlino,"2017-11-27 15:59:41",0.22933,2,vincentlino
4454,996738,"Competition 4-6","2017-11-04 00:04:39",0.22928,7,"courthaworth,jmp3mk,niteshprakash"
4455,1001163,Stefan,"2017-10-22 20:36:28",0.22838,4,sevenagem
4456,970982,"Marcell Bruno","2017-11-28 02:20:35",0.22827,20,marcell1silva
4457,1092132,TusharKashyap,"2017-11-18 02:14:18",0.22767,5,tkashyap
4458,1099886,OzzopSA,"2017-11-17 23:30:58",0.22758,9,ozzopsa
4459,1116044,"Bancroftway Systems [Andy C]","2017-11-21 05:01:08",0.22753,1,andychopra
4460,1095495,"Jorge Ortiz - Fabian Ruiz","2017-11-24 13:34:39",0.22735,16,msutportizjorge
4461,1044679,"Finn Hiatt","2017-11-26 00:19:41",0.22688,12,hiattf
4462,965574,martin189692,"2017-10-21 09:43:22",0.22673,5,martin189692
4463,1030171,MS_UTP_LorenaNova,"2017-11-27 22:57:18",0.22646,1,inovaromero
4464,953417,"Lucas V. Oliveira","2017-10-03 17:58:21",0.22639,9,lucasoliveira
4465,1106734,bhavanahappy,"2017-11-18 01:13:39",0.22629,9,bhavanahappy
4466,965245,SamHopkins,"2017-10-09 22:05:42",0.22612,1,shopkins
4467,970492,KawtarZ,"2017-10-10 08:00:22",0.22610,6,kawtar
4468,958258,Varsha,"2017-10-03 19:55:01",0.22606,3,varsha1811
4469,956649,"Matthew Middlehurst","2017-11-29 15:31:21",0.22579,9,matthewmiddlehurst
4470,1083496,"Adarsh Nungoor","2017-11-18 02:58:46",0.22571,7,anungoor
4471,981639,BigIndustrialAnalytics,"2017-10-31 20:23:26",0.22564,6,b0lle25
4472,1076732,GarethSA,"2017-11-16 05:47:21",0.22548,6,del=14b86fab259c37b4
4473,985926,Shenish,"2017-10-16 19:30:19",0.22489,1,shichenghuang
4474,967142,"Chris Dalzell","2017-11-21 03:44:42",0.22480,11,cdalzell
4475,970918,SourGummy,"2017-10-07 06:12:03",0.22469,5,del=70cfa747df46fba8
4476,975706,AlejandroAlbertoRamirezNassi,"2017-10-19 19:10:04",0.22460,1,alejosss
4477,953933,Oxydron,"2017-09-30 01:16:01",0.22448,7,oxydron
4478,959025,"Sierra Oscar","2017-11-29 23:54:04",0.22444,3,sierraoscar
4479,964474,"Payton Soicher","2017-10-23 03:22:24",0.22439,9,psoich34
4480,972604,"Adelmo Filho","2017-10-09 02:28:43",0.22392,7,adelmofilho42
4481,976913,"Matt Evenson","2017-10-07 16:21:03",0.22369,1,socket
4482,1092670,KXiaKatherine.Xia,"2017-11-18 05:24:37",0.22363,14,molibhc
4483,1085913,PiperGragg,"2017-11-13 01:41:30",0.22358,1,pipergragg
4484,1116688,"Ziye Liu","2017-11-21 05:32:09",0.22323,1,zliu66
4485,1076556,rbaughm,"2017-11-10 20:13:29",0.22322,1,rbaughm
4486,964871,yimengYin,"2017-11-08 09:26:13",0.22295,1,whitee
4487,1063900,Flyingbs,"2017-11-29 02:09:48",0.22288,1,"kenp2333,leichen0526"
4488,1071145,RachelHeld,"2017-11-14 23:07:39",0.22287,5,rlheld
4489,966868,Anika,"2017-10-20 21:05:04",0.22274,2,sinaasappel
4490,965495,"Andrey Samuleev","2017-10-28 14:08:27",0.22271,6,samuleev
4491,1090606,EricFandel,"2017-11-14 21:02:16",0.22270,2,efandel
4492,953185,DrSilver,"2017-11-23 18:45:59",0.22255,3,drsilver
4493,1052172,rookonaut,"2017-10-31 13:47:30",0.22251,1,rookonaut
4494,1097600,aliciatanyf,"2017-11-15 18:09:23",0.22247,5,aliciatanyf
4495,1035132,danyopan,"2017-10-26 09:24:25",0.22239,1,danyopan
4496,971724,"Doğuş KIDIK","2017-10-29 19:59:31",0.22227,8,del=265e7db46d1a0de6
4497,964842,yuval,"2017-10-09 07:52:08",0.22217,2,yuvalblau
4498,1023004,arj7192,"2017-10-25 16:09:38",0.22216,11,arj7192
4499,1075682,"Suchismita Sanyal","2017-11-15 03:53:20",0.22206,5,ssanyal5
4500,1032689,Fersebas,"2017-10-28 12:41:58",0.22165,4,fersebas
4501,969089,mhfateen,"2017-10-04 06:28:07",0.22154,2,mhfateen
4502,1076425,Deva69,"2017-11-29 06:59:24",0.22151,6,angelica69
4503,1009612,"Dan Dom Nuc","2017-11-27 20:38:59",0.22116,6,dandomnuc
4504,990939,ZiYiYuan,"2017-10-24 14:10:04",0.22115,2,sagalich
4505,964221,ByranTaljaard,"2017-10-15 18:28:07",0.22068,7,byranza
4506,1071805,Aditya_Punnai,"2017-11-17 19:37:24",0.22020,12,adityapunnai
4507,1010999,MutebMohammad,"2017-11-29 07:24:24",0.21995,27,maljasem
4508,1008002,BountyHunter,"2017-11-17 04:31:31",0.21985,10,adityatandon2000
4509,1085280,hrenovookrussian,"2017-11-28 20:44:25",0.21975,9,anketer
4510,1065856,sanjana,"2017-11-29 18:56:22",0.21958,15,"hchhabada,kavitharajendran,maheshbk1,sanjanahd11"
4511,1107235,tonyseb,"2017-11-18 01:51:45",0.21940,5,tonyseb
4512,971640,"Priyank Agrawal","2017-10-05 20:59:55",0.21936,1,priyank0109
4513,1079981,pb1357,"2017-11-10 06:02:09",0.21930,2,paulburgess1357
4514,1075364,MalvikaMathur,"2017-11-17 02:25:32",0.21898,12,malvikamathur2601
4515,963215,"mohammad siami","2017-10-05 12:47:02",0.21865,7,siamimohammad
4516,963132,KevinB,"2017-11-18 21:43:07",0.21833,3,kevinbird15
4517,962593,"Konrad The X","2017-11-05 19:57:28",0.21820,16,konradx
4518,962826,Sag3x,"2017-10-03 09:39:54",0.21816,2,acekingjoker
4519,1093050,"mengke cen","2017-11-17 09:10:50",0.21807,2,mchen91
4520,1074340,"Jainil Shah","2017-11-13 17:10:30",0.21770,17,jaineel50
4521,970504,Standard,"2017-10-09 19:27:56",0.21770,1,"del=bb799cfbd53cd97e,mbrown3000"
4522,999607,"MSUTP20172#Pastran Gongora# TFinal","2017-11-24 03:08:31",0.21763,1,gongsa01
4523,969688,"Saikat Sarkar","2017-10-06 17:24:18",0.21741,4,saikat927
4524,966720,theatetos,"2017-10-20 03:44:05",0.21700,1,theatetos
4525,970358,aeceozturk,"2017-10-04 12:50:18",0.21691,2,aeceozturk
4526,991621,"Mehdi N","2017-10-23 13:40:52",0.21647,1,deadpool25
4527,964808,sandata,"2017-10-06 11:40:26",0.21617,1,sandata
4528,1038003,"Süleyman Şahal","2017-10-29 15:12:53",0.21528,2,suleymansahal
4529,962296,Dave928,"2017-10-02 21:15:38",0.21516,1,dave928
4530,1086663,veprasad,"2017-11-17 14:58:47",0.21493,1,venkatprasad
4531,1065112,johncookds,"2017-11-21 23:27:39",0.21488,14,johncookds
4532,1083588,"Hao Feng","2017-11-17 03:00:29",0.21479,7,markhfeng
4533,962685,"Ehsan Sadeghi","2017-11-25 00:59:25",0.21466,7,del=8f29e955cb8402c8
4534,1030557,"Greg Bertolacci","2017-10-26 02:42:04",0.21446,5,gregbertolacci
4535,975238,"[Deleted] d712a83e-4fd1-4fd7-b48a-65760c09c2c5","2017-10-28 14:38:31",0.21427,5,del=975d08afdeefc045
4536,985129,IvanMishalkin,"2017-10-09 15:43:44",0.21363,1,ivanmishalkin
4537,1077333,"Zac Kelly","2017-11-19 00:24:07",0.21354,5,ztkelly
4538,1029947,"Vatsal Jatakia","2017-11-29 23:56:43",0.21349,1,vatsal25
4539,977100,RodrigoMarcos,"2017-10-09 13:56:07",0.21347,2,romcra
4540,970593,"John Galt","2017-10-06 09:28:40",0.21341,2,kitch05
4541,960299,"Prateek Singhal","2017-10-03 04:53:22",0.21339,2,prateeksinghal11
4542,958420,"Johannes Sp","2017-10-02 10:14:55",0.21339,1,johannessp
4543,962677,Bero,"2017-10-02 21:56:52",0.21339,1,bennyclb
4544,968150,Pebbles,"2017-10-03 21:19:17",0.21339,1,pebbles7
4545,994292,Zara22,"2017-11-29 12:11:38",0.21328,116,zara22
4546,1080604,SenthiKumarRavichandran,"2017-11-18 03:07:31",0.21319,6,senthikumar
4547,973512,"Amit Bharat","2017-10-24 12:14:38",0.21292,2,amitbharat
4548,1065102,ArunkumarManiamRajan,"2017-11-08 05:54:06",0.21287,15,pragmaticarun
4549,996997,Ankita,"2017-11-03 06:12:02",0.21268,3,ankita006
4550,989754,"Xintian Lin","2017-10-11 02:02:02",0.21232,1,xintianlin
4551,1000060,navid,"2017-10-16 15:21:11",0.21173,1,navidrashedi10433
4552,966326,Manu,"2017-10-08 12:21:16",0.21166,5,manusmood
4553,1045476,Gaet53x11,"2017-11-17 17:38:14",0.21158,3,gaet53x11
4554,970901,"Shantanu Nakhate","2017-11-02 14:43:31",0.21132,32,shantanunakhate
4555,1030274,"Rene Wu","2017-11-05 05:19:04",0.21121,10,reneywu
4556,1104068,Annie,"2017-11-18 02:40:54",0.21119,5,aerome
4557,966140,"Joel Joseph","2017-10-25 15:34:16",0.21103,2,jjoseph
4558,1018113,ttyszk,"2017-11-13 10:10:36",0.21028,3,ttyszk
4559,991134,MiaXu,"2017-10-11 13:02:07",0.21003,1,echomingyan
4560,1119996,"Christoforos Anagnostopoulos","2017-11-22 01:28:11",0.20995,2,anagnosc
4561,985833,CJZheng,"2017-10-11 12:40:08",0.20955,1,cjzheng
4562,1076670,"Shruthi Maganti","2017-11-16 17:21:23",0.20951,6,shruthimaganti
4563,1077918,"David Allen","2017-11-17 07:03:50",0.20949,3,dallen31
4564,1034268,nnq2508,"2017-10-27 03:53:06",0.20925,1,nnq2508
4565,1101642,Yanguan,"2017-11-16 23:39:32",0.20885,4,yanguan
4566,958072,Glimmung,"2017-11-29 17:17:09",0.20874,17,glimmung
4567,974658,luckluckluck,"2017-10-26 15:29:44",0.20853,4,luckluckluck
4568,966740,"Juan Esteban de la Calle Echeverri","2017-10-16 04:54:11",0.20828,3,juandelacalle
4569,969414,"NIRAJ AGRAWAL","2017-10-07 06:44:31",0.20795,3,nirajagrawal
4570,962927,J.Jones,"2017-10-18 18:33:53",0.20754,5,johnoliverjones
4571,1056980,ChristosTheodoropoulos,"2017-11-05 23:18:35",0.20740,12,christheodoropoulos
4572,1050598,AmirTabakovic,"2017-10-30 23:26:39",0.20709,1,amirius
4573,1089410,YU-MINGCHANG,"2017-11-18 00:16:23",0.20630,5,mikechang125
4574,976744,"Apurva ","2017-10-10 12:05:52",0.20596,3,apurva9
4575,1060435,kostya,"2017-11-22 18:39:02",0.20589,1,kostyad
4576,962694,"Abu Laith","2017-11-20 01:20:54",0.20587,1,alrifai
4577,955766,LuísGustavoModellideAndrade,"2017-10-01 20:35:32",0.20578,3,gustavomodelli
4578,1080668,karannarula,"2017-11-17 19:59:48",0.20558,15,karannarula
4579,1088339,"Prashanth Sridhar","2017-11-17 08:53:29",0.20496,6,srichar90
4580,1122679,SL,"2017-11-24 17:51:52",0.20455,4,narayanansl
4581,1082477,"Zlatka Staykova","2017-11-28 14:40:18",0.20383,19,zstaykova
4582,1099995,"Ganeson Ravichandran","2017-11-23 16:34:02",0.20377,5,ganes1998
4583,1123429,bthayhur,"2017-11-29 23:00:10",0.20369,11,bthayhur
4584,986643,"William Wolfe-McGuire","2017-10-17 20:59:45",0.20362,3,williamwolfemcguire
4585,1117075,"Curious Joe","2017-11-28 06:16:17",0.20354,4,del=dec691c4f815843b
4586,970109,"Martin Sauer","2017-10-04 14:25:34",0.20352,3,deristnochda
4587,1089558,Wqan,"2017-11-15 10:05:14",0.20301,5,wqan1007
4588,972138,"Josh Berry","2017-10-05 12:43:47",0.20293,1,joshberry022
4589,966274,"Kamal raj","2017-10-03 13:01:30",0.20268,1,kamalkraj
4590,969079,KevinFenton,"2017-10-22 01:43:52",0.20268,1,del=83d056c3468dc675
4591,968060,"Taylor Sansom","2017-11-13 17:56:19",0.20243,1,tsansom
4592,1077850,"Sijia Chen","2017-11-18 04:45:51",0.20225,7,schen140
4593,1071624,"Yixian Liu","2017-11-17 22:39:07",0.20217,2,cindyixianliu
4594,965708,"Itamar Kaufman","2017-10-17 07:41:55",0.20140,11,itamarkaufman
4595,962473,fhuk,"2017-10-03 08:00:45",0.20108,2,fhodson
4596,1083330,BowenShi,"2017-11-14 07:18:04",0.20108,9,bshi13
4597,962659,AdelBakhtiarova,"2017-11-21 04:58:22",0.20088,17,ledadel
4598,958312,NickBuchny,"2017-10-11 21:40:40",0.20053,1,brochinelearning
4599,967112,OmerMahmood,"2017-11-23 15:03:04",0.20051,14,omermx
4600,971100,kidfrombarasat,"2017-11-28 06:26:22",0.20030,8,omjyotidutta
4601,1054238,meltingclock,"2017-11-04 06:03:36",0.20010,9,meltingclock
4602,976661,KeySkills,"2017-10-12 16:39:39",0.19957,1,cochecito
4603,965379,SimoneVero,"2017-10-03 13:12:01",0.19943,5,ersains
4604,957468,KingBingo,"2017-10-02 09:36:19",0.19931,5,wangzebin
4605,1002575,Sotos,"2017-10-16 15:45:39",0.19902,5,sonikel
4606,995307,Hamdi,"2017-11-21 09:03:12",0.19835,11,hamdibl
4607,1015108,"Roman Akhunov","2017-11-11 06:11:35",0.19829,45,romanakhunov
4608,1087152,GKJohn,"2017-11-18 14:18:39",0.19811,6,americaoncemore
4609,998596,MuhammadTaqiyuddin,"2017-10-14 13:51:47",0.19803,4,"anthonyivan,mtaqiyuddin"
4610,1077980,"Shivakumar Panuganti","2017-11-18 01:32:18",0.19784,9,del=80fa59ba0c1ecbf0
4611,973572,"Andrey Atrashkevich","2017-10-06 15:46:46",0.19780,4,wolong
4612,1008969,BestFriend,"2017-11-02 07:59:02",0.19770,1,"del=efc4cdbb0ecdfef0,heyangshnu"
4613,1095333,Rorshach,"2017-11-18 02:46:45",0.19761,10,rorshach
4614,973691,ansmall,"2017-11-29 02:44:30",0.19744,14,ansmall
4615,962535,MatheusBlanco,"2017-11-21 12:17:49",0.19708,19,mpgblanco
4616,972306,"Ron Sapir","2017-10-11 23:42:43",0.19642,21,ronsap123
4617,985761,JanRentmeister,"2017-10-17 19:38:46",0.19610,2,janrentmeister
4618,978284,JosephObarzanek,"2017-11-29 20:53:11",0.19544,2,doodmanbro
4619,996564,"Egor Gorobetz","2017-10-22 11:10:39",0.19521,19,bananahype
4620,1111655,Alek,"2017-11-19 20:29:29",0.19415,1,igrynok
4621,1103301,Mister_B,"2017-11-27 23:17:18",0.19370,5,brendenmcgale
4622,1014924,clover008,"2017-11-01 07:42:02",0.19357,16,clover008
4623,1064626,VivekPal,"2017-11-05 11:27:40",0.19271,5,vivekpal2393
4624,1029750,Jasim,"2017-11-22 05:32:46",0.19192,1,jsm4774
4625,964593,Yami,"2017-11-03 11:28:59",0.19187,4,del=3401e9bad4cfb35d
4626,997714,"Nelson Garavito","2017-11-26 02:12:59",0.19170,3,msutpgaravitonelson
4627,1075231,skavala,"2017-11-18 01:36:30",0.19134,5,skavala
4628,1044979,GeraldiDzakwan,"2017-11-01 17:07:00",0.19134,8,geraldzakwan
4629,955151,"Hritvik Taneja","2017-09-30 14:14:53",0.19097,1,hritvikt
4630,955630,"Victor Yen","2017-09-30 17:53:49",0.18965,2,houdyen
4631,972025,"Adrian D","2017-10-10 21:16:32",0.18958,2,adriande
4632,955432,"Theepan Chakkravarthy","2017-11-06 13:25:28",0.18916,17,tc171995
4633,967924,nDimensional,"2017-10-10 14:50:55",0.18904,2,neurodim
4634,980023,DELCO,"2017-11-22 04:19:52",0.18875,8,"ivdeus,msutpalixcorredor"
4635,1014472,"Salar Sayyad","2017-10-28 20:12:04",0.18873,8,datascicloud
4636,1070724,"Tangelo Liang","2017-11-17 17:11:44",0.18765,16,tangelol
4637,965916,Marcel,"2017-10-04 04:30:33",0.18745,8,datasysdev
4638,968665,RV,"2017-10-28 23:25:04",0.18743,1,vjacomet
4639,961930,"Julien Frisch","2017-11-15 15:06:07",0.18684,13,jfrisch
4640,963647,"Mauro Cury","2017-10-05 21:59:25",0.18672,1,mlcury
4641,1067322,"Anastasiia Shukhova","2017-11-05 22:26:19",0.18526,1,anastasiashukhova
4642,1009416,LotaEzenwa,"2017-10-18 22:55:19",0.18512,4,lotaezenwa
4643,955983,"Simon RICHELLE","2017-10-17 20:21:29",0.18511,5,cocaaladioxine
4644,991339,FilippoGiulioFrezza,"2017-10-20 17:49:12",0.18442,2,filippofrezza
4645,1020316,rajsiddarth,"2017-11-19 01:17:03",0.18424,2,rajsiddarth119
4646,962483,"Nick Styles","2017-10-05 16:51:01",0.18405,3,styles
4647,1003840,"Ahmad Fahadh Ilyas","2017-10-24 09:24:19",0.18373,15,fahadh4ilyas
4648,1020602,hankk,"2017-11-21 21:54:47",0.18370,5,hkoerner
4649,975856,IrrationalExpectations,"2017-10-15 20:40:14",0.18342,2,irrationalml
4650,993746,"Ryan Monks","2017-11-04 22:37:04",0.18169,5,monksyman9
4651,1082911,mks_mks,"2017-11-19 00:19:25",0.18145,5,mksmks
4652,1106371,"Yuanqi Wang","2017-11-19 19:53:00",0.18131,1,yuanqiwang
4653,1027518,SalmaanPehlari,"2017-11-20 00:09:25",0.18074,1,hunkdivine
4654,962671,"Mohamed Abdel Maksoud","2017-10-25 22:37:05",0.18061,6,m0ham3d
4655,965749,"[Deleted] 8fecad94-d0c5-4ee2-b115-bae529fe9095","2017-10-13 05:42:42",0.18055,3,del=67dd90cea61ea19d
4656,1005240,AnkurGarg,"2017-11-07 01:16:01",0.18034,6,"iankurgarg,jaydeeprane"
4657,970601,terlindou,"2017-11-23 09:06:35",0.18027,2,terlindou
4658,1040815,georgeseif,"2017-11-04 19:55:13",0.18022,1,georgeseif
4659,961243,AnimatronBot,"2017-11-15 09:09:37",0.17963,6,animatronbot
4660,955193,KriSat,"2017-10-20 07:07:07",0.17839,8,venkatesh8222
4661,977216,ShanyaAnand,"2017-10-23 20:19:38",0.17798,8,shanyaanand
4662,1012977,"János Strasszer","2017-10-20 13:58:16",0.17789,3,entelente
4663,985556,TeddyGordon,"2017-10-19 00:12:04",0.17776,5,deniedground
4664,1000660,"Ahmed Ibrahim","2017-10-16 06:19:56",0.17771,2,mokhoo
4665,999186,"Marcio Bastos","2017-10-22 20:45:12",0.17709,3,marciobastos
4666,1067747,"Navarro Rosa","2017-11-06 01:52:00",0.17696,6,zegkreist
4667,970779,"Vamsi Nori","2017-10-17 07:33:13",0.17687,7,vamsinori
4668,985277,"Bruno Garrofé","2017-10-10 20:31:05",0.17667,3,bgarrofe
4669,953444,hafner,"2017-10-05 21:05:35",0.17629,1,hafner
4670,965243,BorisMocialov,"2017-10-15 10:08:20",0.17521,8,mocialov
4671,968152,Massimo,"2017-11-15 13:32:35",0.17518,1,maximez
4672,1010207,"Andy Greatorex","2017-10-18 12:40:56",0.17510,1,andrewgrex93
4673,1060473,anotherthomas,"2017-11-03 10:04:26",0.17501,2,anotherthomas
4674,1079316,"Aadya pavan","2017-11-09 14:18:02",0.17468,1,aadyapavan
4675,963908,"Michael Premson L","2017-11-09 13:43:59",0.17449,20,mikeprem
4676,967632,manopilipana,"2017-10-03 21:09:39",0.17404,1,manopilipana
4677,962881,JacobMetzger,"2017-10-07 07:55:11",0.17402,6,jmetzger
4678,998870,Sriram,"2017-11-25 22:20:35",0.17370,10,sriram1991
4679,1072169,"Sonila Kar","2017-11-18 01:20:35",0.17361,8,sonilakar
4680,967916,Planejei,"2017-10-05 00:14:23",0.17329,5,anibalsolon
4681,963745,"John Torres","2017-11-09 16:21:55",0.17268,45,jhotor
4682,979309,KhalilNouri,"2017-11-20 21:42:21",0.17237,2,khalilnouri
4683,965428,"Arun Rajan","2017-10-30 14:44:07",0.17222,3,arunrajan
4684,963981,"Yang Jiang","2017-10-04 01:56:21",0.17202,1,yjiang01
4685,962447,"Arun Chandra K","2017-10-06 00:25:20",0.17109,3,arunnitk
4686,1101305,DSPTLP,"2017-11-16 17:06:48",0.17088,1,dsptlp
4687,1072998,Schadd,"2017-11-25 16:01:37",0.17080,14,schadd
4688,989599,AlkaMits,"2017-10-03 18:02:26",0.17056,2,"mithunim,nralka2007"
4689,1019953,"Cristiana Parada","2017-11-16 18:48:19",0.17035,4,crisparada
4690,956607,Bharath92,"2017-10-02 04:09:03",0.16992,6,vella92
4691,966929,futuresketch,"2017-10-03 17:44:52",0.16984,3,prithvinambiar
4692,981105,"Ben Thomas","2017-10-31 03:32:24",0.16936,5,brthomas
4693,1077498,"Foad Mobini Kesheh ","2017-11-19 22:06:30",0.16933,7,foadmk
4694,1029218,"Alexander Kornyukhin","2017-10-25 10:03:29",0.16916,1,cppboolean
4695,963735,"Evey Le","2017-10-26 08:31:22",0.16872,2,eveyleminhthu
4696,1063163,"Parichit Sharma","2017-11-29 23:54:32",0.16866,3,parichitsharma
4697,1117967,david.choi,"2017-11-24 04:28:26",0.16859,5,yhchoi0313
4698,1038880,HIAPI,"2017-11-17 12:49:40",0.16846,10,hiapiypli
4699,1041030,NanaBoateng,"2017-11-06 15:09:02",0.16778,7,nana148
4700,1013788,"Jussi Määttä","2017-11-09 17:36:11",0.16655,1,jmaatta
4701,965034,"Ashutosh Satardekar","2017-10-24 09:05:05",0.16652,2,ashutoshiam
4702,965124,MaximeGiro,"2017-10-04 07:24:56",0.16448,1,maxeuli
4703,1073685,"Bryce Butzine","2017-11-13 16:21:05",0.16433,4,cbutzine
4704,984770,AhmedShah,"2017-10-22 13:52:51",0.16430,16,shah1062
4705,1029178,KumarHalake,"2017-11-06 10:21:33",0.16428,1,kumarhalake
4706,988258,VasyaVologdin,"2017-10-17 09:13:16",0.16392,3,dogama
4707,1078066,"Carly Snyder ","2017-11-13 03:39:10",0.16346,3,csnyder96
4708,974744,KatieMoran,"2017-10-05 20:54:34",0.16323,1,katiemoran
4709,966333,rishabhgautam,"2017-10-03 12:38:38",0.16321,2,rishabhgautam
4710,1004929,Danny,"2017-11-29 21:18:36",0.16228,2,danny5541
4711,1036321,"Robert Tacbad","2017-10-26 14:32:51",0.16196,1,jollibobert
4712,1049752,RajatAgarwal,"2017-11-25 15:23:03",0.16157,3,rajat94
4713,981938,johndoe2,"2017-10-08 15:28:23",0.16097,4,johndoe2
4714,1067694,MSutpCASTROperez,"2017-11-22 04:05:04",0.16088,4,"msutpcastrozulma,msutpchristianperez"
4715,1033347,sarthakgupta,"2017-10-25 21:08:24",0.16069,2,sarthakgupta93
4716,1025291,Diganto,"2017-11-15 15:58:35",0.16065,7,dignil
4717,965602,Dorianl,"2017-10-08 12:11:13",0.16003,1,dorianlacaisse
4718,1119215,"Ofir Ezrielev","2017-11-22 08:20:26",0.15951,4,ofirezrielev
4719,1076534,"Team Azure","2017-11-20 16:43:17",0.15927,1,"biancuda11,dwillits"
4720,955753,ReviHeck,"2017-10-03 13:07:39",0.15900,3,reviheck
4721,968775,"Vasisht Raghavendra","2017-10-29 21:40:43",0.15895,4,vraghave
4722,962573,"Liren Chen","2017-10-26 02:37:52",0.15894,2,alan711031
4723,961272,DataTales,"2017-10-04 21:53:40",0.15890,4,sasjack
4724,1107237,"Mike Chang","2017-11-18 01:53:20",0.15850,5,mikechang800125
4725,958976,shadow,"2017-11-28 07:41:13",0.15772,21,elkorchi
4726,970579,BassV,"2017-10-06 09:24:44",0.15740,2,vahagnkhorotyan
4727,957462,adarsh1kumar,"2017-10-05 05:06:31",0.15708,5,adarsh1kumar
4728,1000511,Joking,"2017-10-24 03:51:37",0.15703,2,del=472f6c387f420de4
4729,990509,ryanthompson,"2017-10-11 10:55:04",0.15658,1,ryanthompson
4730,970032,justforml,"2017-10-04 17:48:13",0.15563,2,justforml
4731,967981,"Thiago Ribeiro","2017-11-27 01:51:17",0.15527,35,thiagoribeiro
4732,968666,"Bartosz Trzaskowski","2017-10-10 01:25:49",0.15499,1,fizyczny
4733,1043899,MohsenYazdinejad,"2017-11-06 17:09:01",0.15378,19,mosiomohsen
4734,1111847,JBC,"2017-11-26 22:48:45",0.15350,5,gfhk8uy
4735,1074105,AbdurRahman,"2017-11-08 10:01:30",0.15323,1,thealphaking01
4736,1070354,"Ryan Vogelsberg","2017-11-13 16:25:37",0.15322,3,rbvogelsberg
4737,981434,bytestorm,"2017-10-08 15:07:39",0.15301,5,bytestorm
4738,1018473,YoungStat,"2017-11-02 06:29:45",0.15242,2,rezccy
4739,962165,"Ronak Malviya","2017-10-04 23:54:30",0.15210,1,ronakmalviya
4740,1094073,"Surhud Khare","2017-11-16 23:47:41",0.15031,3,surhudk
4741,1080103,"Venkatesh Srikant","2017-11-14 04:19:03",0.15031,8,vsrikant
4742,1088935,"Celine Zhang","2017-11-17 04:29:30",0.15030,5,zccelinezhang
4743,968564,cccccc,"2017-10-11 05:49:14",0.15030,5,cyjlin
4744,1106648,wufan1026,"2017-11-17 20:27:22",0.15030,5,wufan1026
4745,1092162,YifanPan,"2017-11-18 00:01:14",0.15030,6,panyifan
4746,1106844,YifanPan2,"2017-11-17 22:21:18",0.15025,5,yifanpan2
4747,969831,VedapragnaReddy,"2017-11-29 07:15:47",0.15008,8,vedapragnareddy
4748,967495,"Tapas Saha","2017-11-29 23:04:59",0.14953,3,"shiveshjha,tapas12"
4749,977960,shirojapan,"2017-10-06 21:21:05",0.14902,2,shirojapan
4750,1091672,baqinglv28,"2017-11-13 22:16:26",0.14869,3,baqinglv28
4751,1047026,NKhan,"2017-11-29 19:53:41",0.14770,1,nkhan42
4752,1084707,"Zakarya Ali","2017-11-29 21:36:43",0.14741,7,kaznamwa
4753,1037201,arieshanti,"2017-11-22 20:10:14",0.14735,8,del=22295bcf4aa6adb5
4754,1087701,TonySebastian,"2017-11-18 03:32:26",0.14681,2,tonysebastian
4755,964858,"Alok Singh","2017-11-27 05:18:52",0.14658,3,mlbyalok
4756,996803,[Deleted],"2017-10-26 18:26:34",0.14420,12,del=0b4b1112a8f40f98
4757,1094956,"Shrutee Shauraya","2017-11-18 00:26:17",0.14255,5,sshauray
4758,1087047,"Jessie James Suarez","2017-11-13 08:13:03",0.14204,3,suarezjessie
4759,965457,"Krishna Chaitanya","2017-11-29 13:12:09",0.14155,6,chaitanyaaa
4760,968416,"Giulio De Luise","2017-10-09 01:07:30",0.14135,1,jovilius
4761,1090779,PianpianCai,"2017-11-18 03:02:49",0.14032,15,pianpiancia
4762,979857,LécioBourbon,"2017-10-12 13:19:51",0.13811,3,lbourbon
4763,971054,karthikeyan25,"2017-10-26 16:04:18",0.13675,4,karthikeyan25
4764,960278,ConorDonovan,"2017-10-03 09:44:29",0.13509,2,cjd1989
4765,997451,"Eduardo Vioque","2017-10-14 09:34:45",0.13503,1,vioquedu
4766,962222,"Rodrigo de Almeida Siqueira","2017-10-03 06:20:27",0.13476,5,rodrigosiqueira
4767,1001291,techies,"2017-10-16 14:58:44",0.13346,1,easyaries
4768,1083262,richardhammond,"2017-11-11 17:15:47",0.13300,7,richardhammond
4769,1108674,"Igor Cervenka","2017-11-20 18:21:11",0.13198,4,icervenka
4770,1106736,UpamanyuMallik,"2017-11-18 03:08:10",0.13167,5,upamanyumallik
4771,964595,typical_weird,"2017-10-03 09:29:02",0.13060,1,typicalvishu
4772,958199,"Mateusz Jerzyk","2017-10-14 20:59:50",0.13047,1,jerzykm
4773,971481,ViniciusRibeiro,"2017-10-26 12:57:04",0.12928,2,vribeiro
4774,1083209,"Richard Hammond","2017-11-10 22:04:38",0.12912,5,rhammond
4775,1106691,"pianpiancai 2","2017-11-18 00:30:26",0.12859,7,pianpiancai
4776,1084616,GCT,"2017-11-17 21:28:41",0.12850,1,"siddharthtri,tanmoychatterjee"
4777,1106158,Potat,"2017-11-17 17:08:14",0.12749,3,potatochips27
4778,1025875,"Simakis Panagiotis","2017-11-08 21:38:15",0.12660,4,sp1thas
4779,974699,"Ayush Mittal","2017-10-20 09:19:50",0.12615,6,ayusmittal
4780,1078331,Radhakrishnan,"2017-11-18 00:23:52",0.12597,14,rk0406
4781,991919,libby,"2017-10-14 18:37:09",0.12556,1,libbyandhelen
4782,1042545,DaminiGupta,"2017-11-20 12:19:45",0.12533,5,daminigupta
4783,997047,RodrigoPinto,"2017-10-16 10:51:17",0.12457,1,rodrigop92
4784,998705,"Vaibhav Mathur","2017-11-28 11:39:39",0.12430,2,vmathur
4785,1013024,volintine,"2017-10-29 12:12:54",0.12410,2,del=c460126774b969b1
4786,1068737,ShashikantDewangan,"2017-11-28 15:48:43",0.12404,3,shashikant7
4787,993460,"Luis Akakpo","2017-11-29 13:07:19",0.12344,4,ldealmei
4788,1005334,AndreaBencini,"2017-11-10 17:12:11",0.12254,2,andreabencini
4789,955863,Bukun,"2017-10-07 15:54:53",0.12200,6,ambarish
4790,1120135,"Adrien Caudron","2017-11-23 01:42:14",0.12105,4,acaudron
4791,968158,Smart,"2017-11-18 15:03:02",0.12035,1,"nabiullindf,radikvaliev"
4792,965524,"[Deleted] a5870fe8-dde5-46f7-a594-122e022c6904","2017-10-07 16:35:57",0.12007,5,del=fbc1b6b7aaec37c9
4793,963386,"Sahil Rajesh Dhayalkar","2017-10-06 00:01:49",0.11811,5,dhayalkarsahilr
4794,1081074,"Tanya Gulati","2017-11-17 20:28:23",0.11758,12,tanyagulati
4795,1056787,"Karthikeyan Palanisamy","2017-11-04 16:27:46",0.11466,3,karthe
4796,972064,andreip,"2017-10-05 17:25:32",0.11446,2,andreip
4797,954835,"Paul Larmuseau","2017-09-30 17:17:58",0.11420,5,plarmuseau
4798,1090837,Laura,"2017-11-21 15:24:04",0.11392,3,llopezfuentes
4799,962101,tkcsdvd,"2017-10-03 22:28:33",0.11191,1,davidtakacs
4800,1070618,"Tony Towle","2017-11-13 15:13:19",0.11066,3,tonytowle
4801,1042776,MariaSahakyan,"2017-11-22 11:11:29",0.11053,2,sahakyanmaria
4802,1122477,Lucile,"2017-11-26 15:53:07",0.11040,5,luciledbx
4803,966226,Waterpls,"2017-11-24 15:17:24",0.11028,4,waterpls
4804,995692,Xu,"2017-10-13 07:45:04",0.10981,1,yatingxu
4805,978078,"Sandeep Johnson","2017-11-03 14:13:19",0.10974,2,sandeepjohnson
4806,1088756,XiangjingChen,"2017-11-15 22:26:03",0.10865,5,oliviacxj
4807,962161,"Kalpana Vora","2017-10-04 05:40:25",0.10777,2,kalpanavora
4808,1115055,"Tejas Maniyar","2017-11-29 20:25:01",0.10605,4,tejasmaniyar
4809,1108115,"New User","2017-11-22 07:03:28",0.10562,1,gnukinad
4810,972531,PingaoWang,"2017-10-10 14:29:50",0.10554,7,pingaowang
4811,1075114,"Pratha Pareek","2017-11-18 00:49:53",0.10512,6,darthvader1
4812,963078,phuquach,"2017-11-25 16:57:52",0.10495,1,lkphu1
4813,974262,faizanahemad,"2017-10-29 19:38:56",0.10458,3,faizanahemad
4814,1030315,"D & T","2017-11-03 21:53:46",0.10307,3,"devinkang,taylorl"
4815,1030302,"Seth Watson","2017-11-04 06:52:39",0.10130,8,akwatson8
4816,1120347,a1178615156,"2017-11-22 07:38:44",0.10029,2,a1178615156
4817,1056173,"Jason Brown","2017-11-02 17:54:25",0.10010,4,jasbner
4818,962801,DanielR,"2017-10-05 23:30:14",0.09976,4,risitramper
4819,1073129,tianyiji,"2017-11-29 20:30:33",0.09921,5,"descartes,tianyiji"
4820,1015952,cliu568,"2017-10-22 06:27:26",0.09778,3,cliu568
4821,975700,"[Deleted] a90295ae-b25a-4113-9215-1fd80f979475","2017-11-24 20:37:17",0.09447,2,del=0b83194b93fb2deb
4822,974979,JuhaniKoskinen,"2017-11-12 20:29:03",0.09296,3,juhani
4823,979752,Mateusz,"2017-10-11 19:44:23",0.09209,6,cptzbik
4824,953289,"Team Cassel","2017-10-01 21:29:48",0.09195,1,joelcassel
4825,1098624,MansiGarg,"2017-11-17 22:46:28",0.09012,5,mansigarg
4826,963803,LenoxJLow,"2017-11-02 04:18:26",0.09005,1,lenoxjlow
4827,966634,j19,"2017-10-05 14:11:05",0.08911,3,jaivardhan
4828,999905,zsakierik,"2017-10-16 19:48:04",0.08868,2,zsakierik
4829,967620,Stykes,"2017-10-05 19:24:15",0.08862,1,stykes
4830,1097039,"Gabriel Pichot","2017-11-15 14:29:46",0.08554,2,gpichot
4831,1019090,[Deleted],"2017-11-02 20:15:23",0.08409,5,del=40c413d005f79ff1
4832,968969,SafeHarbor,"2017-11-17 15:24:04",0.08288,6,"pabfigueira,thiagovas"
4833,999003,"Paul Déchorgnat","2017-11-10 13:37:03",0.08152,12,pdecho
4834,1008069,"Anna Jurgensen","2017-10-23 04:13:08",0.08110,2,aejurgensen
4835,1013497,JcLambert,"2017-10-25 22:48:59",0.08090,3,jace2005
4836,965721,FilipeCaldas,"2017-10-13 16:16:46",0.07948,3,fcaldas
4837,1066949,"Robin Roth","2017-11-05 12:15:32",0.07886,2,robinro
4838,1030803,"haemin Jeong","2017-11-23 18:08:30",0.07783,10,illgorhek
4839,1056818,FabioSantos,"2017-11-04 19:43:28",0.07779,3,fabions83
4840,995373,"Rubén Avalos","2017-10-13 06:31:53",0.07684,3,risvil
4841,999590,"Jeremy Turner","2017-10-14 19:06:35",0.07547,2,turner3467
4842,966895,"debopriyo sanyal","2017-10-20 15:06:40",0.07290,2,debopriyosanyal
4843,1082130,njlhinam,"2017-11-10 15:19:50",0.07178,2,njlhinam
4844,961474,NullPointerException,"2017-10-03 15:24:18",0.07095,2,gregbramble
4845,1011446,nonrandom,"2017-11-29 23:28:52",0.07051,3,nonrandom
4846,979415,"Станислав Беляев","2017-10-07 11:55:53",0.07002,1,stasbel
4847,986764,shenhanjie0418,"2017-10-12 21:38:33",0.06897,3,shenhanjie0418
4848,1070723,"Victor Velev","2017-11-08 19:54:48",0.06897,5,del=804fa861f6e61c7b
4849,1020142,Badpocyk,"2017-11-13 20:03:37",0.06891,13,badpocyk
4850,972552,tartieret,"2017-10-05 06:20:24",0.06867,1,tartieret
4851,1100584,"Li Minghao","2017-11-21 07:29:10",0.06809,4,lmhkaggle
4852,967414,avner,"2017-11-12 09:39:53",0.06783,1,avneratias1
4853,963520,Kije,"2017-11-29 23:56:59",0.06721,3,lieutenantkije
4854,1067883,Steve,"2017-11-08 10:09:24",0.06680,2,dumbai
4855,1022292,"Antonio Galli","2017-10-22 17:53:27",0.06526,1,redblack94
4856,964191,HassanSharghi,"2017-10-04 05:31:16",0.06452,2,hassansharghi
4857,1042643,yeowshimin,"2017-11-07 09:06:13",0.06426,2,yeowlife
4858,972059,"Hrishikesh Bhatkhande","2017-11-24 06:54:49",0.06405,3,hrishikesh312
4859,1107192,aiazure,"2017-11-18 03:21:54",0.06306,5,aiazure
4860,964352,Moohebat,"2017-10-03 10:48:04",0.06296,1,moohebat
4861,973646,discompsys,"2017-10-08 19:09:31",0.06284,6,discompsys
4862,1123526,SidhartSadani,"2017-11-25 22:20:01",0.06138,7,sidharthsadani
4863,969714,[Deleted],"2017-10-04 07:15:43",0.06017,2,del=f93a7d9f9c00edee
4864,1085822,Martina,"2017-11-18 02:13:45",0.06007,7,sclmaomao
4865,985399,evanczopek,"2017-10-18 00:00:38",0.05918,2,evanczopek
4866,1006934,ForWriteOnR,"2017-11-29 19:48:41",0.05909,13,forwriteonr
4867,964043,"Kevin Hsu","2017-10-03 15:39:37",0.05855,1,chunhsienhsu
4868,975382,jasmin,"2017-10-08 23:27:01",0.05818,8,dianja14
4869,1036115,NikhilMishra,"2017-10-29 03:33:01",0.05735,8,nikhilmishradev
4870,1088289,harshi,"2017-11-14 06:29:15",0.05623,2,koolharshi
4871,970003,"Tommi Sisso","2017-10-10 08:34:53",0.05616,1,jackpontikka
4872,998842,Hasanen,"2017-10-17 10:10:45",0.05491,1,del=0ec5257ee46516fc
4873,1085395,anupa,"2017-11-12 08:12:20",0.05306,2,anupas
4874,982298,Mfula,"2017-11-26 17:25:59",0.05106,9,mfulomkhulu
4875,994085,xjfeng1218,"2017-10-30 06:36:27",0.05090,3,xjfeng1218
4876,1064254,"Sanjiv Patel","2017-11-10 17:39:26",0.05076,5,sanjivp
4877,1013000,"Nina Roth","2017-10-19 14:59:13",0.04787,1,ninaroth
4878,980336,MSUTPSanjuaneloDanny,"2017-11-29 03:20:51",0.04656,2,dwsanjuaneloc
4879,993217,"Rachel Long Yin Chan","2017-10-21 10:20:22",0.04589,1,rchan1995
4880,1067305,"Carlo Restelli","2017-11-05 18:17:26",0.04367,1,carlorestelli
4881,1066737,Lucidology,"2017-11-25 17:05:52",0.04362,9,lucidology
4882,1117126,"Konstantin P.","2017-11-24 06:44:18",0.04310,6,mangocoder
4883,964294,Susheel,"2017-10-06 04:19:09",0.04270,6,susheelg5
4884,975204,"Jatin Saini","2017-10-08 22:12:57",0.04159,2,jatinsaini214
4885,1010930,fafa,"2017-11-29 16:26:02",0.04107,9,fafa66644
4886,967865,"Shubhra Aich","2017-11-04 00:14:17",0.04073,2,shubhraaich
4887,1001370,"Alvin ","2017-11-28 15:12:25",0.03962,7,alvin963
4888,982884,ParthSharma,"2017-11-08 16:37:13",0.03954,12,sharmaparth17
4889,974136,"Tino Sibanda","2017-10-06 10:25:46",0.03908,1,tinozivashesibanda
4890,970258,Avijeet,"2017-10-05 08:50:48",0.03717,2,avijeet94
4891,1091285,AishwaryaSharma,"2017-11-17 22:47:33",0.03687,5,aishml
4892,1083747,"Nandhini Devi Palanisamy","2017-11-18 05:25:17",0.03633,22,nandhinidevip
4893,971442,Bigmakondo,"2017-10-08 17:22:44",0.03610,2,bigmakondo
4894,1111819,"Eric G","2017-11-21 16:21:46",0.03579,5,egolinko
4895,981117,"Pedro Hokama","2017-10-09 04:24:57",0.03578,2,pedrohokama
4896,1073859,ChristosGiorgosXanthopoulos,"2017-11-25 00:37:09",0.03496,3,cgxanth
4897,1060739,"Thomas Coquereau","2017-11-15 19:21:23",0.03398,12,cokral
4898,997308,Shant,"2017-11-19 05:58:59",0.03200,6,sepatau
4899,963891,chris,"2017-11-10 02:42:09",0.03101,5,chrisruffm
4900,1076688,"Mansi Garg","2017-11-15 21:44:54",0.02960,5,gargmansi
4901,962734,"Arash Norouzzadeh","2017-10-02 23:16:11",0.02959,4,arashnorouzz
4902,965695,DXCPoland,"2017-11-08 19:13:12",0.02959,2,rakoth
4903,988693,Aviroop,"2017-10-21 13:31:26",0.02926,1,aviroop
4904,991911,"Pradhumn Goyal","2017-10-25 19:09:19",0.02894,2,del=bf28d5cd8b663adc
4905,1095122,GLe2018,"2017-11-28 22:59:30",0.02849,4,gle2018
4906,1098270,"Danil Shashin","2017-11-18 08:49:50",0.02835,1,danilatj
4907,992190,WebAnalyst,"2017-11-02 23:13:43",0.02708,3,myvalidator
4908,1119829,"Oren Webster","2017-11-24 19:04:19",0.02649,2,eleaticus
4909,1030312,"Shane Fukino","2017-11-02 22:58:24",0.02619,3,fukinos
4910,981335,"Wafa Al G","2017-11-21 14:47:50",0.02507,11,walghallabi
4911,1009624,"Jingeol Ryu","2017-10-27 15:40:13",0.02467,2,jingeolryu
4912,1025779,anna,"2017-11-29 22:15:02",0.02459,11,pawpepe
4913,1054373,BrahmKiranSingh,"2017-11-02 17:22:50",0.02411,5,brahmkiran
4914,1002212,"Gautam Sharma","2017-10-21 22:38:32",0.02384,1,gautam7
4915,1045619,JohnnyWard,"2017-10-30 15:03:06",0.02301,2,johnnyw
4916,962643,petkovacs,"2017-10-17 07:53:07",0.02196,6,petkovacs
4917,1114391,Safeyya,"2017-11-20 15:21:41",0.02125,2,salshehhi4
4918,971682,"Sahil Dahiya","2017-10-04 19:59:44",0.02102,1,sahildahiya
4919,953470,Maria,"2017-10-01 22:10:08",0.02083,2,vio0vvm
4920,1000279,TylerBlume,"2017-10-15 01:52:19",0.02061,5,tblume
4921,1116568,"Fabiano Yoschitaki","2017-11-23 22:45:19",0.02014,6,fabianoyoschitaki
4922,965817,kyrcha,"2017-10-06 11:11:13",0.01945,1,kyrcha
4923,982973,"Michael Qian","2017-11-10 23:14:37",0.01904,5,michaelqian
4924,962289,SamWilliams,"2017-11-01 18:00:36",0.01896,4,samwilliams19
4925,1070890,"A very cool team name","2017-11-29 22:11:00",0.01869,24,"bayanhmdn,musabnaqeeb,watheqsayeh"
4926,1105237,"Rohini Banerjee","2017-11-22 11:43:27",0.01841,3,rohinibanerjee
4927,999314,humingtao,"2017-10-15 11:07:39",0.01779,1,humingtao
4928,1024222,"Bhavesh Vinod Oswal","2017-10-23 09:58:05",0.01704,1,bhaveshoswal
4929,968721,Beks,"2017-10-04 16:04:36",0.01675,1,beks01
4930,1070274,Dreamplanet,"2017-11-22 01:29:37",0.01668,1,dreamplanet
4931,1070052,"Nim J","2017-11-16 14:45:49",0.01656,2,namesj
4932,956226,AndréViana,"2017-10-03 01:51:29",0.01621,1,andreviana
4933,1030317,claytthegr8,"2017-11-02 22:28:02",0.01619,1,ckearl
4934,985081,Igor_Genrikhov,"2017-11-27 13:43:03",0.01598,2,igorgenrikhov
4935,1005761,Tortorelli,"2017-11-13 03:24:09",0.01589,3,mtortorelli
4936,1000769,mahool,"2017-11-21 20:20:26",0.01545,5,mahool
4937,984040,"Akshay Mewada","2017-10-10 13:11:50",0.01495,9,akshaymewada7
4938,971754,mm73,"2017-10-19 02:49:01",0.01488,16,mm1973
4939,977293,"Cassandra Quinn","2017-10-09 21:21:55",0.01462,1,cassiegq
4940,1118619,MB,"2017-11-24 16:49:25",0.01427,7,mbarake
4941,965584,Keerthivasan,"2017-11-27 03:50:27",0.01341,5,keerthi793
4942,1011791,qingli,"2017-11-07 12:36:11",0.01337,32,liqing324
4943,985564,CassiaCarvalho,"2017-10-20 18:41:17",0.01292,1,cassiacarv
4944,973243,Adam,"2017-11-04 12:49:42",0.01286,11,maxpayne10
4945,957414,PallabSarkar,"2017-10-03 04:50:22",0.01226,6,pallabs
4946,1083947,Huzaifa,"2017-11-15 04:20:25",0.01202,10,huzaifa
4947,965762,rorymo27,"2017-10-04 11:01:21",0.01085,1,rorymo27
4948,1104054,maybe,"2017-11-21 13:47:40",0.00976,1,qwj131
4949,960647,FakabbirAmin,"2017-10-03 03:38:14",0.00941,3,faamin
4950,967758,"Nir Morgulis","2017-10-06 13:33:40",0.00937,2,nirmorgo
4951,990323,"Bharath Varma","2017-10-11 12:50:14",0.00934,1,bharathvarma
4952,1050379,JiefuLi,"2017-10-30 23:05:42",0.00903,2,jiefuli
4953,966051,GCCL,"2017-10-03 23:48:04",0.00847,1,thegmax
4954,1055385,"Karthick Venkatesan","2017-11-11 12:17:56",0.00757,4,karthick7
4955,994554,Rashaw,"2017-10-12 21:19:02",0.00695,2,rdub405
4956,1096368,AritraSen,"2017-11-19 04:18:03",0.00688,1,aritrase
4957,965257,Oleksandr,"2017-11-17 14:45:24",0.00665,4,sansherbina
4958,1082743,"Aurélien BRUGER","2017-11-11 11:49:12",0.00659,1,aurelienbruger
4959,977082,"Naveen Chakravarthy","2017-10-06 12:57:05",0.00638,2,evilpanther
4960,1098119,"Shekhar Shiroor","2017-11-28 05:45:45",0.00637,2,shekharshiroor
4961,966804,testing123,"2017-10-03 14:44:56",0.00636,2,shauming
4962,1055550,Aditi,"2017-11-02 07:15:18",0.00633,2,aditibohra
4963,975234,RanvirMohanlal,"2017-10-08 16:41:06",0.00630,1,ranvir
4964,1051691,JZNRachel,"2017-11-03 04:14:32",0.00628,2,jznrachel
4965,1005313,"[Deleted] ef528083-8608-440f-871e-73cda9ff1386","2017-11-09 19:56:57",0.00626,5,del=16b99952a260aedf
4966,1117553,"Khaled Denfir","2017-11-22 09:35:54",0.00619,1,uctorius7
4967,1104359,"Gospodin Off","2017-11-18 13:09:33",0.00618,1,gospodinoff
4968,988758,MarkTselikov,"2017-10-25 10:29:59",0.00618,3,justuser
4969,1123317,dariakravchenko,"2017-11-23 20:52:16",0.00615,2,dariakravchenko
4970,979871,XinDu,"2017-10-07 16:35:58",0.00613,1,dosann
4971,982639,LionelCapo-chichi,"2017-10-12 08:57:58",0.00589,6,caplmb
4972,975763,"Daniel Silva","2017-10-30 02:07:25",0.00584,10,danielnsilva
4973,982494,"Michal Drygajlo","2017-10-18 19:02:49",0.00582,11,michaldrygajlo
4974,1026572,"Angadpreet Nagpal","2017-10-24 01:21:50",0.00564,5,angadp
4975,981302,faaaa123,"2017-11-18 16:36:30",0.00557,1,faaaa123
4976,1096718,"Umair Hanif","2017-11-21 13:04:36",0.00557,5,umairhanif00
4977,1000019,NADA,"2017-11-17 20:27:26",0.00555,1,nadaalhashmi
4978,1078878,MistyMoo,"2017-11-29 02:00:39",0.00547,3,alisonp
4979,1021236,Nishu,"2017-10-27 08:10:57",0.00544,2,nishu1193
4980,954676,"Vivek Karna","2017-09-30 17:15:56",0.00544,2,vivekka93
4981,1031755,D_H37,"2017-10-26 09:59:30",0.00542,4,darkhunter37
4982,1056384,"Ashok Davas","2017-11-16 13:55:47",0.00541,1,ashokdavas
4983,981068,ChristopherLo,"2017-10-08 16:22:48",0.00539,1,christopherlo
4984,1029050,Panayotis,"2017-10-26 13:25:03",0.00538,3,trapatsas
4985,973840,hang,"2017-10-05 12:39:25",0.00535,1,hangzhao
4986,960526,AdityaS,"2017-10-02 13:53:43",0.00531,2,adityas
4987,1015613,tchiboukdjian.alain,"2017-11-17 13:14:28",0.00529,3,alaintchiboukdjian
4988,1078819,Nayan,"2017-11-10 08:52:11",0.00529,2,nayan123
4989,989668,SantoWatson,"2017-10-11 02:20:16",0.00527,1,santowatson
4990,991157,fire_noob,"2017-10-15 14:50:02",0.00527,2,ienoob
4991,970248,"John Olafenwa","2017-10-06 12:43:57",0.00525,1,johnolafenwa
4992,1019859,"Karan Thakkar","2017-10-25 20:15:21",0.00524,2,thakkark1313
4993,979387,"Leonid Voloshyn","2017-11-08 22:02:53",0.00523,2,del=882f83473da1181a
4994,1033572,"Rodrigo Miike","2017-10-29 00:42:13",0.00522,2,rodrigomiike
4995,992600,PhilippeGrangier,"2017-10-15 23:13:22",0.00519,1,philippegr
4996,955347,gunanR,"2017-10-01 09:38:24",0.00519,3,gunan24
4997,1086188,"Natural Stupidity II","2017-11-13 12:46:45",0.00519,2,"arnavvijayakar,thepulkit13,warp07"
4998,1069968,sperate69,"2017-11-07 13:14:38",0.00519,3,sperate69
4999,1002695,SarahOh,"2017-10-18 14:19:43",0.00519,3,sarahoh
5000,1117397,"Arthur Liu","2017-11-21 09:32:55",0.00518,2,arthurliucn
5001,985812,heinrich,"2017-10-11 05:36:40",0.00516,2,heinrich
5002,1045844,JulianoNegri,"2017-11-02 20:43:37",0.00514,2,julianonegri
5003,954142,"Roman Mozil","2017-09-30 00:16:25",0.00512,1,del=31266933b85a2395
5004,956129,"Vivek Yadav","2017-09-30 16:59:46",0.00512,1,vivekyadavofficial
5005,956259,"Dolotov Evgeniy","2017-09-30 17:46:58",0.00512,1,dolotovevgeniy
5006,956368,"Vikram Jha","2017-09-30 18:31:53",0.00512,1,invinciblejha
5007,963460,Destin,"2017-10-03 00:43:33",0.00512,1,destin369y
5008,964126,"Akhil Chilakala","2017-10-03 03:02:19",0.00512,1,akhilchilakala
5009,966034,SaiReddy,"2017-10-03 10:24:41",0.00512,1,leda77
5010,965320,priyankbindal,"2017-10-03 15:22:06",0.00512,1,bindalpr
5011,966065,data_hornies,"2017-10-03 17:03:11",0.00512,1,"datasmnt,vedanthshetty"
5012,966592,ShubhankarBanerjee,"2017-10-09 07:20:27",0.00512,3,shubhrockzz1
5013,966789,"Ranjeet Singh Harsh","2017-10-04 10:56:04",0.00512,1,ranjeetsinghharsh
5014,971761,"Kostya Bahshetsyan","2017-10-04 18:52:53",0.00512,1,kostyabahshetsyan
5015,954618,"Akshay Nevrekar","2017-10-05 05:06:43",0.00512,1,sociopath00
5016,971881,weedjy,"2017-10-05 14:36:01",0.00512,2,weedjy
5017,975757,D2i,"2017-10-05 23:04:48",0.00512,1,"aromeira,rmaciel"
5018,979340,"Boyan Angelov","2017-10-07 10:57:14",0.00512,2,boyanangelov
5019,979493,"Amol Sharma","2017-10-07 15:49:52",0.00512,1,amolsharma99
5020,964509,graphnet,"2017-10-08 15:19:42",0.00512,2,prasannahegde
5021,954892,Toyoshi,"2017-10-08 16:40:26",0.00512,4,del=e3d45abba01b6eb6
5022,962972,Monfilier,"2017-10-08 23:29:11",0.00512,1,monfilier
5023,981198,misora192,"2017-10-09 03:27:40",0.00512,1,misora192
5024,967734,StarsingChow,"2017-10-09 07:51:45",0.00512,1,starsingchow
5025,984878,[Deleted],"2017-10-09 12:37:13",0.00512,1,del=a41298eac5a22091
5026,985480,"Dan Cracan","2017-10-09 16:22:40",0.00512,1,danciac
5027,985432,Overfiteam,"2017-10-09 16:26:39",0.00512,1,"benbattino,reupiey,tbneuron"
5028,977537,RookiePavel,"2017-10-09 16:51:40",0.00512,1,davidserrano
5029,985539,danielhsu,"2017-10-09 16:58:06",0.00512,1,danielhsu719
5030,986324,Heros,"2017-10-09 22:29:41",0.00512,1,herossa
5031,973405,lazylemmings,"2017-10-10 09:12:21",0.00512,1,tsvvladimir95
5032,988639,SiddharthTiwari,"2017-10-10 19:02:47",0.00512,1,siddharth5mn
5033,990167,"Tinu Joy","2017-10-11 07:51:24",0.00512,1,tinutjoy
5034,963795,"凯镇 李","2017-10-11 15:05:30",0.00512,1,likaizhen
5035,986005,PracticalResearch,"2017-10-12 00:29:22",0.00512,1,rubyhills
5036,992817,JasonW,"2017-10-12 03:07:34",0.00512,1,ningweiw
5037,993677,"Yongli Peng","2017-10-12 13:13:36",0.00512,2,"pressyourluck,qq381921418"
5038,995874,Integrator,"2017-10-13 06:00:02",0.00512,1,integrator
5039,969295,"Amir Erfan Eshratifar","2017-10-14 01:52:12",0.00512,1,erfaneshrati
5040,1001878,lidv,"2017-10-15 17:16:56",0.00512,1,dlishmanov
5041,1002768,"[BCC] Mário Augusto Filho","2017-10-16 01:59:53",0.00512,1,marioaugusto
5042,966738,"Yair Beer","2017-10-16 07:46:27",0.00512,1,mrbeer
5043,1004666,"Antoine Didishiem","2017-10-16 15:50:36",0.00512,1,armandspenser
5044,1007485,runbotic,"2017-10-17 14:12:57",0.00512,1,runbotic
5045,1008239,"Jon Nagra","2017-10-17 20:14:38",0.00512,2,jonnagra
5046,994444,HuizhongCui,"2017-10-17 20:36:44",0.00512,1,hzhcui
5047,1010204,"Daniel Nehemiah","2017-10-18 18:48:25",0.00512,1,danielnehemiah
5048,1006876,TempletonT,"2017-10-19 10:15:38",0.00512,1,templetontsai
5049,1012944,Yuliak,"2017-10-19 12:29:37",0.00512,1,yuuhik
5050,1012620,Siavash,"2017-10-20 12:46:27",0.00512,1,siavashh
5051,1018980,RajeshTilwani,"2017-10-21 15:09:27",0.00512,1,rtilwanii
5052,1004324,bushang,"2017-10-21 21:08:09",0.00512,1,bushang
5053,958154,Gandalf1977,"2017-10-22 04:04:37",0.00512,3,stefanotrepin
5054,1005826,"Aram Muzh","2017-10-21 22:44:06",0.00512,1,arammuzh
5055,990103,"Jiaxing Shang","2017-10-22 14:36:03",0.00512,1,jiaxingshang
5056,953989,emacer65,"2017-10-23 17:23:08",0.00512,1,del=88d01f5159fc65e0
5057,1029261,"vishal sharma","2017-10-24 15:48:19",0.00512,1,vishvicky
5058,1030410,"Martin Ball","2017-10-25 00:02:06",0.00512,1,posiedon
5059,1031977,vaibhavjain,"2017-10-25 12:37:36",0.00512,1,kingjoffrey
5060,1032301,Komaki,"2017-10-26 00:30:27",0.00512,2,ckomaki
5061,1037376,Kuber@IITB,"2017-10-29 20:47:20",0.00512,2,kuberiitb
5062,1048198,blazed,"2017-10-30 07:20:13",0.00512,1,blazed
5063,1048592,Yasar,"2017-10-30 09:53:17",0.00512,1,yasarc4
5064,1048467,rr,"2017-10-30 11:07:21",0.00512,1,raghvendra1983
5065,1048842,rocky,"2017-10-30 11:43:44",0.00512,1,ycr0123
5066,1002875,"Ankur Joshi","2017-11-02 02:07:13",0.00512,1,joshiankur
5067,1056711,"Mark Cerritelli","2017-11-02 15:45:13",0.00512,1,cerritelli
5068,997969,"Steve Bronder","2017-11-03 21:29:23",0.00512,1,sbronder
5069,1065958,"Taha Fahim","2017-11-04 22:10:41",0.00512,1,mtahafahim
5070,1015398,"Koji Nakashima","2017-11-05 10:31:19",0.00512,1,koji0000
5071,1068049,"Aashiq Dheeraj","2017-11-05 22:36:55",0.00512,1,aashiqdheeraj
5072,1072925,NRC,"2017-11-07 13:22:31",0.00512,1,irosario
5073,1073115,"Fizza hassan","2017-11-07 15:55:25",0.00512,1,fizzahassan
5074,1070553,Saad,"2017-11-07 16:05:56",0.00512,1,saad96
5075,1078168,"Aditya Panidepu","2017-11-09 04:43:26",0.00512,3,adityapn
5076,1029224,tariqanwar,"2017-11-09 09:20:30",0.00512,1,tariqph
5077,1075844,"Saad Naeem","2017-11-10 20:04:30",0.00512,1,saadnaeem11
5078,1082731,"Umar Malik","2017-11-11 06:41:11",0.00512,1,malik16
5079,983975,team11,"2017-11-14 20:05:39",0.00512,2,"bommanchi,gautamnaidu"
5080,990964,gonetc99,"2017-11-15 09:03:24",0.00512,2,gonetc99
5081,989441,"Issam MOALLA","2017-11-18 12:31:21",0.00512,2,issammoalla
5082,985515,XIII,"2017-11-15 14:22:33",0.00512,2,magnus7
5083,1085597,"Teel Jiang","2017-11-16 03:13:32",0.00512,1,tjiang23
5084,1101696,"Biju Sasidharan","2017-11-16 19:02:24",0.00512,1,bijusasidharan
5085,1096379,ClaireFu,"2017-11-17 03:14:09",0.00512,2,clairefu
5086,968932,DataDhaba,"2017-11-17 05:13:31",0.00512,1,srir4ghu
5087,1113193,"Andrew Zimdars","2017-11-21 05:54:14",0.00512,1,azimdars
5088,1001722,"Sachin Nagargoje","2017-11-21 11:09:01",0.00512,1,snagargoje
5089,1093181,"Eugene Sidorov","2017-11-21 13:38:02",0.00512,1,bloory
5090,1109655,udaykrizna,"2017-11-21 13:54:06",0.00512,1,udaykrizna
5091,1119983,"Roberto Sanchez","2017-11-21 23:05:24",0.00512,1,robertosanchez
5092,1050842,Kiwi,"2017-11-21 23:14:47",0.00512,1,engenious
5093,1085794,BatuhanU,"2017-11-22 02:40:46",0.00512,1,batuhanu
5094,965545,parthasarathykrishnamurthy,"2017-11-22 05:35:12",0.00512,1,sarathy
5095,967120,TomM,"2017-11-22 11:33:46",0.00512,1,tommontroy
5096,966694,"abderrahmane ED-DAOUDY","2017-11-26 12:58:03",0.00512,2,abderrahmaneedd
5097,1122770,lenia,"2017-11-22 16:51:03",0.00512,1,lenia91
5098,1122630,ShreejaSingh,"2017-11-22 17:06:46",0.00512,1,shreejasingh
5099,1121742,"Saurabh Singh","2017-11-22 18:15:11",0.00512,1,saurabh09
5100,1123572,mhicv,"2017-11-22 23:47:10",0.00512,1,mhidxc
5101,1041645,siddharthvashishth,"2017-11-23 03:04:08",0.00512,1,siddharthvashishth
5102,1029500,LyAhmedTidiane,"2017-11-24 23:03:06",0.00512,2,del=1bf97cae0b9f7e2a
5103,1109198,"Alexander Nichiporenko","2017-11-25 22:45:47",0.00512,2,alexnich
5104,1106130,"Adarsh S","2017-11-27 15:19:58",0.00512,1,mandan
5105,1026262,heaven,"2017-11-28 19:17:20",0.00512,1,heaven
5106,1111524,"Wan Cong","2017-11-29 15:56:43",0.00512,2,wancong
5107,1050345,Dilshod,"2017-11-06 10:17:36",0.00512,2,dilshod
5108,1011782,"Alexandre Santana","2017-10-19 03:03:30",0.00512,1,alexsan
5109,986919,ArjunMylavarapu,"2017-10-10 04:54:37",0.00504,1,marjun
5110,1052484,"Sunil Nair","2017-11-11 14:53:45",0.00501,1,suneelnair1
5111,975578,"Nitin Agarwal","2017-11-13 20:21:56",0.00441,2,mnitin3
5112,1103406,"Treva Winlock","2017-11-27 03:44:09",0.00430,1,twinlock
5113,974079,임다운,"2017-10-12 11:29:44",0.00345,1,dawoon
5114,963366,zildaz,"2017-10-30 21:14:46",0.00338,1,markpud
5115,1049162,LeaB,"2017-10-30 14:04:37",0.00336,1,del=341b39c5c0c87ca1
5116,962241,adropintheocean,"2017-10-02 21:11:29",0.00288,1,zacharysbrown
5117,981052,"Quy Dinh","2017-11-22 23:47:16",0.00246,3,dvquys
5118,993396,A.I.B,"2017-11-16 10:18:58",0.00088,2,"apoorvparmar007,kdeswal"
5119,973280,YusukeOi,"2017-10-07 00:37:03",0.00017,3,yusukeoi
5120,1072724,ernestyalumni,"2017-11-09 11:19:40",0.00016,5,ernestyalumni
5121,986832,YanniHu,"2017-11-14 05:44:56",0.00001,1,yanihu
5122,964331,thomasyoung1,"2017-10-04 07:32:12",-0.00010,2,thomasyoung1
5123,977273,"Prakash Yenugandula","2017-10-06 13:59:19",-0.00070,1,yprakash
5124,978424,Abhilash,"2017-10-09 07:59:31",-0.00228,1,abhilashm
5125,1045482,"Himanshu S Sethi","2017-11-26 06:47:47",-0.00456,7,himanshusekhar
5126,965269,"Vladislav Grechko ","2017-10-22 16:41:07",-0.00799,2,vladislavgrechko
5127,992440,"Normando Ali Zubia Hernandez","2017-11-10 00:37:27",-0.00832,2,del=489515e5fd9882fa
5128,986344,"Luis Henrique Muniz de Carvalho","2017-10-10 03:23:53",-0.01060,1,bulinha
5129,1014144,"Nicholas Low","2017-11-01 08:07:35",-0.01285,2,nlow2492
5130,1015843,"Pavel Karas","2017-10-28 17:15:03",-0.01353,5,pavelpervi
5131,1050923,BruinRisk,"2017-10-31 03:50:20",-0.01406,3,bruinrisk
5132,985474,"Pondering Panda","2017-10-12 15:41:38",-0.02002,1,xanderhorn
5133,979417,AinaNurmagombetova,"2017-10-07 13:29:43",-0.02375,1,anurmago
5134,963560,"Maksat Haytmyradov","2017-11-02 21:48:16",-0.02571,1,mhaytmyr
5135,963892,foxhunt14,"2017-10-03 19:13:28",-0.02673,1,foxhunt14
5136,964829,sabaresh,"2017-11-27 10:03:54",-0.02754,3,sabaresh
5137,969949,"Lukas Stolz","2017-10-04 08:48:15",-0.02963,1,lukasstolz
5138,966709,"Oussama Gh","2017-10-06 15:26:17",-0.03477,1,oussghan
5139,964309,"Sany Mathew","2017-10-03 04:43:45",-0.03481,1,sanymathew
5140,976930,jeeperscreepers,"2017-10-22 04:30:26",-0.03735,2,jeeperscreepers
5141,967565,StevenJongerden,"2017-10-03 17:12:05",-0.03875,1,embreon
5142,985551,"Brian Xi Liu","2017-10-17 23:22:46",-0.03923,1,xeeliu
5143,979089,SauravSharma,"2017-10-31 07:58:56",-0.04703,4,lordstanza
5144,957432,YunYang,"2017-10-02 02:51:36",-0.04731,1,cloudyang
5145,953810,"Thúlio Costa","2017-10-14 17:32:52",-0.05707,4,thulio
5146,958967,AnnieCecile,"2017-10-03 22:07:51",-0.06265,1,anniececile
5147,1123003,UdiE,"2017-11-29 17:08:08",-0.06849,1,ehudeilon
5148,999751,"luis orbezo hoyos","2017-10-24 03:29:58",-0.10943,1,luisorbezo
5149,962797,soondaah0,"2017-11-12 22:36:03",-0.11567,6,soondaah0
5150,1122708,ModelagemBrasil,"2017-11-26 00:02:16",-0.23050,1,"fabiopedroso,lisandrorodrigues"
5151,1079635,"Walter Gonçalves","2017-11-13 16:39:02",-0.23129,1,walterjgsp
5152,965394,VictorAlmeida,"2017-11-14 12:37:50",-0.23844,5,kgvalmeida
5153,990422,nlykhh,"2017-10-11 07:46:12",-0.24634,1,nlykhh
5154,1017837,darlington,"2017-11-29 14:56:59",-0.24778,2,darlington120
5155,1085199,agenright,"2017-11-11 21:36:06",-0.24876,1,agenright
5156,1086481,"Dex De Guzman","2017-11-12 08:08:58",-0.24963,1,mdeguzman827
